{
  "returned_dict": {
    "loss": 0.01995082142618238,
    "r2": 0.9862933872408425,
    "status": "ok",
    "start_time": 1768164743.293032,
    "duration": 11.995843172073364
  },
  "current_params": {
    "N": 500,
    "sr": 0.16077344385110437,
    "lr": 0.25856609067440495,
    "input_scaling": 1.0,
    "ridge": 0.3138601468632683,
    "seed": 1234
  }
}