{
  "returned_dict": {
    "loss": 0.020902140194362977,
    "r2": 0.9849531150782305,
    "status": "ok",
    "start_time": 1768164796.554494,
    "duration": 5.970026969909668
  },
  "current_params": {
    "N": 250,
    "sr": 0.09733819599365097,
    "lr": 0.1305740047667887,
    "input_scaling": 1.0,
    "ridge": 0.019419434917040505,
    "seed": 1234
  }
}