{
  "returned_dict": {
    "loss": 0.020789196428114998,
    "r2": 0.9851172076181196,
    "status": "ok",
    "start_time": 1768164771.851152,
    "duration": 5.5363359451293945
  },
  "current_params": {
    "N": 250,
    "sr": 0.2725966233965069,
    "lr": 0.8937059719567243,
    "input_scaling": 1.0,
    "ridge": 0.029779287929838395,
    "seed": 1234
  }
}