{
  "returned_dict": {
    "loss": 0.022443729786561846,
    "r2": 0.9826442378649058,
    "status": "ok",
    "start_time": 1768164785.323223,
    "duration": 4.628774881362915
  },
  "current_params": {
    "N": 150,
    "sr": 0.26291138593840835,
    "lr": 0.9554430043065589,
    "input_scaling": 1.0,
    "ridge": 2.7936656243994133,
    "seed": 1234
  }
}