{
  "returned_dict": {
    "loss": 0.021179288908941527,
    "r2": 0.9845470344938997,
    "status": "ok",
    "start_time": 1768164372.6274939,
    "duration": 4.2685041427612305
  },
  "current_params": {
    "N": 150,
    "sr": 0.28443905596414815,
    "lr": 0.5870126927307187,
    "input_scaling": 1.0,
    "ridge": 0.02697514475099916,
    "seed": 1234
  }
}