{
  "returned_dict": {
    "loss": 0.020925398795502422,
    "r2": 0.9849240609168326,
    "status": "ok",
    "start_time": 1768164710.993265,
    "duration": 12.51449704170227
  },
  "current_params": {
    "N": 500,
    "sr": 0.040541535749001746,
    "lr": 0.10735390204350793,
    "input_scaling": 1.0,
    "ridge": 0.5583024799007446,
    "seed": 1234
  }
}