{
  "returned_dict": {
    "loss": 0.02325100146544986,
    "r2": 0.9813841521284701,
    "status": "ok",
    "start_time": 1768164411.79121,
    "duration": 11.387034177780151
  },
  "current_params": {
    "N": 500,
    "sr": 0.09645093257458594,
    "lr": 0.3977346626886525,
    "input_scaling": 1.0,
    "ridge": 53.08171461634385,
    "seed": 1234
  }
}