{
  "returned_dict": {
    "loss": 0.02036294921701235,
    "r2": 0.9857216100399494,
    "status": "ok",
    "start_time": 1768164774.5779579,
    "duration": 6.120463132858276
  },
  "current_params": {
    "N": 250,
    "sr": 0.4475061646993477,
    "lr": 0.19740539853492028,
    "input_scaling": 1.0,
    "ridge": 0.6826409345669858,
    "seed": 1234
  }
}