{
  "returned_dict": {
    "loss": 0.020110751684769744,
    "r2": 0.9860746443162618,
    "status": "ok",
    "start_time": 1768164434.107208,
    "duration": 12.136573076248169
  },
  "current_params": {
    "N": 500,
    "sr": 0.1988228571634828,
    "lr": 0.8721564756003239,
    "input_scaling": 1.0,
    "ridge": 0.039242436092184786,
    "seed": 1234
  }
}