{
  "returned_dict": {
    "loss": 0.023062712785815214,
    "r2": 0.9816846098959473,
    "status": "ok",
    "start_time": 1768164711.3142579,
    "duration": 4.572389125823975
  },
  "current_params": {
    "N": 150,
    "sr": 0.01307993191554441,
    "lr": 0.19115422083436914,
    "input_scaling": 1.0,
    "ridge": 0.14940840554230075,
    "seed": 1234
  }
}