{
  "returned_dict": {
    "loss": 0.021478304403736517,
    "r2": 0.9841068268929698,
    "status": "ok",
    "start_time": 1768164359.835223,
    "duration": 6.650275230407715
  },
  "current_params": {
    "N": 250,
    "sr": 0.07803915372354436,
    "lr": 0.2404480315854106,
    "input_scaling": 1.0,
    "ridge": 0.16071201881162472,
    "seed": 1234
  }
}