{
  "returned_dict": {
    "loss": 0.02194643480977192,
    "r2": 0.9833953892241271,
    "status": "ok",
    "start_time": 1768164698.8192189,
    "duration": 6.387819051742554
  },
  "current_params": {
    "N": 250,
    "sr": 0.024506281377201813,
    "lr": 0.2929011006978587,
    "input_scaling": 1.0,
    "ridge": 0.014969767772748324,
    "seed": 1234
  }
}