{
  "returned_dict": {
    "loss": 0.023917222100128005,
    "r2": 0.9803035308464247,
    "status": "ok",
    "start_time": 1768164751.612928,
    "duration": 6.328042984008789
  },
  "current_params": {
    "N": 250,
    "sr": 0.10210628471458906,
    "lr": 0.7499027431139256,
    "input_scaling": 1.0,
    "ridge": 25.382039012424595,
    "seed": 1234
  }
}