{
  "returned_dict": {
    "loss": 0.021155801254128515,
    "r2": 0.9845738725089876,
    "status": "ok",
    "start_time": 1768164831.533657,
    "duration": 12.177402973175049
  },
  "current_params": {
    "N": 500,
    "sr": 0.049666418859881295,
    "lr": 0.7134189995400013,
    "input_scaling": 1.0,
    "ridge": 0.15695480094674188,
    "seed": 1234
  }
}