{
  "returned_dict": {
    "loss": 0.022820185214928117,
    "r2": 0.9820533978517219,
    "status": "ok",
    "start_time": 1768164839.5899022,
    "duration": 4.964238882064819
  },
  "current_params": {
    "N": 250,
    "sr": 0.0370750504120236,
    "lr": 0.7888543028750806,
    "input_scaling": 1.0,
    "ridge": 0.0871742997585949,
    "seed": 1234
  }
}