{
  "returned_dict": {
    "loss": 0.020675955466728884,
    "r2": 0.985270620594654,
    "status": "ok",
    "start_time": 1768164354.97209,
    "duration": 12.80945110321045
  },
  "current_params": {
    "N": 500,
    "sr": 0.06562318236263223,
    "lr": 0.7135149436247039,
    "input_scaling": 1.0,
    "ridge": 0.08624976957027769,
    "seed": 1234
  }
}