{
  "returned_dict": {
    "loss": 0.02280729804281664,
    "r2": 0.9820894047421802,
    "status": "ok",
    "start_time": 1768164428.9878871,
    "duration": 5.399181842803955
  },
  "current_params": {
    "N": 250,
    "sr": 0.1708511631678531,
    "lr": 0.11024288033006506,
    "input_scaling": 1.0,
    "ridge": 34.40193298149841,
    "seed": 1234
  }
}