{
  "returned_dict": {
    "loss": 0.02006465702824866,
    "r2": 0.9861387270195486,
    "status": "ok",
    "start_time": 1768164470.77299,
    "duration": 11.779997825622559
  },
  "current_params": {
    "N": 500,
    "sr": 0.3997083162651169,
    "lr": 0.1119344345780079,
    "input_scaling": 1.0,
    "ridge": 0.08672425979619794,
    "seed": 1234
  }
}