{
  "returned_dict": {
    "loss": 0.024521807984429028,
    "r2": 0.9792946544427025,
    "status": "ok",
    "start_time": 1768164432.9502962,
    "duration": 4.452456951141357
  },
  "current_params": {
    "N": 150,
    "sr": 0.04005763131343072,
    "lr": 0.3784575868046432,
    "input_scaling": 1.0,
    "ridge": 6.296566266821449,
    "seed": 1234
  }
}