{
  "returned_dict": {
    "loss": 0.025282585150113557,
    "r2": 0.9779919565436146,
    "status": "ok",
    "start_time": 1768164705.150059,
    "duration": 5.936215162277222
  },
  "current_params": {
    "N": 250,
    "sr": 0.025108247729595374,
    "lr": 0.10170967574190223,
    "input_scaling": 1.0,
    "ridge": 14.050685404271755,
    "seed": 1234
  }
}