{
  "returned_dict": {
    "loss": 0.021856950588944973,
    "r2": 0.9835508635948212,
    "status": "ok",
    "start_time": 1768164705.050213,
    "duration": 13.375483989715576
  },
  "current_params": {
    "N": 500,
    "sr": 0.059560283744694,
    "lr": 0.1942352746096753,
    "input_scaling": 1.0,
    "ridge": 5.3700955838654005,
    "seed": 1234
  }
}