{
  "returned_dict": {
    "loss": 0.020179697459967345,
    "r2": 0.9859784214737761,
    "status": "ok",
    "start_time": 1768164374.557353,
    "duration": 12.00774598121643
  },
  "current_params": {
    "N": 500,
    "sr": 0.8050053935154596,
    "lr": 0.1953969759674528,
    "input_scaling": 1.0,
    "ridge": 1.1487579155594088,
    "seed": 1234
  }
}