{
  "returned_dict": {
    "loss": 0.022728392948088816,
    "r2": 0.9822109511926536,
    "status": "ok",
    "start_time": 1768164461.993076,
    "duration": 4.501494884490967
  },
  "current_params": {
    "N": 150,
    "sr": 0.1740665891308123,
    "lr": 0.30026580301182365,
    "input_scaling": 1.0,
    "ridge": 11.110414272863386,
    "seed": 1234
  }
}