{
  "returned_dict": {
    "loss": 0.0207254424062362,
    "r2": 0.9851906924527405,
    "status": "ok",
    "start_time": 1768164837.428071,
    "duration": 10.497748851776123
  },
  "current_params": {
    "N": 500,
    "sr": 0.6770137989040182,
    "lr": 0.3139905634341502,
    "input_scaling": 1.0,
    "ridge": 0.03447209304093685,
    "seed": 1234
  }
}