{
  "returned_dict": {
    "loss": 0.024714838913923558,
    "r2": 0.9789665910994924,
    "status": "ok",
    "start_time": 1768164367.048859,
    "duration": 4.624411106109619
  },
  "current_params": {
    "N": 150,
    "sr": 0.02193743954939861,
    "lr": 0.8416278892412591,
    "input_scaling": 1.0,
    "ridge": 2.109815889629021,
    "seed": 1234
  }
}