{
  "returned_dict": {
    "loss": 0.021894296103200546,
    "r2": 0.9834898055064507,
    "status": "ok",
    "start_time": 1768164780.592821,
    "duration": 4.932751178741455
  },
  "current_params": {
    "N": 150,
    "sr": 0.011812053925766366,
    "lr": 0.10125811400637055,
    "input_scaling": 1.0,
    "ridge": 0.016092802005299018,
    "seed": 1234
  }
}