{
  "returned_dict": {
    "loss": 0.024118340330328704,
    "r2": 0.9799703104024763,
    "status": "ok",
    "start_time": 1768164445.294776,
    "duration": 5.667353868484497
  },
  "current_params": {
    "N": 250,
    "sr": 0.04187193391277147,
    "lr": 0.4871526273529868,
    "input_scaling": 1.0,
    "ridge": 6.6317090130939444,
    "seed": 1234
  }
}