{
  "returned_dict": {
    "loss": 0.022849980908190848,
    "r2": 0.9820210604523381,
    "status": "ok",
    "start_time": 1768164401.10891,
    "duration": 4.577599048614502
  },
  "current_params": {
    "N": 150,
    "sr": 0.08425559137671466,
    "lr": 0.24271102039434916,
    "input_scaling": 1.0,
    "ridge": 3.6162053548197743,
    "seed": 1234
  }
}