{
  "returned_dict": {
    "loss": 0.02005718020092248,
    "r2": 0.9861476119061674,
    "status": "ok",
    "start_time": 1768164466.705982,
    "duration": 12.589850187301636
  },
  "current_params": {
    "N": 500,
    "sr": 0.9033040515269536,
    "lr": 0.2579740383412752,
    "input_scaling": 1.0,
    "ridge": 14.953009259343043,
    "seed": 1234
  }
}