{
  "returned_dict": {
    "loss": 0.020167579595623014,
    "r2": 0.9859942878754268,
    "status": "ok",
    "start_time": 1768164469.987083,
    "duration": 12.395643949508667
  },
  "current_params": {
    "N": 500,
    "sr": 0.35272916111606584,
    "lr": 0.7335953132154199,
    "input_scaling": 1.0,
    "ridge": 9.072476958833755,
    "seed": 1234
  }
}