{
  "returned_dict": {
    "loss": 0.022600230718406326,
    "r2": 0.9824088993755449,
    "status": "ok",
    "start_time": 1768164763.906521,
    "duration": 5.4735376834869385
  },
  "current_params": {
    "N": 250,
    "sr": 0.3674922707539441,
    "lr": 0.6238997893290734,
    "input_scaling": 1.0,
    "ridge": 60.82866025394397,
    "seed": 1234
  }
}