{
  "returned_dict": {
    "loss": 0.020330100030660807,
    "r2": 0.9857677436789443,
    "status": "ok",
    "start_time": 1768164425.597247,
    "duration": 12.226266145706177
  },
  "current_params": {
    "N": 500,
    "sr": 0.35011990197912174,
    "lr": 0.4990232542088396,
    "input_scaling": 1.0,
    "ridge": 22.486448813423795,
    "seed": 1234
  }
}