{
  "returned_dict": {
    "loss": 0.020018059652100198,
    "r2": 0.9862014674263093,
    "status": "ok",
    "start_time": 1768164398.776733,
    "duration": 12.996532917022705
  },
  "current_params": {
    "N": 500,
    "sr": 0.6387137827392843,
    "lr": 0.9540489998360031,
    "input_scaling": 1.0,
    "ridge": 16.14743411092328,
    "seed": 1234
  }
}