{
  "returned_dict": {
    "loss": 0.02461756117935434,
    "r2": 0.979132753941127,
    "status": "ok",
    "start_time": 1768164376.769055,
    "duration": 5.31738018989563
  },
  "current_params": {
    "N": 250,
    "sr": 0.07416416646095116,
    "lr": 0.9825972946112147,
    "input_scaling": 1.0,
    "ridge": 36.87305023108769,
    "seed": 1234
  }
}