{
  "returned_dict": {
    "loss": 0.02104331876714883,
    "r2": 0.9847468295477121,
    "status": "ok",
    "start_time": 1768164424.134712,
    "duration": 6.286813974380493
  },
  "current_params": {
    "N": 250,
    "sr": 0.1628734723360684,
    "lr": 0.6331138450536407,
    "input_scaling": 1.0,
    "ridge": 0.089993528992975,
    "seed": 1234
  }
}