{
  "returned_dict": {
    "loss": 0.023137594884346236,
    "r2": 0.9815614530451547,
    "status": "ok",
    "start_time": 1768164731.714329,
    "duration": 4.3878631591796875
  },
  "current_params": {
    "N": 150,
    "sr": 0.3142071322221414,
    "lr": 0.7776648882093442,
    "input_scaling": 1.0,
    "ridge": 37.478876083754294,
    "seed": 1234
  }
}