{
  "returned_dict": {
    "loss": 0.022226497394514787,
    "r2": 0.9829784982533992,
    "status": "ok",
    "start_time": 1768164809.83009,
    "duration": 5.770817041397095
  },
  "current_params": {
    "N": 250,
    "sr": 0.05410242975949038,
    "lr": 0.346359764164714,
    "input_scaling": 1.0,
    "ridge": 0.2258530361589695,
    "seed": 1234
  }
}