{
  "returned_dict": {
    "loss": 0.020501508324201036,
    "r2": 0.9855255193779893,
    "status": "ok",
    "start_time": 1768164371.734815,
    "duration": 5.9983251094818115
  },
  "current_params": {
    "N": 250,
    "sr": 0.6198998677224927,
    "lr": 0.13811762091737034,
    "input_scaling": 1.0,
    "ridge": 1.644919216307171,
    "seed": 1234
  }
}