{
  "returned_dict": {
    "loss": 0.02304254780968347,
    "r2": 0.9817151449740631,
    "status": "ok",
    "start_time": 1768164464.1751082,
    "duration": 11.61000394821167
  },
  "current_params": {
    "N": 500,
    "sr": 0.12770491278713073,
    "lr": 0.45092302260684886,
    "input_scaling": 1.0,
    "ridge": 75.72869394383478,
    "seed": 1234
  }
}