{
  "returned_dict": {
    "loss": 0.02297025711480013,
    "r2": 0.9818296203835644,
    "status": "ok",
    "start_time": 1768164705.2270029,
    "duration": 4.773224115371704
  },
  "current_params": {
    "N": 150,
    "sr": 0.21364941755036077,
    "lr": 0.5071838062681643,
    "input_scaling": 1.0,
    "ridge": 13.271381209008233,
    "seed": 1234
  }
}