{
  "returned_dict": {
    "loss": 0.025349089975707895,
    "r2": 0.9778737157952946,
    "status": "ok",
    "start_time": 1768164361.327296,
    "duration": 4.85060715675354
  },
  "current_params": {
    "N": 150,
    "sr": 0.034020439741603244,
    "lr": 0.9314860973817521,
    "input_scaling": 1.0,
    "ridge": 13.031776284459845,
    "seed": 1234
  }
}