{
  "returned_dict": {
    "loss": 0.025922548115312333,
    "r2": 0.976863091133431,
    "status": "ok",
    "start_time": 1768164762.073796,
    "duration": 4.114124774932861
  },
  "current_params": {
    "N": 150,
    "sr": 0.018828505956270378,
    "lr": 0.9096624041101694,
    "input_scaling": 1.0,
    "ridge": 15.978525656493694,
    "seed": 1234
  }
}