{
  "returned_dict": {
    "loss": 0.023378676986250128,
    "r2": 0.9811790372930268,
    "status": "ok",
    "start_time": 1768164388.700187,
    "duration": 12.78688097000122
  },
  "current_params": {
    "N": 500,
    "sr": 0.07108274207913089,
    "lr": 0.4486741260867256,
    "input_scaling": 1.0,
    "ridge": 29.509545933023734,
    "seed": 1234
  }
}