{
  "returned_dict": {
    "loss": 0.020409082323795995,
    "r2": 0.9856453359174913,
    "status": "ok",
    "start_time": 1768164819.949147,
    "duration": 11.583231925964355
  },
  "current_params": {
    "N": 500,
    "sr": 0.04931575911975724,
    "lr": 0.13300555350982463,
    "input_scaling": 1.0,
    "ridge": 0.014581017833874063,
    "seed": 1234
  }
}