{
  "returned_dict": {
    "loss": 0.025238511778000884,
    "r2": 0.9780675345601623,
    "status": "ok",
    "start_time": 1768164343.086445,
    "duration": 13.034416913986206
  },
  "current_params": {
    "N": 500,
    "sr": 0.015429601005519732,
    "lr": 0.9454147019347433,
    "input_scaling": 1.0,
    "ridge": 11.080485964481515,
    "seed": 1234
  }
}