{
  "returned_dict": {
    "loss": 0.025057609871318436,
    "r2": 0.9783794919426068,
    "status": "ok",
    "start_time": 1768164382.9365702,
    "duration": 4.674700736999512
  },
  "current_params": {
    "N": 150,
    "sr": 0.09487856132145964,
    "lr": 0.46011269148847095,
    "input_scaling": 1.0,
    "ridge": 66.44970055250354,
    "seed": 1234
  }
}