{
  "returned_dict": {
    "loss": 0.02084929038961373,
    "r2": 0.9850304501019309,
    "status": "ok",
    "start_time": 1768164773.707835,
    "duration": 5.960061073303223
  },
  "current_params": {
    "N": 250,
    "sr": 0.2356094634209955,
    "lr": 0.10287330341201428,
    "input_scaling": 1.0,
    "ridge": 0.6565561101151538,
    "seed": 1234
  }
}