{
  "returned_dict": {
    "loss": 0.02181526785484973,
    "r2": 0.9836129738503739,
    "status": "ok",
    "start_time": 1768164397.6823611,
    "duration": 5.300756931304932
  },
  "current_params": {
    "N": 250,
    "sr": 0.02306730293984055,
    "lr": 0.17248243359186044,
    "input_scaling": 1.0,
    "ridge": 0.09943752434754662,
    "seed": 1234
  }
}