{
  "returned_dict": {
    "loss": 0.020051287821493347,
    "r2": 0.9861560602184299,
    "status": "ok",
    "start_time": 1768164740.753772,
    "duration": 12.12225890159607
  },
  "current_params": {
    "N": 500,
    "sr": 0.855980407586345,
    "lr": 0.3944959538590117,
    "input_scaling": 1.0,
    "ridge": 53.96260247628889,
    "seed": 1234
  }
}