{
  "returned_dict": {
    "loss": 0.02345704571705387,
    "r2": 0.9810538216162094,
    "status": "ok",
    "start_time": 1768164343.1027231,
    "duration": 5.879158973693848
  },
  "current_params": {
    "N": 250,
    "sr": 0.2323260488552255,
    "lr": 0.5555998961735653,
    "input_scaling": 1.0,
    "ridge": 74.13766946115152,
    "seed": 1234
  }
}