{
  "returned_dict": {
    "loss": 0.021401312265199056,
    "r2": 0.9842203711203036,
    "status": "ok",
    "start_time": 1768164812.573733,
    "duration": 12.255153894424438
  },
  "current_params": {
    "N": 500,
    "sr": 0.10223108399470565,
    "lr": 0.8119929225283055,
    "input_scaling": 1.0,
    "ridge": 2.2309804374351234,
    "seed": 1234
  }
}