{
  "returned_dict": {
    "loss": 0.021073494270764444,
    "r2": 0.984698072248624,
    "status": "ok",
    "start_time": 1768164480.411486,
    "duration": 4.696207046508789
  },
  "current_params": {
    "N": 150,
    "sr": 0.25220983629346905,
    "lr": 0.39374299499100895,
    "input_scaling": 1.0,
    "ridge": 0.3710875394804828,
    "seed": 1234
  }
}