{
  "returned_dict": {
    "loss": 0.023212437209581736,
    "r2": 0.9814469428434173,
    "status": "ok",
    "start_time": 1768164373.704515,
    "duration": 5.867575168609619
  },
  "current_params": {
    "N": 250,
    "sr": 0.028868750146182877,
    "lr": 0.10899650092737546,
    "input_scaling": 1.0,
    "ridge": 1.6573333803330086,
    "seed": 1234
  }
}