{
  "returned_dict": {
    "loss": 0.022170676981810144,
    "r2": 0.9830510113844454,
    "status": "ok",
    "start_time": 1768164765.709475,
    "duration": 5.1294379234313965
  },
  "current_params": {
    "N": 250,
    "sr": 0.03211934702763844,
    "lr": 0.38911313872212494,
    "input_scaling": 1.0,
    "ridge": 0.023999201396425817,
    "seed": 1234
  }
}