{
  "returned_dict": {
    "loss": 0.022249399778904288,
    "r2": 0.9829550097206603,
    "status": "ok",
    "start_time": 1768164434.860366,
    "duration": 6.352027893066406
  },
  "current_params": {
    "N": 250,
    "sr": 0.06570012848173325,
    "lr": 0.16505493986718522,
    "input_scaling": 1.0,
    "ridge": 2.2554073616448247,
    "seed": 1234
  }
}