{
  "returned_dict": {
    "loss": 0.022124994364706514,
    "r2": 0.9831209759867259,
    "status": "ok",
    "start_time": 1768164711.889089,
    "duration": 5.121042966842651
  },
  "current_params": {
    "N": 250,
    "sr": 0.0649791046489694,
    "lr": 0.6516589805395807,
    "input_scaling": 1.0,
    "ridge": 0.04654699829785964,
    "seed": 1234
  }
}