{
  "returned_dict": {
    "loss": 0.02009369631568686,
    "r2": 0.9860974893044666,
    "status": "ok",
    "start_time": 1768164754.9573271,
    "duration": 12.19784665107727
  },
  "current_params": {
    "N": 500,
    "sr": 0.36220553407875467,
    "lr": 0.43901895937870433,
    "input_scaling": 1.0,
    "ridge": 13.06127033427845,
    "seed": 1234
  }
}