{
  "returned_dict": {
    "loss": 0.02127141189283406,
    "r2": 0.9844106790824452,
    "status": "ok",
    "start_time": 1768164434.6862028,
    "duration": 5.146518230438232
  },
  "current_params": {
    "N": 250,
    "sr": 0.16671516019733953,
    "lr": 0.43115072171854946,
    "input_scaling": 1.0,
    "ridge": 0.4438575241741342,
    "seed": 1234
  }
}