{
  "returned_dict": {
    "loss": 0.020524446355838166,
    "r2": 0.9854940485356037,
    "status": "ok",
    "start_time": 1768164382.849,
    "duration": 5.848060131072998
  },
  "current_params": {
    "N": 250,
    "sr": 0.7163497307877631,
    "lr": 0.24979180936649878,
    "input_scaling": 1.0,
    "ridge": 0.15988023101946514,
    "seed": 1234
  }
}