{
  "returned_dict": {
    "loss": 0.021318139914181446,
    "r2": 0.9843427968167997,
    "status": "ok",
    "start_time": 1768164703.074174,
    "duration": 13.15832805633545
  },
  "current_params": {
    "N": 500,
    "sr": 0.018190431896729708,
    "lr": 0.29902322853456825,
    "input_scaling": 1.0,
    "ridge": 0.08084206458302164,
    "seed": 1234
  }
}