{
  "returned_dict": {
    "loss": 0.025752983427372082,
    "r2": 0.9771644818140743,
    "status": "ok",
    "start_time": 1768164824.3477361,
    "duration": 5.550615072250366
  },
  "current_params": {
    "N": 250,
    "sr": 0.014778778653755707,
    "lr": 0.3593037171073675,
    "input_scaling": 1.0,
    "ridge": 16.15247761870704,
    "seed": 1234
  }
}