{
  "returned_dict": {
    "loss": 0.020014015607724995,
    "r2": 0.9862075750657814,
    "status": "ok",
    "start_time": 1768164343.1008441,
    "duration": 11.997931003570557
  },
  "current_params": {
    "N": 500,
    "sr": 0.8737678255441983,
    "lr": 0.7818458248486393,
    "input_scaling": 1.0,
    "ridge": 12.987752032221335,
    "seed": 1234
  }
}