{
  "returned_dict": {
    "loss": 0.024903765873898944,
    "r2": 0.9786454139595786,
    "status": "ok",
    "start_time": 1768164469.281237,
    "duration": 12.613624095916748
  },
  "current_params": {
    "N": 500,
    "sr": 0.01251402287837586,
    "lr": 0.1286122366963714,
    "input_scaling": 1.0,
    "ridge": 5.02600035196775,
    "seed": 1234
  }
}