{
  "returned_dict": {
    "loss": 0.025083412046723062,
    "r2": 0.9783362415322658,
    "status": "ok",
    "start_time": 1768164744.781952,
    "duration": 3.9260730743408203
  },
  "current_params": {
    "N": 150,
    "sr": 0.031309715827585564,
    "lr": 0.172449668157581,
    "input_scaling": 1.0,
    "ridge": 9.63955800443422,
    "seed": 1234
  }
}