{
  "returned_dict": {
    "loss": 0.021699799116512892,
    "r2": 0.9837871567549572,
    "status": "ok",
    "start_time": 1768164366.490945,
    "duration": 5.917177677154541
  },
  "current_params": {
    "N": 250,
    "sr": 0.0678601482896807,
    "lr": 0.11005611393234721,
    "input_scaling": 1.0,
    "ridge": 0.9461571529374717,
    "seed": 1234
  }
}