{
  "returned_dict": {
    "loss": 0.020632381968930167,
    "r2": 0.9853365637926765,
    "status": "ok",
    "start_time": 1768164449.950298,
    "duration": 12.87202000617981
  },
  "current_params": {
    "N": 500,
    "sr": 0.9564082829412547,
    "lr": 0.13854660514080203,
    "input_scaling": 1.0,
    "ridge": 0.6208439495041242,
    "seed": 1234
  }
}