{
  "returned_dict": {
    "loss": 0.022704799854599004,
    "r2": 0.9822496390636205,
    "status": "ok",
    "start_time": 1768164459.812961,
    "duration": 4.946963787078857
  },
  "current_params": {
    "N": 150,
    "sr": 0.04121640841837633,
    "lr": 0.3967136936243654,
    "input_scaling": 1.0,
    "ridge": 0.010696897274684914,
    "seed": 1234
  }
}