{
  "returned_dict": {
    "loss": 0.020525082391579647,
    "r2": 0.9854943515998048,
    "status": "ok",
    "start_time": 1768164838.981674,
    "duration": 4.993385076522827
  },
  "current_params": {
    "N": 250,
    "sr": 0.8287404668782176,
    "lr": 0.5648890048236662,
    "input_scaling": 1.0,
    "ridge": 1.4568892802267064,
    "seed": 1234
  }
}