{
  "returned_dict": {
    "loss": 0.022052842009952757,
    "r2": 0.9832466592935291,
    "status": "ok",
    "start_time": 1768164710.009182,
    "duration": 4.376495122909546
  },
  "current_params": {
    "N": 150,
    "sr": 0.1859673232376185,
    "lr": 0.35774980083891705,
    "input_scaling": 1.0,
    "ridge": 1.725157072610234,
    "seed": 1234
  }
}