{
  "returned_dict": {
    "loss": 0.020649230228062126,
    "r2": 0.9853184698150994,
    "status": "ok",
    "start_time": 1768164448.808445,
    "duration": 6.0573410987854
  },
  "current_params": {
    "N": 250,
    "sr": 0.9511872174350003,
    "lr": 0.3597240116487694,
    "input_scaling": 1.0,
    "ridge": 22.713231298233396,
    "seed": 1234
  }
}