{
  "returned_dict": {
    "loss": 0.01984761273837487,
    "r2": 0.9864370063391339,
    "status": "ok",
    "start_time": 1768171797.738679,
    "duration": 13.211966037750244
  },
  "current_params": {
    "N": 500,
    "sr": 0.39971570970373627,
    "lr": 0.514015765931941,
    "input_scaling": 1.0,
    "ridge": 0.414471216686826,
    "seed": 1234
  }
}