{
  "returned_dict": {
    "loss": 0.01990681296129232,
    "r2": 0.9863555058499358,
    "status": "ok",
    "start_time": 1768171792.164522,
    "duration": 14.979398250579834
  },
  "current_params": {
    "N": 500,
    "sr": 0.3132908382577879,
    "lr": 0.7227030952845251,
    "input_scaling": 1.0,
    "ridge": 0.43979945812912213,
    "seed": 1234
  }
}