{
  "returned_dict": {
    "loss": 0.019910086074957152,
    "r2": 0.9863508242203345,
    "status": "ok",
    "start_time": 1768171784.8671381,
    "duration": 12.934233665466309
  },
  "current_params": {
    "N": 500,
    "sr": 0.23068444296833635,
    "lr": 0.5562390097319283,
    "input_scaling": 1.0,
    "ridge": 0.43854760572275214,
    "seed": 1234
  }
}