{
  "returned_dict": {
    "loss": 0.019979741163297978,
    "r2": 0.9862554471424978,
    "status": "ok",
    "start_time": 1768171778.6852028,
    "duration": 14.53912615776062
  },
  "current_params": {
    "N": 500,
    "sr": 0.5536168118145484,
    "lr": 0.6250038687722137,
    "input_scaling": 1.0,
    "ridge": 0.5583944842257085,
    "seed": 1234
  }
}