{
  "returned_dict": {
    "loss": 0.01982512978750846,
    "r2": 0.9864674754848146,
    "status": "ok",
    "start_time": 1768171785.3427489,
    "duration": 13.222180128097534
  },
  "current_params": {
    "N": 500,
    "sr": 0.30612878375025754,
    "lr": 0.4884896868678435,
    "input_scaling": 1.0,
    "ridge": 0.5275231024001954,
    "seed": 1234
  }
}