{
  "returned_dict": {
    "loss": 0.019910875244851783,
    "r2": 0.9863498461970233,
    "status": "ok",
    "start_time": 1768171812.6591842,
    "duration": 9.533930778503418
  },
  "current_params": {
    "N": 500,
    "sr": 0.30061102272952817,
    "lr": 0.7109705212816585,
    "input_scaling": 1.0,
    "ridge": 0.5551188958762021,
    "seed": 1234
  }
}