{
  "returned_dict": {
    "loss": 0.019911384890901322,
    "r2": 0.9863490192647932,
    "status": "ok",
    "start_time": 1768171778.6849642,
    "duration": 13.438348770141602
  },
  "current_params": {
    "N": 500,
    "sr": 0.23022672350392437,
    "lr": 0.5465622949905771,
    "input_scaling": 1.0,
    "ridge": 0.4648943651640477,
    "seed": 1234
  }
}