{
  "returned_dict": {
    "loss": 0.019814481293629345,
    "r2": 0.9864822328249774,
    "status": "ok",
    "start_time": 1768171800.784759,
    "duration": 12.632718086242676
  },
  "current_params": {
    "N": 500,
    "sr": 0.37790963372690606,
    "lr": 0.4521410113543813,
    "input_scaling": 1.0,
    "ridge": 0.566111893530359,
    "seed": 1234
  }
}