{
  "returned_dict": {
    "loss": 0.019819850719063274,
    "r2": 0.9864745915631176,
    "status": "ok",
    "start_time": 1768171792.099006,
    "duration": 15.421710014343262
  },
  "current_params": {
    "N": 500,
    "sr": 0.27928721016002206,
    "lr": 0.40863643234545277,
    "input_scaling": 1.0,
    "ridge": 0.47748760933420903,
    "seed": 1234
  }
}