{
  "returned_dict": {
    "loss": 0.019985232467441695,
    "r2": 0.9862480395825379,
    "status": "ok",
    "start_time": 1768171799.97054,
    "duration": 12.524976968765259
  },
  "current_params": {
    "N": 500,
    "sr": 0.5391142155615516,
    "lr": 0.5486082394132525,
    "input_scaling": 1.0,
    "ridge": 0.4342045909283873,
    "seed": 1234
  }
}