{
  "returned_dict": {
    "loss": 0.021519058180395168,
    "r2": 0.9840412609194942,
    "status": "ok",
    "start_time": 1768171796.964457,
    "duration": 5.0234599113464355
  },
  "current_params": {
    "N": 150,
    "sr": 0.2387680371572241,
    "lr": 0.5660952330406037,
    "input_scaling": 1.0,
    "ridge": 0.4254816367895188,
    "seed": 1234
  }
}