{
  "returned_dict": {
    "loss": 0.020430475987660505,
    "r2": 0.9856268398687391,
    "status": "ok",
    "start_time": 1768171806.70452,
    "duration": 6.059936046600342
  },
  "current_params": {
    "N": 250,
    "sr": 0.3827968332905581,
    "lr": 0.4063728085856455,
    "input_scaling": 1.0,
    "ridge": 0.5900025518931282,
    "seed": 1234
  }
}