{
  "returned_dict": {
    "loss": 0.02115854604146937,
    "r2": 0.9845731643042767,
    "status": "ok",
    "start_time": 1768171791.226785,
    "duration": 5.73352313041687
  },
  "current_params": {
    "N": 150,
    "sr": 0.4016683357906731,
    "lr": 0.5870890711295415,
    "input_scaling": 1.0,
    "ridge": 0.5018009559611019,
    "seed": 1234
  }
}