{
  "returned_dict": {
    "loss": 0.02079909616420747,
    "r2": 0.9851018753661857,
    "status": "ok",
    "start_time": 1768171793.3241081,
    "duration": 6.6415369510650635
  },
  "current_params": {
    "N": 250,
    "sr": 0.3125545351651395,
    "lr": 0.7032415851630994,
    "input_scaling": 1.0,
    "ridge": 0.4280184234629268,
    "seed": 1234
  }
}