{
  "returned_dict": {
    "loss": 0.021239297614155505,
    "r2": 0.9844550356354504,
    "status": "ok",
    "start_time": 1768171786.334097,
    "duration": 4.882036924362183
  },
  "current_params": {
    "N": 150,
    "sr": 0.41518769194375926,
    "lr": 0.6521326167267232,
    "input_scaling": 1.0,
    "ridge": 0.548958544689397,
    "seed": 1234
  }
}