{
  "returned_dict": {
    "loss": 0.021850024228161728,
    "r2": 0.9835464528460923,
    "status": "ok",
    "start_time": 1768171804.998296,
    "duration": 5.135862112045288
  },
  "current_params": {
    "N": 150,
    "sr": 0.24122567307575912,
    "lr": 0.7595369329558352,
    "input_scaling": 1.0,
    "ridge": 0.5062671857140575,
    "seed": 1234
  }
}