{
  "returned_dict": {
    "loss": 0.0200328137006845,
    "r2": 0.9861815582855218,
    "status": "ok",
    "start_time": 1768171778.6847491,
    "duration": 14.029546022415161
  },
  "current_params": {
    "N": 500,
    "sr": 0.22180126056735464,
    "lr": 0.7865957283319652,
    "input_scaling": 1.0,
    "ridge": 0.5446155531383021,
    "seed": 1234
  }
}