{
  "returned_dict": {
    "loss": 0.02156269055413576,
    "r2": 0.9839764564733672,
    "status": "ok",
    "start_time": 1768171792.7499871,
    "duration": 4.9784979820251465
  },
  "current_params": {
    "N": 150,
    "sr": 0.21322959053323445,
    "lr": 0.48614405941083627,
    "input_scaling": 1.0,
    "ridge": 0.450566901871116,
    "seed": 1234
  }
}