{
  "returned_dict": {
    "loss": 0.021255270255018548,
    "r2": 0.9844312614445696,
    "status": "ok",
    "start_time": 1768171810.956156,
    "duration": 4.499981880187988
  },
  "current_params": {
    "N": 150,
    "sr": 0.44452334959603806,
    "lr": 0.6814687456537019,
    "input_scaling": 1.0,
    "ridge": 0.41786137610448437,
    "seed": 1234
  }
}