{
  "returned_dict": {
    "loss": 0.020720542301421313,
    "r2": 0.9852147618041599,
    "status": "ok",
    "start_time": 1768171807.1501482,
    "duration": 6.244154930114746
  },
  "current_params": {
    "N": 250,
    "sr": 0.33974041789717446,
    "lr": 0.6881557980844986,
    "input_scaling": 1.0,
    "ridge": 0.4136452305743841,
    "seed": 1234
  }
}