{
  "returned_dict": {
    "loss": 0.02057988812347168,
    "r2": 0.9854144950735633,
    "status": "ok",
    "start_time": 1768171778.685846,
    "duration": 6.6014368534088135
  },
  "current_params": {
    "N": 250,
    "sr": 0.496489900845193,
    "lr": 0.6197405634510916,
    "input_scaling": 1.0,
    "ridge": 0.5439420277803989,
    "seed": 1234
  }
}