{
  "returned_dict": {
    "loss": 0.020531089695668827,
    "r2": 0.9854845137317042,
    "status": "ok",
    "start_time": 1768171809.7934709,
    "duration": 5.004298210144043
  },
  "current_params": {
    "N": 250,
    "sr": 0.32392463816352274,
    "lr": 0.40603724804351954,
    "input_scaling": 1.0,
    "ridge": 0.5591943524220901,
    "seed": 1234
  }
}