{
  "returned_dict": {
    "loss": 0.021236628059312913,
    "r2": 0.9844592843126854,
    "status": "ok",
    "start_time": 1768171778.6846972,
    "duration": 6.256871938705444
  },
  "current_params": {
    "N": 150,
    "sr": 0.28608046258405245,
    "lr": 0.517105878661466,
    "input_scaling": 1.0,
    "ridge": 0.4838877918846785,
    "seed": 1234
  }
}