{
  "returned_dict": {
    "loss": 0.02071765112911196,
    "r2": 0.985218657297583,
    "status": "ok",
    "start_time": 1768171793.275608,
    "duration": 5.721699953079224
  },
  "current_params": {
    "N": 250,
    "sr": 0.36880930959242547,
    "lr": 0.6887107562318834,
    "input_scaling": 1.0,
    "ridge": 0.5236484218969043,
    "seed": 1234
  }
}