{
  "returned_dict": {
    "loss": 0.020528218908727212,
    "r2": 0.985488705493722,
    "status": "ok",
    "start_time": 1768171803.630651,
    "duration": 6.4697630405426025
  },
  "current_params": {
    "N": 250,
    "sr": 0.3158061223066622,
    "lr": 0.4117059143665169,
    "input_scaling": 1.0,
    "ridge": 0.4887057587580735,
    "seed": 1234
  }
}