{
  "returned_dict": {
    "loss": 0.02134320610871064,
    "r2": 0.9843011903911213,
    "status": "ok",
    "start_time": 1768171804.554873,
    "duration": 5.219052076339722
  },
  "current_params": {
    "N": 150,
    "sr": 0.23441508617486664,
    "lr": 0.4297218000355576,
    "input_scaling": 1.0,
    "ridge": 0.5076203964147924,
    "seed": 1234
  }
}