{
  "returned_dict": {
    "loss": 0.02085649932657057,
    "r2": 0.9850177875417743,
    "status": "ok",
    "start_time": 1768171778.684611,
    "duration": 6.243604898452759
  },
  "current_params": {
    "N": 250,
    "sr": 0.24768303470375475,
    "lr": 0.5527859714938067,
    "input_scaling": 1.0,
    "ridge": 0.4071678245317297,
    "seed": 1234
  }
}