{
  "returned_dict": {
    "loss": 0.021467334267016486,
    "r2": 0.9841186324592434,
    "status": "ok",
    "start_time": 1768171778.679887,
    "duration": 6.149562835693359
  },
  "current_params": {
    "N": 150,
    "sr": 0.32391288743211194,
    "lr": 0.7253100905597107,
    "input_scaling": 1.0,
    "ridge": 0.5307138305235809,
    "seed": 1234
  }
}