{
  "returned_dict": {
    "loss": 0.020855087231171656,
    "r2": 0.9850201514387205,
    "status": "ok",
    "start_time": 1768171778.684056,
    "duration": 6.992248773574829
  },
  "current_params": {
    "N": 250,
    "sr": 0.25671451188834304,
    "lr": 0.5874983447746216,
    "input_scaling": 1.0,
    "ridge": 0.41048534083916716,
    "seed": 1234
  }
}