{
  "returned_dict": {
    "loss": 0.02066077141436135,
    "r2": 0.9852997636332141,
    "status": "ok",
    "start_time": 1768171778.6845791,
    "duration": 7.602191925048828
  },
  "current_params": {
    "N": 250,
    "sr": 0.42357192752428335,
    "lr": 0.6702791957520938,
    "input_scaling": 1.0,
    "ridge": 0.5921476338903456,
    "seed": 1234
  }
}