{
  "returned_dict": {
    "loss": 0.021759927126547014,
    "r2": 0.9836815296317702,
    "status": "ok",
    "start_time": 1768171798.5719502,
    "duration": 4.970623970031738
  },
  "current_params": {
    "N": 150,
    "sr": 0.2678441746119689,
    "lr": 0.783089051379214,
    "input_scaling": 1.0,
    "ridge": 0.5485184227012762,
    "seed": 1234
  }
}