{
  "returned_dict": {
    "loss": 0.02146888766328412,
    "r2": 0.9841164855641382,
    "status": "ok",
    "start_time": 1768171807.5306041,
    "duration": 5.121283054351807
  },
  "current_params": {
    "N": 150,
    "sr": 0.3428915103168403,
    "lr": 0.7662559943803384,
    "input_scaling": 1.0,
    "ridge": 0.5043549689675636,
    "seed": 1234
  }
}