{
  "returned_dict": {
    "loss": 0.020516152607934462,
    "r2": 0.9855054012326372,
    "status": "ok",
    "start_time": 1768171791.082241,
    "duration": 6.465517044067383
  },
  "current_params": {
    "N": 250,
    "sr": 0.4168110802392935,
    "lr": 0.554464927530414,
    "input_scaling": 1.0,
    "ridge": 0.5030291225457575,
    "seed": 1234
  }
}