{
  "returned_dict": {
    "loss": 0.021031313945930993,
    "r2": 0.9847564210059703,
    "status": "ok",
    "start_time": 1768171810.138665,
    "duration": 4.04670524597168
  },
  "current_params": {
    "N": 150,
    "sr": 0.4185718641961725,
    "lr": 0.4860934801802182,
    "input_scaling": 1.0,
    "ridge": 0.5226110081026515,
    "seed": 1234
  }
}