{
  "returned_dict": {
    "loss": 0.02040606279086225,
    "r2": 0.9856604820856344,
    "status": "ok",
    "start_time": 1768171810.103793,
    "duration": 4.609219074249268
  },
  "current_params": {
    "N": 250,
    "sr": 0.5353124542816718,
    "lr": 0.44083815284024264,
    "input_scaling": 1.0,
    "ridge": 0.5007499486220238,
    "seed": 1234
  }
}