{
  "returned_dict": {
    "loss": 0.021232245234271398,
    "r2": 0.9844645200420572,
    "status": "ok",
    "start_time": 1768171801.990904,
    "duration": 4.703356981277466
  },
  "current_params": {
    "N": 150,
    "sr": 0.4601885253406864,
    "lr": 0.6586275936790825,
    "input_scaling": 1.0,
    "ridge": 0.47659315298888505,
    "seed": 1234
  }
}