{
  "returned_dict": {
    "loss": 0.021209224810093484,
    "r2": 0.9844997148513472,
    "status": "ok",
    "start_time": 1768171803.07165,
    "duration": 4.672732830047607
  },
  "current_params": {
    "N": 150,
    "sr": 0.37994046636324275,
    "lr": 0.6276005434474162,
    "input_scaling": 1.0,
    "ridge": 0.4139328542659652,
    "seed": 1234
  }
}