{
  "returned_dict": {
    "loss": 0.020021355814284242,
    "r2": 0.9861977912550735,
    "status": "ok",
    "start_time": 1768171778.6853492,
    "duration": 14.58596682548523
  },
  "current_params": {
    "N": 500,
    "sr": 0.5809926724057797,
    "lr": 0.7428758472970951,
    "input_scaling": 1.0,
    "ridge": 0.548436715627618,
    "seed": 1234
  }
}