{
  "returned_dict": {
    "loss": 0.021156192108542696,
    "r2": 0.9845811552891384,
    "status": "ok",
    "start_time": 1768171795.368497,
    "duration": 5.411509037017822
  },
  "current_params": {
    "N": 250,
    "sr": 0.22079729269097512,
    "lr": 0.6599512009451455,
    "input_scaling": 1.0,
    "ridge": 0.4823836000254387,
    "seed": 1234
  }
}