{
  "returned_dict": {
    "loss": 0.020958815317610312,
    "r2": 0.9848701910669749,
    "status": "ok",
    "start_time": 1768171784.990674,
    "duration": 6.084818124771118
  },
  "current_params": {
    "N": 250,
    "sr": 0.28188162049937804,
    "lr": 0.7121888264493447,
    "input_scaling": 1.0,
    "ridge": 0.5543345660596197,
    "seed": 1234
  }
}