{
  "returned_dict": {
    "loss": 0.020417848671127593,
    "r2": 0.9856447868848879,
    "status": "ok",
    "start_time": 1768171789.577234,
    "duration": 5.783936977386475
  },
  "current_params": {
    "N": 250,
    "sr": 0.37358420719293467,
    "lr": 0.44070003100896216,
    "input_scaling": 1.0,
    "ridge": 0.41901323048321937,
    "seed": 1234
  }
}