{
  "returned_dict": {
    "loss": 0.02104035269203245,
    "r2": 0.9847470420280636,
    "status": "ok",
    "start_time": 1768171799.007166,
    "duration": 4.618556976318359
  },
  "current_params": {
    "N": 150,
    "sr": 0.32766489837846224,
    "lr": 0.4830731145769905,
    "input_scaling": 1.0,
    "ridge": 0.4159427867692462,
    "seed": 1234
  }
}