{
  "returned_dict": {
    "loss": 0.021691835046370796,
    "r2": 0.983783870572324,
    "status": "ok",
    "start_time": 1768171813.398966,
    "duration": 3.8100669384002686
  },
  "current_params": {
    "N": 150,
    "sr": 0.26494539827625674,
    "lr": 0.7653096388250257,
    "input_scaling": 1.0,
    "ridge": 0.42760816488975834,
    "seed": 1234
  }
}