{
  "returned_dict": {
    "loss": 0.021104659418418763,
    "r2": 0.9846507542371545,
    "status": "ok",
    "start_time": 1768171784.981011,
    "duration": 4.588869094848633
  },
  "current_params": {
    "N": 150,
    "sr": 0.41745771270550425,
    "lr": 0.5415715372592397,
    "input_scaling": 1.0,
    "ridge": 0.5606442124315099,
    "seed": 1234
  }
}