{
  "returned_dict": {
    "loss": 0.020718586184445848,
    "r2": 0.9852158487050039,
    "status": "ok",
    "start_time": 1768171812.502163,
    "duration": 4.993597030639648
  },
  "current_params": {
    "N": 250,
    "sr": 0.2575549990829121,
    "lr": 0.4105086312828529,
    "input_scaling": 1.0,
    "ridge": 0.5009157201067351,
    "seed": 1234
  }
}