{
  "returned_dict": {
    "loss": 0.020533812108318346,
    "r2": 0.9854809186945751,
    "status": "ok",
    "start_time": 1768171807.753665,
    "duration": 6.133793115615845
  },
  "current_params": {
    "N": 250,
    "sr": 0.3364665172301633,
    "lr": 0.4813130910322737,
    "input_scaling": 1.0,
    "ridge": 0.457558253406822,
    "seed": 1234
  }
}