{
  "returned_dict": {
    "loss": 0.020592946789964685,
    "r2": 0.9853968586219404,
    "status": "ok",
    "start_time": 1768171797.557285,
    "duration": 5.504914999008179
  },
  "current_params": {
    "N": 250,
    "sr": 0.32651312061505094,
    "lr": 0.5209053397519673,
    "input_scaling": 1.0,
    "ridge": 0.45201581986914086,
    "seed": 1234
  }
}