{
  "returned_dict": {
    "loss": 0.020770200635521086,
    "r2": 0.9851412837067419,
    "status": "ok",
    "start_time": 1768171785.735371,
    "duration": 6.354255676269531
  },
  "current_params": {
    "N": 250,
    "sr": 0.24912106282468077,
    "lr": 0.4020464718796826,
    "input_scaling": 1.0,
    "ridge": 0.550339260264183,
    "seed": 1234
  }
}