{
  "returned_dict": {
    "loss": 0.02001131392526244,
    "r2": 0.9862120934681791,
    "status": "ok",
    "start_time": 1768171812.769526,
    "duration": 9.309522867202759
  },
  "current_params": {
    "N": 500,
    "sr": 0.5697424130944427,
    "lr": 0.4893673460608004,
    "input_scaling": 1.0,
    "ridge": 0.4928979929066449,
    "seed": 1234
  }
}