{
  "returned_dict": {
    "loss": 0.020693695753137183,
    "r2": 0.9852517808568517,
    "status": "ok",
    "start_time": 1768171799.034496,
    "duration": 5.935100793838501
  },
  "current_params": {
    "N": 250,
    "sr": 0.575402595143769,
    "lr": 0.7508791283317416,
    "input_scaling": 1.0,
    "ridge": 0.5312174117466818,
    "seed": 1234
  }
}