{
  "returned_dict": {
    "loss": 0.018189347334887487,
    "r2": 0.9870489002102902,
    "status": "ok",
    "start_time": 1768162662.44397,
    "duration": 5.938658237457275
  },
  "current_params": {
    "N": 250,
    "sr": 0.3262711780748036,
    "lr": 0.4217109002863586,
    "input_scaling": 1.0,
    "ridge": 0.4572825631336109,
    "seed": 1234
  }
}