{
  "returned_dict": {
    "loss": 0.019937574805459393,
    "r2": 0.9863135180888399,
    "status": "ok",
    "start_time": 1768163723.003642,
    "duration": 11.516343832015991
  },
  "current_params": {
    "N": 500,
    "sr": 0.5415055055713484,
    "lr": 0.130048117858597,
    "input_scaling": 1.0,
    "ridge": 8.504602347545543,
    "seed": 1234
  }
}