{
  "returned_dict": {
    "loss": 0.019455796934634468,
    "r2": 0.9851668974729313,
    "status": "ok",
    "start_time": 1768162684.016948,
    "duration": 6.129457950592041
  },
  "current_params": {
    "N": 250,
    "sr": 1.4232484123092743,
    "lr": 0.7138122224485728,
    "input_scaling": 1.0,
    "ridge": 1.1649497565443228e-07,
    "seed": 1234
  }
}