{
  "returned_dict": {
    "loss": 0.01813536229077674,
    "r2": 0.9871253412860737,
    "status": "ok",
    "start_time": 1768162679.802745,
    "duration": 6.033996105194092
  },
  "current_params": {
    "N": 250,
    "sr": 0.18022909517554656,
    "lr": 0.2103605261660479,
    "input_scaling": 1.0,
    "ridge": 0.010992151862706726,
    "seed": 1234
  }
}