{
  "returned_dict": {
    "loss": 0.019669482179972615,
    "r2": 0.9848330795689011,
    "status": "ok",
    "start_time": 1768162667.323945,
    "duration": 5.416841983795166
  },
  "current_params": {
    "N": 150,
    "sr": 0.24456713543548084,
    "lr": 0.014297775983881208,
    "input_scaling": 1.0,
    "ridge": 0.0057025544548413645,
    "seed": 1234
  }
}