{
  "returned_dict": {
    "loss": 0.01993495877569186,
    "r2": 0.9863175030339288,
    "status": "ok",
    "start_time": 1768163039.322071,
    "duration": 12.366446733474731
  },
  "current_params": {
    "N": 500,
    "sr": 0.40569915938743706,
    "lr": 0.03488740047548017,
    "input_scaling": 1.0,
    "ridge": 0.5225758036341196,
    "seed": 1234
  }
}