{
  "returned_dict": {
    "loss": 0.01875466103075598,
    "r2": 0.986228057116563,
    "status": "ok",
    "start_time": 1768162709.234345,
    "duration": 5.938236236572266
  },
  "current_params": {
    "N": 250,
    "sr": 0.12077359762994741,
    "lr": 0.03453168207571195,
    "input_scaling": 1.0,
    "ridge": 0.04269246158779031,
    "seed": 1234
  }
}