{
  "returned_dict": {
    "loss": 0.019897048597991424,
    "r2": 0.9863692990616922,
    "status": "ok",
    "start_time": 1768163716.494433,
    "duration": 12.937278985977173
  },
  "current_params": {
    "N": 500,
    "sr": 0.501820729767457,
    "lr": 0.21907397862789335,
    "input_scaling": 1.0,
    "ridge": 0.9891629341198047,
    "seed": 1234
  }
}