{
  "returned_dict": {
    "loss": 0.01935818080198561,
    "r2": 0.9853219648018359,
    "status": "ok",
    "start_time": 1768162649.430989,
    "duration": 4.476760149002075
  },
  "current_params": {
    "N": 150,
    "sr": 0.29224839588663687,
    "lr": 0.09740755408344522,
    "input_scaling": 1.0,
    "ridge": 3.986661053229431,
    "seed": 1234
  }
}