{
  "returned_dict": {
    "loss": 0.01915563958049012,
    "r2": 0.9856165547943663,
    "status": "ok",
    "start_time": 1768162659.6707609,
    "duration": 5.662221193313599
  },
  "current_params": {
    "N": 250,
    "sr": 0.0270156734971212,
    "lr": 0.579310523085451,
    "input_scaling": 1.0,
    "ridge": 3.088769531389825e-07,
    "seed": 1234
  }
}