{
  "returned_dict": {
    "loss": 0.019588122109089105,
    "r2": 0.9849630315831801,
    "status": "ok",
    "start_time": 1768162614.95727,
    "duration": 5.747376918792725
  },
  "current_params": {
    "N": 250,
    "sr": 0.08651669568208027,
    "lr": 0.31389139069626,
    "input_scaling": 1.0,
    "ridge": 0.1749360102840247,
    "seed": 1234
  }
}