{
  "returned_dict": {
    "loss": 0.01874181825060368,
    "r2": 0.986246271707999,
    "status": "ok",
    "start_time": 1768162705.957083,
    "duration": 4.4520721435546875
  },
  "current_params": {
    "N": 150,
    "sr": 0.04750929704883562,
    "lr": 0.05216434990293221,
    "input_scaling": 1.0,
    "ridge": 0.0012357969069325362,
    "seed": 1234
  }
}