{
  "returned_dict": {
    "loss": 0.01979623048499083,
    "r2": 0.9865034852721799,
    "status": "ok",
    "start_time": 1768140675.890143,
    "duration": 41.58944511413574
  },
  "current_params": {
    "N": 1000,
    "sr": 0.2995433253285191,
    "lr": 0.06291878456916235,
    "input_scaling": 1.0,
    "ridge": 2.405061139949222,
    "seed": 1234
  }
}