{
  "returned_dict": {
    "loss": 0.01988435079293413,
    "r2": 0.9863836526361383,
    "status": "ok",
    "start_time": 1768139255.5802088,
    "duration": 25.261009216308594
  },
  "current_params": {
    "N": 750,
    "sr": 0.3911188720535743,
    "lr": 0.0657729713764254,
    "input_scaling": 1.0,
    "ridge": 0.6451349703129058,
    "seed": 1234
  }
}