{
  "returned_dict": {
    "loss": 0.019289229690151517,
    "r2": 0.9854212129853626,
    "status": "ok",
    "start_time": 1768162680.6000571,
    "duration": 5.9275758266448975
  },
  "current_params": {
    "N": 250,
    "sr": 0.10021051059965656,
    "lr": 0.4955638771527499,
    "input_scaling": 1.0,
    "ridge": 0.07291037360448925,
    "seed": 1234
  }
}