{
  "returned_dict": {
    "loss": 0.019993962360473527,
    "r2": 0.9862361332422054,
    "status": "ok",
    "start_time": 1768163493.7542222,
    "duration": 11.478529930114746
  },
  "current_params": {
    "N": 500,
    "sr": 0.2696585899348615,
    "lr": 0.548256770966084,
    "input_scaling": 1.0,
    "ridge": 0.033437284949636145,
    "seed": 1234
  }
}