{
  "returned_dict": {
    "loss": 0.018929174639398593,
    "r2": 0.9859651685840822,
    "status": "ok",
    "start_time": 1768162642.637933,
    "duration": 4.777419090270996
  },
  "current_params": {
    "N": 150,
    "sr": 0.08867213299758853,
    "lr": 0.20703191359829184,
    "input_scaling": 1.0,
    "ridge": 0.00901470186995277,
    "seed": 1234
  }
}