{
  "returned_dict": {
    "loss": 0.017778309531367897,
    "r2": 0.9876274581790592,
    "status": "ok",
    "start_time": 1768162667.202177,
    "duration": 12.25070595741272
  },
  "current_params": {
    "N": 500,
    "sr": 0.40569915938743706,
    "lr": 0.03488740047548017,
    "input_scaling": 1.0,
    "ridge": 0.5225758036341196,
    "seed": 1234
  }
}