{
  "returned_dict": {
    "loss": 0.018462036847069548,
    "r2": 0.9866553799275568,
    "status": "ok",
    "start_time": 1768162726.718302,
    "duration": 11.917196989059448
  },
  "current_params": {
    "N": 500,
    "sr": 0.3268695376331746,
    "lr": 0.5353733286565294,
    "input_scaling": 1.0,
    "ridge": 0.0019236030846715968,
    "seed": 1234
  }
}