{
  "returned_dict": {
    "loss": 0.019786359180761878,
    "r2": 0.9865171554989761,
    "status": "ok",
    "start_time": 1768140840.0269482,
    "duration": 42.73079967498779
  },
  "current_params": {
    "N": 1000,
    "sr": 0.45636403067943115,
    "lr": 0.09168688718053815,
    "input_scaling": 1.0,
    "ridge": 5.349781571012787,
    "seed": 1234
  }
}