{
  "returned_dict": {
    "loss": 0.01989972943401919,
    "r2": 0.9863613863883766,
    "status": "ok",
    "start_time": 1768139181.7284968,
    "duration": 24.695937156677246
  },
  "current_params": {
    "N": 750,
    "sr": 0.12964830748893102,
    "lr": 0.3085810336068818,
    "input_scaling": 1.0,
    "ridge": 0.18804563142456526,
    "seed": 1234
  }
}