{
  "returned_dict": {
    "loss": 0.019215576783587894,
    "r2": 0.9855384672758764,
    "status": "ok",
    "start_time": 1768162732.362937,
    "duration": 5.641073942184448
  },
  "current_params": {
    "N": 250,
    "sr": 1.4524053505622598,
    "lr": 0.7755926247612633,
    "input_scaling": 1.0,
    "ridge": 0.10915572955478303,
    "seed": 1234
  }
}