{
  "returned_dict": {
    "loss": 0.018653843590451406,
    "r2": 0.9863747341611123,
    "status": "ok",
    "start_time": 1768162715.1779342,
    "duration": 5.854521751403809
  },
  "current_params": {
    "N": 250,
    "sr": 0.08568100062571897,
    "lr": 0.1156099324677511,
    "input_scaling": 1.0,
    "ridge": 0.022318103606324965,
    "seed": 1234
  }
}