{
  "returned_dict": {
    "loss": 0.019780392587370944,
    "r2": 0.9846734835015006,
    "status": "ok",
    "start_time": 1768162698.820124,
    "duration": 4.367956876754761
  },
  "current_params": {
    "N": 150,
    "sr": 1.3480751149995323,
    "lr": 0.8721965303593258,
    "input_scaling": 1.0,
    "ridge": 0.003190747618733736,
    "seed": 1234
  }
}