{
  "returned_dict": {
    "loss": 0.01882121073987681,
    "r2": 0.9861284523764942,
    "status": "ok",
    "start_time": 1768162653.91192,
    "duration": 5.222991943359375
  },
  "current_params": {
    "N": 150,
    "sr": 0.04987951544843891,
    "lr": 0.03911188720535742,
    "input_scaling": 1.0,
    "ridge": 0.002845393835608114,
    "seed": 1234
  }
}