{
  "returned_dict": {
    "loss": 0.019584340141581186,
    "r2": 0.9849728850006096,
    "status": "ok",
    "start_time": 1768162722.879841,
    "duration": 4.700556993484497
  },
  "current_params": {
    "N": 150,
    "sr": 0.8860273958095527,
    "lr": 0.10247307438515181,
    "input_scaling": 1.0,
    "ridge": 0.07347289821082036,
    "seed": 1234
  }
}