{
  "returned_dict": {
    "loss": 0.018852774861695808,
    "r2": 0.9860751012484925,
    "status": "ok",
    "start_time": 1768162635.806697,
    "duration": 5.044889211654663
  },
  "current_params": {
    "N": 150,
    "sr": 0.29656574289180465,
    "lr": 0.6508476857182398,
    "input_scaling": 1.0,
    "ridge": 0.0013981458288573197,
    "seed": 1234
  }
}