{
  "returned_dict": {
    "loss": 0.019862930705242116,
    "r2": 0.984532216774913,
    "status": "ok",
    "start_time": 1768162609.3118541,
    "duration": 12.925976753234863
  },
  "current_params": {
    "N": 500,
    "sr": 0.019166024706981734,
    "lr": 0.8450201302139063,
    "input_scaling": 1.0,
    "ridge": 0.07083653639938664,
    "seed": 1234
  }
}