{
  "returned_dict": {
    "loss": 0.019907649245114838,
    "r2": 0.9863517694838106,
    "status": "ok",
    "start_time": 1768140565.3277419,
    "duration": 44.337284088134766
  },
  "current_params": {
    "N": 1000,
    "sr": 0.12964830748893102,
    "lr": 0.3085810336068818,
    "input_scaling": 1.0,
    "ridge": 0.18804563142456526,
    "seed": 1234
  }
}