{
  "returned_dict": {
    "loss": 0.019979208941488004,
    "r2": 0.9862511857344571,
    "status": "ok",
    "start_time": 1768140689.1083689,
    "duration": 24.012433290481567
  },
  "current_params": {
    "N": 750,
    "sr": 0.10021051059965656,
    "lr": 0.4955638771527499,
    "input_scaling": 1.0,
    "ridge": 0.07291037360448925,
    "seed": 1234
  }
}