{
  "returned_dict": {
    "loss": 0.019859694090819956,
    "r2": 0.986417253278298,
    "status": "ok",
    "start_time": 1768140613.3947861,
    "duration": 50.09668493270874
  },
  "current_params": {
    "N": 1000,
    "sr": 0.1895161648199892,
    "lr": 0.09032190248808257,
    "input_scaling": 1.0,
    "ridge": 0.6418236053362216,
    "seed": 1234
  }
}