{
  "returned_dict": {
    "loss": 0.01981342234532053,
    "r2": 0.9864837488227953,
    "status": "ok",
    "start_time": 1768163699.218952,
    "duration": 11.642598152160645
  },
  "current_params": {
    "N": 500,
    "sr": 0.37572011273247435,
    "lr": 0.3541150490203063,
    "input_scaling": 1.0,
    "ridge": 0.5317074931702057,
    "seed": 1234
  }
}