{
  "returned_dict": {
    "loss": 0.019971653513915267,
    "r2": 0.9862625922486586,
    "status": "ok",
    "start_time": 1768139256.166503,
    "duration": 25.40389609336853
  },
  "current_params": {
    "N": 750,
    "sr": 0.1895161648199892,
    "lr": 0.09032190248808257,
    "input_scaling": 1.0,
    "ridge": 0.6418236053362216,
    "seed": 1234
  }
}