{
  "returned_dict": {
    "loss": 0.01861045093830386,
    "r2": 0.9864376638842002,
    "status": "ok",
    "start_time": 1768162679.304213,
    "duration": 6.112040996551514
  },
  "current_params": {
    "N": 250,
    "sr": 0.25000889404949733,
    "lr": 0.036973905469964256,
    "input_scaling": 1.0,
    "ridge": 0.07504305572850614,
    "seed": 1234
  }
}