{
  "returned_dict": {
    "loss": 0.01967608714295923,
    "r2": 0.9848335237830375,
    "status": "ok",
    "start_time": 1768162653.248577,
    "duration": 12.939842939376831
  },
  "current_params": {
    "N": 500,
    "sr": 0.02125357492151453,
    "lr": 0.3078122111577062,
    "input_scaling": 1.0,
    "ridge": 0.1483726300078231,
    "seed": 1234
  }
}