{
  "returned_dict": {
    "loss": 0.018825034426829205,
    "r2": 0.986123210946019,
    "status": "ok",
    "start_time": 1768162702.761466,
    "duration": 4.902788877487183
  },
  "current_params": {
    "N": 150,
    "sr": 0.08017295620100137,
    "lr": 0.05420653503816144,
    "input_scaling": 1.0,
    "ridge": 0.019860194677258518,
    "seed": 1234
  }
}