{
  "returned_dict": {
    "loss": 0.019549066936785896,
    "r2": 0.9849849962588234,
    "status": "ok",
    "start_time": 1768162624.6669781,
    "duration": 6.176545858383179
  },
  "current_params": {
    "N": 250,
    "sr": 0.018627028640471936,
    "lr": 0.14691902981011795,
    "input_scaling": 1.0,
    "ridge": 0.00014351426537591403,
    "seed": 1234
  }
}