{
  "returned_dict": {
    "loss": 0.018809419214587068,
    "r2": 0.9861461196809003,
    "status": "ok",
    "start_time": 1768162677.970773,
    "duration": 5.496837854385376
  },
  "current_params": {
    "N": 250,
    "sr": 0.03264930284382226,
    "lr": 0.049528118993442,
    "input_scaling": 1.0,
    "ridge": 0.0014186479221775007,
    "seed": 1234
  }
}