{
  "returned_dict": {
    "loss": 0.01800989624681641,
    "r2": 0.9872992620704764,
    "status": "ok",
    "start_time": 1768162640.8481102,
    "duration": 13.190754652023315
  },
  "current_params": {
    "N": 500,
    "sr": 0.12964830748893102,
    "lr": 0.3085810336068818,
    "input_scaling": 1.0,
    "ridge": 0.18804563142456526,
    "seed": 1234
  }
}