{
  "returned_dict": {
    "loss": 0.018651078497846606,
    "r2": 0.9863768167176487,
    "status": "ok",
    "start_time": 1768162609.340075,
    "duration": 6.635216951370239
  },
  "current_params": {
    "N": 250,
    "sr": 1.1198164932559396,
    "lr": 0.17150882346504792,
    "input_scaling": 1.0,
    "ridge": 5.100204521161116,
    "seed": 1234
  }
}