{
  "returned_dict": {
    "loss": 0.017896764706306422,
    "r2": 0.9874622010283549,
    "status": "ok",
    "start_time": 1768162655.347708,
    "duration": 13.471626996994019
  },
  "current_params": {
    "N": 500,
    "sr": 0.1895161648199892,
    "lr": 0.09032190248808257,
    "input_scaling": 1.0,
    "ridge": 0.6418236053362216,
    "seed": 1234
  }
}