{
  "returned_dict": {
    "loss": 0.019380721242773645,
    "r2": 0.9852950259938469,
    "status": "ok",
    "start_time": 1768162615.255766,
    "duration": 12.268010139465332
  },
  "current_params": {
    "N": 500,
    "sr": 0.1453567275679802,
    "lr": 0.0073279806147632555,
    "input_scaling": 1.0,
    "ridge": 0.013882239598537086,
    "seed": 1234
  }
}