{
  "returned_dict": {
    "loss": 0.019741166397364483,
    "r2": 0.9847293440886145,
    "status": "ok",
    "start_time": 1768162642.183844,
    "duration": 5.119412899017334
  },
  "current_params": {
    "N": 250,
    "sr": 0.20197200649695654,
    "lr": 0.9486951758165582,
    "input_scaling": 1.0,
    "ridge": 1.0594864243782973,
    "seed": 1234
  }
}