{
  "returned_dict": {
    "loss": 0.019125481566400118,
    "r2": 0.9856808129238596,
    "status": "ok",
    "start_time": 1768162668.384183,
    "duration": 4.866290092468262
  },
  "current_params": {
    "N": 150,
    "sr": 0.02626063557115879,
    "lr": 0.027141373534149478,
    "input_scaling": 1.0,
    "ridge": 5.6494259092098665e-05,
    "seed": 1234
  }
}