{
  "returned_dict": {
    "loss": 0.0181449571506643,
    "r2": 0.9871097323920706,
    "status": "ok",
    "start_time": 1768162622.604073,
    "duration": 5.794414043426514
  },
  "current_params": {
    "N": 250,
    "sr": 0.46891751739810106,
    "lr": 0.22474737466287847,
    "input_scaling": 1.0,
    "ridge": 0.009524054303075397,
    "seed": 1234
  }
}