{
  "returned_dict": {
    "loss": 0.018353827972875374,
    "r2": 0.9868042349005235,
    "status": "ok",
    "start_time": 1768162609.311625,
    "duration": 4.444858074188232
  },
  "current_params": {
    "N": 150,
    "sr": 0.20731719263694534,
    "lr": 0.3765249501831184,
    "input_scaling": 1.0,
    "ridge": 0.018893493195414682,
    "seed": 1234
  }
}