{
  "returned_dict": {
    "loss": 0.019795408401671887,
    "r2": 0.9865053347267276,
    "status": "ok",
    "start_time": 1768140630.4823198,
    "duration": 29.006527185440063
  },
  "current_params": {
    "N": 750,
    "sr": 0.3262711780748036,
    "lr": 0.4217109002863586,
    "input_scaling": 1.0,
    "ridge": 0.4572825631336109,
    "seed": 1234
  }
}