{
  "returned_dict": {
    "loss": 0.019462814752746978,
    "r2": 0.9851641537929792,
    "status": "ok",
    "start_time": 1768162732.326062,
    "duration": 4.46406626701355
  },
  "current_params": {
    "N": 150,
    "sr": 0.7262282335791777,
    "lr": 0.027071830418088673,
    "input_scaling": 1.0,
    "ridge": 0.07126775341155972,
    "seed": 1234
  }
}