{
  "returned_dict": {
    "loss": 0.019963415778985256,
    "r2": 0.9862782860907762,
    "status": "ok",
    "start_time": 1768164313.0192761,
    "duration": 12.05333685874939
  },
  "current_params": {
    "N": 500,
    "sr": 0.45636403067943115,
    "lr": 0.09168688718053815,
    "input_scaling": 1.0,
    "ridge": 5.349781571012787,
    "seed": 1234
  }
}