{
  "returned_dict": {
    "loss": 0.019370234138070694,
    "r2": 0.9853039814948105,
    "status": "ok",
    "start_time": 1768162616.042067,
    "duration": 4.847005128860474
  },
  "current_params": {
    "N": 150,
    "sr": 0.9875351660720859,
    "lr": 0.13046563604508185,
    "input_scaling": 1.0,
    "ridge": 0.10630685722721522,
    "seed": 1234
  }
}