{
  "returned_dict": {
    "loss": 0.017872180485627553,
    "r2": 0.9874972432673184,
    "status": "ok",
    "start_time": 1768162679.458913,
    "duration": 12.441720962524414
  },
  "current_params": {
    "N": 500,
    "sr": 0.2995433253285191,
    "lr": 0.06291878456916235,
    "input_scaling": 1.0,
    "ridge": 2.405061139949222,
    "seed": 1234
  }
}