{
  "returned_dict": {
    "loss": 0.01919058460740481,
    "r2": 0.9855516435792524,
    "status": "ok",
    "start_time": 1768162753.455082,
    "duration": 5.338126182556152
  },
  "current_params": {
    "N": 250,
    "sr": 0.07138757432463265,
    "lr": 0.4908970206830541,
    "input_scaling": 1.0,
    "ridge": 1.3057921454526102e-06,
    "seed": 1234
  }
}