{
  "returned_dict": {
    "loss": 0.019364099346066532,
    "r2": 0.9853159047923142,
    "status": "ok",
    "start_time": 1768162728.955292,
    "duration": 5.907209873199463
  },
  "current_params": {
    "N": 250,
    "sr": 1.2855838176804668,
    "lr": 0.07967266039989558,
    "input_scaling": 1.0,
    "ridge": 6.858885104134989,
    "seed": 1234
  }
}