{
  "returned_dict": {
    "loss": 0.019303013699024908,
    "r2": 0.9853915525435945,
    "status": "ok",
    "start_time": 1768162665.289409,
    "duration": 6.103608131408691
  },
  "current_params": {
    "N": 250,
    "sr": 0.014318106861362007,
    "lr": 0.5950118390634017,
    "input_scaling": 1.0,
    "ridge": 7.798629248613347e-08,
    "seed": 1234
  }
}