{
  "returned_dict": {
    "loss": 0.018063163795828435,
    "r2": 0.9872259140834035,
    "status": "ok",
    "start_time": 1768162671.2871559,
    "duration": 12.544795274734497
  },
  "current_params": {
    "N": 500,
    "sr": 0.40392838160560685,
    "lr": 0.3513026827442705,
    "input_scaling": 1.0,
    "ridge": 0.007469405980369953,
    "seed": 1234
  }
}