{
  "returned_dict": {
    "loss": 0.01988935770914315,
    "r2": 0.9844900397064029,
    "status": "ok",
    "start_time": 1768162756.09681,
    "duration": 3.722362995147705
  },
  "current_params": {
    "N": 150,
    "sr": 0.5918809776537992,
    "lr": 0.09126780945506031,
    "input_scaling": 1.0,
    "ridge": 4.948227102001135e-06,
    "seed": 1234
  }
}