{
  "returned_dict": {
    "loss": 0.019963452370039974,
    "r2": 0.9862779167958712,
    "status": "ok",
    "start_time": 1768164022.692596,
    "duration": 12.514492988586426
  },
  "current_params": {
    "N": 500,
    "sr": 0.45117689285951407,
    "lr": 0.7187006267282231,
    "input_scaling": 1.0,
    "ridge": 0.3083516614121687,
    "seed": 1234
  }
}