{
  "returned_dict": {
    "loss": 0.01771122246940765,
    "r2": 0.9877211456505032,
    "status": "ok",
    "start_time": 1768162732.997108,
    "duration": 12.082848072052002
  },
  "current_params": {
    "N": 500,
    "sr": 0.45636403067943115,
    "lr": 0.09168688718053815,
    "input_scaling": 1.0,
    "ridge": 5.349781571012787,
    "seed": 1234
  }
}