{
  "returned_dict": {
    "loss": 0.019840576816326422,
    "r2": 0.9845759163418404,
    "status": "ok",
    "start_time": 1768162631.3286772,
    "duration": 4.898532867431641
  },
  "current_params": {
    "N": 150,
    "sr": 0.5653194226354679,
    "lr": 0.0890307034139701,
    "input_scaling": 1.0,
    "ridge": 5.754384669328548e-08,
    "seed": 1234
  }
}