{
  "returned_dict": {
    "loss": 0.019949665050419042,
    "r2": 0.9862963275863109,
    "status": "ok",
    "start_time": 1768163604.499705,
    "duration": 12.281636953353882
  },
  "current_params": {
    "N": 500,
    "sr": 0.7137234690401973,
    "lr": 0.44041806052962523,
    "input_scaling": 1.0,
    "ridge": 19.545485073586345,
    "seed": 1234
  }
}