{
  "returned_dict": {
    "loss": 0.019346776371875405,
    "r2": 0.9853080293144523,
    "status": "ok",
    "start_time": 1768162659.1459699,
    "duration": 5.990005970001221
  },
  "current_params": {
    "N": 250,
    "sr": 0.02744857055806261,
    "lr": 0.29784654821777334,
    "input_scaling": 1.0,
    "ridge": 6.208862830920144e-06,
    "seed": 1234
  }
}