{
  "returned_dict": {
    "loss": 0.0235602911452863,
    "r2": 0.9777391044702073,
    "status": "ok",
    "start_time": 1768162609.323711,
    "duration": 5.619091987609863
  },
  "current_params": {
    "N": 250,
    "sr": 0.04805251969157461,
    "lr": 0.04610567249984423,
    "input_scaling": 1.0,
    "ridge": 3.7527990062557076e-08,
    "seed": 1234
  }
}