{
  "returned_dict": {
    "loss": 0.021788558683289088,
    "r2": 0.9836250922420063,
    "status": "ok",
    "start_time": 1768140550.9059021,
    "duration": 13.606659889221191
  },
  "current_params": {
    "N": 500,
    "sr": 0.03249218412531805,
    "lr": 0.5961565983187638,
    "input_scaling": 1.0,
    "ridge": 0.001696485911165429,
    "seed": 1234
  }
}