{
  "returned_dict": {
    "loss": 0.02162664704620993,
    "r2": 0.9838830568114332,
    "status": "ok",
    "start_time": 1768164195.480457,
    "duration": 5.932121992111206
  },
  "current_params": {
    "N": 250,
    "sr": 0.08651669568208027,
    "lr": 0.31389139069626,
    "input_scaling": 1.0,
    "ridge": 0.1749360102840247,
    "seed": 1234
  }
}