{
  "returned_dict": {
    "loss": 0.02180995954460206,
    "r2": 0.9836109486219682,
    "status": "ok",
    "start_time": 1768164224.252717,
    "duration": 5.909456014633179
  },
  "current_params": {
    "N": 250,
    "sr": 0.20197200649695654,
    "lr": 0.9486951758165582,
    "input_scaling": 1.0,
    "ridge": 1.0594864243782973,
    "seed": 1234
  }
}