{
  "returned_dict": {
    "loss": 0.022874669156026463,
    "r2": 0.9818311612735018,
    "status": "ok",
    "start_time": 1768140757.755296,
    "duration": 12.254640817642212
  },
  "current_params": {
    "N": 500,
    "sr": 0.04750929704883562,
    "lr": 0.05216434990293221,
    "input_scaling": 1.0,
    "ridge": 0.0012357969069325362,
    "seed": 1234
  }
}