{
  "returned_dict": {
    "loss": 0.022288306278361775,
    "r2": 0.9828815699845471,
    "status": "ok",
    "start_time": 1768140670.0555031,
    "duration": 11.849761724472046
  },
  "current_params": {
    "N": 500,
    "sr": 2.22778006750894,
    "lr": 0.24285358390734382,
    "input_scaling": 1.0,
    "ridge": 3.2677104378295967,
    "seed": 1234
  }
}