{
  "returned_dict": {
    "loss": 0.020819479608294424,
    "r2": 0.985074340306206,
    "status": "ok",
    "start_time": 1768163577.5548842,
    "duration": 12.471488952636719
  },
  "current_params": {
    "N": 500,
    "sr": 0.35866273431012313,
    "lr": 0.3088159633308444,
    "input_scaling": 1.0,
    "ridge": 87.53075569972584,
    "seed": 1234
  }
}