{
  "returned_dict": {
    "loss": 0.02153859601054192,
    "r2": 0.9840219900859205,
    "status": "ok",
    "start_time": 1768164308.632407,
    "duration": 5.692427158355713
  },
  "current_params": {
    "N": 250,
    "sr": 1.2855838176804668,
    "lr": 0.07967266039989558,
    "input_scaling": 1.0,
    "ridge": 6.858885104134989,
    "seed": 1234
  }
}