{
  "returned_dict": {
    "loss": 0.02081844684946371,
    "r2": 0.9850743664939087,
    "status": "ok",
    "start_time": 1768163557.7873468,
    "duration": 5.855927228927612
  },
  "current_params": {
    "N": 250,
    "sr": 0.11224748161055373,
    "lr": 0.14579791194856526,
    "input_scaling": 1.0,
    "ridge": 0.04609220359036391,
    "seed": 1234
  }
}