{
  "returned_dict": {
    "loss": 0.020054658474040744,
    "r2": 0.9842434717864419,
    "status": "ok",
    "start_time": 1768162713.352781,
    "duration": 4.506008863449097
  },
  "current_params": {
    "N": 150,
    "sr": 0.028896064442928984,
    "lr": 0.0634630914437396,
    "input_scaling": 1.0,
    "ridge": 1.1941338317488496e-07,
    "seed": 1234
  }
}