{
  "returned_dict": {
    "loss": 0.0230755640558727,
    "r2": 0.9816607796185254,
    "status": "ok",
    "start_time": 1768163067.386024,
    "duration": 4.850855112075806
  },
  "current_params": {
    "N": 150,
    "sr": 1.720142336723234,
    "lr": 0.07763106313276408,
    "input_scaling": 1.0,
    "ridge": 0.4572775685331979,
    "seed": 1234
  }
}