{
  "returned_dict": {
    "loss": 0.0238604597738635,
    "r2": 0.9803979047573022,
    "status": "ok",
    "start_time": 1768163922.512495,
    "duration": 4.561383962631226
  },
  "current_params": {
    "N": 150,
    "sr": 0.07546696410796928,
    "lr": 0.7221009559127135,
    "input_scaling": 1.0,
    "ridge": 6.158459876169443,
    "seed": 1234
  }
}