{
  "returned_dict": {
    "loss": 0.024887441143845935,
    "r2": 0.9754731918434629,
    "status": "ok",
    "start_time": 1768162691.905546,
    "duration": 12.479920148849487
  },
  "current_params": {
    "N": 500,
    "sr": 2.1394582801523425,
    "lr": 0.003931992507823152,
    "input_scaling": 1.0,
    "ridge": 1.5694375678920185,
    "seed": 1234
  }
}