{
  "returned_dict": {
    "loss": 0.02131839290968061,
    "r2": 0.9843449784170915,
    "status": "ok",
    "start_time": 1768163021.563991,
    "duration": 4.9076337814331055
  },
  "current_params": {
    "N": 150,
    "sr": 0.29224839588663687,
    "lr": 0.09740755408344522,
    "input_scaling": 1.0,
    "ridge": 3.986661053229431,
    "seed": 1234
  }
}