{
  "returned_dict": {
    "loss": 0.020969771421453613,
    "r2": 0.9827840672322378,
    "status": "ok",
    "start_time": 1768162633.379771,
    "duration": 4.762482166290283
  },
  "current_params": {
    "N": 150,
    "sr": 0.03249218412531805,
    "lr": 0.5961565983187638,
    "input_scaling": 1.0,
    "ridge": 0.001696485911165429,
    "seed": 1234
  }
}