{
  "returned_dict": {
    "loss": 0.020645097632731854,
    "r2": 0.9853037956731002,
    "status": "ok",
    "start_time": 1768139131.778659,
    "duration": 26.073888063430786
  },
  "current_params": {
    "N": 750,
    "sr": 0.06274944433721241,
    "lr": 0.8082191418328011,
    "input_scaling": 1.0,
    "ridge": 0.10203710673780302,
    "seed": 1234
  }
}