{
  "returned_dict": {
    "loss": 0.023878688767781753,
    "r2": 0.9803618657086618,
    "status": "ok",
    "start_time": 1768139053.145807,
    "duration": 28.396456003189087
  },
  "current_params": {
    "N": 750,
    "sr": 1.236243687952708,
    "lr": 0.0019166024706981722,
    "input_scaling": 1.0,
    "ridge": 6.033942464552087,
    "seed": 1234
  }
}