{
  "returned_dict": {
    "loss": 0.02823936301442001,
    "r2": 0.9724957827949984,
    "status": "ok",
    "start_time": 1768140494.6898801,
    "duration": 27.828869819641113
  },
  "current_params": {
    "N": 750,
    "sr": 0.1453567275679802,
    "lr": 0.0073279806147632555,
    "input_scaling": 1.0,
    "ridge": 0.013882239598537086,
    "seed": 1234
  }
}