{
  "returned_dict": {
    "loss": 0.02853212715581378,
    "r2": 0.9716683767614098,
    "status": "ok",
    "start_time": 1768139181.29026,
    "duration": 24.709573984146118
  },
  "current_params": {
    "N": 750,
    "sr": 2.022751238483017,
    "lr": 0.0021048581720989976,
    "input_scaling": 1.0,
    "ridge": 1.7543110796202546,
    "seed": 1234
  }
}