{
  "returned_dict": {
    "loss": 0.02242304883626251,
    "r2": 0.9801410705859169,
    "status": "ok",
    "start_time": 1768162704.538899,
    "duration": 5.826906204223633
  },
  "current_params": {
    "N": 250,
    "sr": 0.16840280780723452,
    "lr": 0.0044966137079207385,
    "input_scaling": 1.0,
    "ridge": 0.0019713159493727826,
    "seed": 1234
  }
}