{
  "returned_dict": {
    "loss": 0.02731278321994767,
    "r2": 0.9742444237387131,
    "status": "ok",
    "start_time": 1768164324.680202,
    "duration": 11.43663501739502
  },
  "current_params": {
    "N": 500,
    "sr": 1.0347571275597833,
    "lr": 0.005163867499212742,
    "input_scaling": 1.0,
    "ridge": 0.4731841258349166,
    "seed": 1234
  }
}