{
  "returned_dict": {
    "loss": 0.023866249069156197,
    "r2": 0.977513916681575,
    "status": "ok",
    "start_time": 1768162647.888232,
    "duration": 12.463227987289429
  },
  "current_params": {
    "N": 500,
    "sr": 0.553796016700982,
    "lr": 0.003974906844027338,
    "input_scaling": 1.0,
    "ridge": 0.17263177486733958,
    "seed": 1234
  }
}