{
  "returned_dict": {
    "loss": 0.020884426209750596,
    "r2": 0.9849559373377657,
    "status": "ok",
    "start_time": 1768139133.129976,
    "duration": 25.36599612236023
  },
  "current_params": {
    "N": 750,
    "sr": 0.033909262851589204,
    "lr": 0.3714008148792368,
    "input_scaling": 1.0,
    "ridge": 0.06709277709678035,
    "seed": 1234
  }
}