{
  "returned_dict": {
    "loss": 0.02308543676913683,
    "r2": 0.9816394234281249,
    "status": "ok",
    "start_time": 1768163977.3690722,
    "duration": 6.108577728271484
  },
  "current_params": {
    "N": 250,
    "sr": 0.012703509974789726,
    "lr": 0.8410888369927257,
    "input_scaling": 1.0,
    "ridge": 0.02491452239766111,
    "seed": 1234
  }
}