{
  "returned_dict": {
    "loss": 0.021027915577760667,
    "r2": 0.984762585415076,
    "status": "ok",
    "start_time": 1768163581.149716,
    "duration": 4.504571199417114
  },
  "current_params": {
    "N": 150,
    "sr": 0.44173944504152945,
    "lr": 0.10888566985318925,
    "input_scaling": 1.0,
    "ridge": 0.3096059976744751,
    "seed": 1234
  }
}