{
  "returned_dict": {
    "loss": 0.020499541135233647,
    "r2": 0.9855295101371944,
    "status": "ok",
    "start_time": 1768163035.224097,
    "duration": 5.707947015762329
  },
  "current_params": {
    "N": 250,
    "sr": 0.3262711780748036,
    "lr": 0.4217109002863586,
    "input_scaling": 1.0,
    "ridge": 0.4572825631336109,
    "seed": 1234
  }
}