{
  "returned_dict": {
    "loss": 0.024434036928944466,
    "r2": 0.9794407143083255,
    "status": "ok",
    "start_time": 1768163045.517817,
    "duration": 5.591551065444946
  },
  "current_params": {
    "N": 250,
    "sr": 1.5036504369063557,
    "lr": 0.0017925845808834013,
    "input_scaling": 1.0,
    "ridge": 2.651297145902311,
    "seed": 1234
  }
}