{
  "returned_dict": {
    "loss": 0.02023072688954802,
    "r2": 0.985901206354044,
    "status": "ok",
    "start_time": 1768139205.168627,
    "duration": 24.696638822555542
  },
  "current_params": {
    "N": 750,
    "sr": 0.08867213299758853,
    "lr": 0.20703191359829184,
    "input_scaling": 1.0,
    "ridge": 0.00901470186995277,
    "seed": 1234
  }
}