{
  "returned_dict": {
    "loss": 0.02078117071029985,
    "r2": 0.9851276578763006,
    "status": "ok",
    "start_time": 1768164054.46224,
    "duration": 5.208693981170654
  },
  "current_params": {
    "N": 250,
    "sr": 0.2262428165209582,
    "lr": 0.10705508216350869,
    "input_scaling": 1.0,
    "ridge": 0.4031087546700073,
    "seed": 1234
  }
}