{
  "returned_dict": {
    "loss": 0.024422526048966026,
    "r2": 0.9794620486812378,
    "status": "ok",
    "start_time": 1768163523.8244328,
    "duration": 5.4925761222839355
  },
  "current_params": {
    "N": 250,
    "sr": 0.046481005746213076,
    "lr": 0.791346247591798,
    "input_scaling": 1.0,
    "ridge": 11.223507168417573,
    "seed": 1234
  }
}