{
  "returned_dict": {
    "loss": 0.0235789832328226,
    "r2": 0.9808566985245827,
    "status": "ok",
    "start_time": 1768163955.8461142,
    "duration": 6.061405897140503
  },
  "current_params": {
    "N": 250,
    "sr": 0.055887599714967616,
    "lr": 0.12429872333799794,
    "input_scaling": 1.0,
    "ridge": 9.708641068829566,
    "seed": 1234
  }
}