{
  "returned_dict": {
    "loss": 0.0224653425009217,
    "r2": 0.9826227584756533,
    "status": "ok",
    "start_time": 1768163986.081397,
    "duration": 6.11838698387146
  },
  "current_params": {
    "N": 250,
    "sr": 0.2827686487745372,
    "lr": 0.12147676526544773,
    "input_scaling": 1.0,
    "ridge": 55.43183949391833,
    "seed": 1234
  }
}