{
  "returned_dict": {
    "loss": 0.028258582485458338,
    "r2": 0.9682226898612292,
    "status": "ok",
    "start_time": 1768162653.190856,
    "duration": 6.475056171417236
  },
  "current_params": {
    "N": 250,
    "sr": 2.588706098580749,
    "lr": 0.025243223045074027,
    "input_scaling": 1.0,
    "ridge": 0.11557690043009305,
    "seed": 1234
  }
}