{
  "returned_dict": {
    "loss": 0.021566896332748615,
    "r2": 0.9815665509968801,
    "status": "ok",
    "start_time": 1768162720.656491,
    "duration": 11.933505058288574
  },
  "current_params": {
    "N": 500,
    "sr": 0.017383925452797502,
    "lr": 0.18449751388235056,
    "input_scaling": 1.0,
    "ridge": 8.016988228288247e-05,
    "seed": 1234
  }
}