{
  "returned_dict": {
    "loss": 0.024607235852043736,
    "r2": 0.9791471132569747,
    "status": "ok",
    "start_time": 1768139406.876719,
    "duration": 25.448459148406982
  },
  "current_params": {
    "N": 750,
    "sr": 1.720142336723234,
    "lr": 0.07763106313276408,
    "input_scaling": 1.0,
    "ridge": 0.4572775685331979,
    "seed": 1234
  }
}