{
  "returned_dict": {
    "loss": 0.021768484145267785,
    "r2": 0.983681139656168,
    "status": "ok",
    "start_time": 1768140852.649258,
    "duration": 12.25207805633545
  },
  "current_params": {
    "N": 500,
    "sr": 0.017966265651884424,
    "lr": 0.04638580846843559,
    "input_scaling": 1.0,
    "ridge": 0.16540098169656398,
    "seed": 1234
  }
}