{
  "returned_dict": {
    "loss": 0.023381965627046558,
    "r2": 0.9811765720065597,
    "status": "ok",
    "start_time": 1768163949.21329,
    "duration": 4.411975860595703
  },
  "current_params": {
    "N": 150,
    "sr": 0.09581069460475697,
    "lr": 0.8666155051059701,
    "input_scaling": 1.0,
    "ridge": 1.9360305653218028,
    "seed": 1234
  }
}