{
  "returned_dict": {
    "loss": 0.020051254921063102,
    "r2": 0.986155747987272,
    "status": "ok",
    "start_time": 1768163691.2596421,
    "duration": 12.116796970367432
  },
  "current_params": {
    "N": 500,
    "sr": 0.912124999680051,
    "lr": 0.28744889431922893,
    "input_scaling": 1.0,
    "ridge": 13.687489321583763,
    "seed": 1234
  }
}