{
  "returned_dict": {
    "loss": 0.025188399706011166,
    "r2": 0.9746750036475476,
    "status": "ok",
    "start_time": 1768162639.969019,
    "duration": 5.509290933609009
  },
  "current_params": {
    "N": 250,
    "sr": 0.049050334418268435,
    "lr": 0.0012949042865580272,
    "input_scaling": 1.0,
    "ridge": 0.0009855353908323472,
    "seed": 1234
  }
}