{
  "returned_dict": {
    "loss": 0.025464226212168477,
    "r2": 0.9775756656126131,
    "status": "ok",
    "start_time": 1768140539.675013,
    "duration": 25.64772391319275
  },
  "current_params": {
    "N": 750,
    "sr": 0.5465862556688604,
    "lr": 0.0033909262851589184,
    "input_scaling": 1.0,
    "ridge": 0.512304955530786,
    "seed": 1234
  }
}