{
  "returned_dict": {
    "loss": 0.026625930135291936,
    "r2": 0.9754185699366367,
    "status": "ok",
    "start_time": 1768139080.1772008,
    "duration": 26.714680194854736
  },
  "current_params": {
    "N": 750,
    "sr": 1.2612329434360228,
    "lr": 0.008651669568208025,
    "input_scaling": 1.0,
    "ridge": 0.3092702978179818,
    "seed": 1234
  }
}