{
  "returned_dict": {
    "loss": 0.023928120702037738,
    "r2": 0.9774810023029106,
    "status": "ok",
    "start_time": 1768162674.256811,
    "duration": 6.332231044769287
  },
  "current_params": {
    "N": 250,
    "sr": 1.5036504369063557,
    "lr": 0.0017925845808834013,
    "input_scaling": 1.0,
    "ridge": 2.651297145902311,
    "seed": 1234
  }
}