{
  "returned_dict": {
    "loss": 0.020080943432939424,
    "r2": 0.9861158396791762,
    "status": "ok",
    "start_time": 1768164020.2214148,
    "duration": 11.806432008743286
  },
  "current_params": {
    "N": 500,
    "sr": 0.3978696588406806,
    "lr": 0.2062769454484256,
    "input_scaling": 1.0,
    "ridge": 22.36296836207778,
    "seed": 1234
  }
}