{
  "returned_dict": {
    "loss": 0.024856481108652705,
    "r2": 0.975814590869555,
    "status": "ok",
    "start_time": 1768162665.337996,
    "duration": 14.163933038711548
  },
  "current_params": {
    "N": 500,
    "sr": 5.104573150259177,
    "lr": 0.8683844574759649,
    "input_scaling": 1.0,
    "ridge": 0.16528480222712122,
    "seed": 1234
  }
}