{
  "returned_dict": {
    "loss": 0.02005089471017138,
    "r2": 0.9842238998622836,
    "status": "ok",
    "start_time": 1768162704.538916,
    "duration": 5.833633661270142
  },
  "current_params": {
    "N": 250,
    "sr": 0.012828607057795722,
    "lr": 0.017997000655304008,
    "input_scaling": 1.0,
    "ridge": 0.00018500951975472467,
    "seed": 1234
  }
}