{
  "returned_dict": {
    "loss": 0.02027755917607992,
    "r2": 0.9858387825008486,
    "status": "ok",
    "start_time": 1768139333.839605,
    "duration": 25.169509887695312
  },
  "current_params": {
    "N": 750,
    "sr": 0.25000889404949733,
    "lr": 0.036973905469964256,
    "input_scaling": 1.0,
    "ridge": 0.07504305572850614,
    "seed": 1234
  }
}