{
  "returned_dict": {
    "loss": 0.02088368895656171,
    "r2": 0.9829224771118847,
    "status": "ok",
    "start_time": 1768162738.009272,
    "duration": 5.813813924789429
  },
  "current_params": {
    "N": 250,
    "sr": 0.017966265651884424,
    "lr": 0.04638580846843559,
    "input_scaling": 1.0,
    "ridge": 0.16540098169656398,
    "seed": 1234
  }
}