{
  "returned_dict": {
    "loss": 0.020529835257349575,
    "r2": 0.9832706350376608,
    "status": "ok",
    "start_time": 1768162692.6227798,
    "duration": 6.372763156890869
  },
  "current_params": {
    "N": 250,
    "sr": 0.6573180117712061,
    "lr": 0.25377301099593236,
    "input_scaling": 1.0,
    "ridge": 1.4027342000428403e-06,
    "seed": 1234
  }
}