{
  "returned_dict": {
    "loss": 0.02505684210953384,
    "r2": 0.9783773177485248,
    "status": "ok",
    "start_time": 1768139231.101404,
    "duration": 25.05511212348938
  },
  "current_params": {
    "N": 750,
    "sr": 0.024727103956002354,
    "lr": 0.002351047539820907,
    "input_scaling": 1.0,
    "ridge": 2.2287582257886065,
    "seed": 1234
  }
}