{
  "returned_dict": {
    "loss": 0.021297058261225008,
    "r2": 0.9843763465530332,
    "status": "ok",
    "start_time": 1768163625.905097,
    "duration": 5.517709016799927
  },
  "current_params": {
    "N": 150,
    "sr": 0.14729769059841416,
    "lr": 0.44652584557202685,
    "input_scaling": 1.0,
    "ridge": 0.02176593282802969,
    "seed": 1234
  }
}