{
  "returned_dict": {
    "loss": 0.02596862752644189,
    "r2": 0.9729872162348157,
    "status": "ok",
    "start_time": 1768162747.608984,
    "duration": 6.15242600440979
  },
  "current_params": {
    "N": 250,
    "sr": 0.03654105195663,
    "lr": 0.001796531240519663,
    "input_scaling": 1.0,
    "ridge": 1.1949299510687251e-05,
    "seed": 1234
  }
}