{
  "returned_dict": {
    "loss": 0.02046577661012658,
    "r2": 0.9855753306864188,
    "status": "ok",
    "start_time": 1768139280.993356,
    "duration": 24.640022039413452
  },
  "current_params": {
    "N": 750,
    "sr": 0.08994422640610097,
    "lr": 0.03262711780748035,
    "input_scaling": 1.0,
    "ridge": 0.7499710168618902,
    "seed": 1234
  }
}