{
  "returned_dict": {
    "loss": 0.0247924400541533,
    "r2": 0.9788343395058747,
    "status": "ok",
    "start_time": 1768163570.3012018,
    "duration": 5.002865314483643
  },
  "current_params": {
    "N": 150,
    "sr": 0.01121104933191925,
    "lr": 0.8461755229992753,
    "input_scaling": 1.0,
    "ridge": 0.6206250674336743,
    "seed": 1234
  }
}