{
  "returned_dict": {
    "loss": 0.02774211590181778,
    "r2": 0.9672825999748913,
    "status": "ok",
    "start_time": 1768162701.8305972,
    "duration": 4.113584756851196
  },
  "current_params": {
    "N": 150,
    "sr": 0.8113813599259383,
    "lr": 0.052148215297897024,
    "input_scaling": 1.0,
    "ridge": 2.0238219039082883e-07,
    "seed": 1234
  }
}