{
  "returned_dict": {
    "loss": 0.024632865477782484,
    "r2": 0.9759496336238997,
    "status": "ok",
    "start_time": 1768162744.203351,
    "duration": 11.889662981033325
  },
  "current_params": {
    "N": 500,
    "sr": 1.0347571275597833,
    "lr": 0.005163867499212742,
    "input_scaling": 1.0,
    "ridge": 0.4731841258349166,
    "seed": 1234
  }
}