{
  "returned_dict": {
    "loss": 0.02830038146168743,
    "r2": 0.972377642192187,
    "status": "ok",
    "start_time": 1768140560.4090948,
    "duration": 27.15317726135254
  },
  "current_params": {
    "N": 750,
    "sr": 0.2073644866466938,
    "lr": 0.001161010746460066,
    "input_scaling": 1.0,
    "ridge": 0.273292250988277,
    "seed": 1234
  }
}