{
  "returned_dict": {
    "loss": 0.02328419511996694,
    "r2": 0.9813332960476803,
    "status": "ok",
    "start_time": 1768163635.378827,
    "duration": 5.069751977920532
  },
  "current_params": {
    "N": 150,
    "sr": 0.032503503929177,
    "lr": 0.8630651293499693,
    "input_scaling": 1.0,
    "ridge": 0.045544010437038124,
    "seed": 1234
  }
}