{
  "returned_dict": {
    "loss": 0.02176550488220758,
    "r2": 0.9836745549824789,
    "status": "ok",
    "start_time": 1768162980.006073,
    "duration": 14.153517961502075
  },
  "current_params": {
    "N": 500,
    "sr": 0.019166024706981734,
    "lr": 0.8450201302139063,
    "input_scaling": 1.0,
    "ridge": 0.07083653639938664,
    "seed": 1234
  }
}