{
  "returned_dict": {
    "loss": 0.02207675213414726,
    "r2": 0.9832025666571612,
    "status": "ok",
    "start_time": 1768163595.073964,
    "duration": 5.293118953704834
  },
  "current_params": {
    "N": 250,
    "sr": 0.08064172942759017,
    "lr": 0.4310625214578959,
    "input_scaling": 1.0,
    "ridge": 0.23614015801517688,
    "seed": 1234
  }
}