{
  "returned_dict": {
    "loss": 0.023150252729467823,
    "r2": 0.9815177666216861,
    "status": "ok",
    "start_time": 1768140839.986519,
    "duration": 12.654845952987671
  },
  "current_params": {
    "N": 500,
    "sr": 0.7262282335791777,
    "lr": 0.027071830418088673,
    "input_scaling": 1.0,
    "ridge": 0.07126775341155972,
    "seed": 1234
  }
}