{
  "returned_dict": {
    "loss": 0.020856438405823068,
    "r2": 0.9829649488791461,
    "status": "ok",
    "start_time": 1768162687.58465,
    "duration": 4.539618015289307
  },
  "current_params": {
    "N": 150,
    "sr": 0.08049745951448255,
    "lr": 0.5692796855915587,
    "input_scaling": 1.0,
    "ridge": 0.10755889178244278,
    "seed": 1234
  }
}