{
  "returned_dict": {
    "loss": 0.021259326843947546,
    "r2": 0.9844335183630724,
    "status": "ok",
    "start_time": 1768163481.354402,
    "duration": 5.6458580493927
  },
  "current_params": {
    "N": 250,
    "sr": 0.08850724084484447,
    "lr": 0.18491649929332196,
    "input_scaling": 1.0,
    "ridge": 0.2119707758305218,
    "seed": 1234
  }
}