{
  "returned_dict": {
    "loss": 0.02086814345854126,
    "r2": 0.9850007166895287,
    "status": "ok",
    "start_time": 1768162980.00425,
    "duration": 4.551155090332031
  },
  "current_params": {
    "N": 150,
    "sr": 0.20731719263694534,
    "lr": 0.3765249501831184,
    "input_scaling": 1.0,
    "ridge": 0.018893493195414682,
    "seed": 1234
  }
}