{
  "returned_dict": {
    "loss": 0.022305800589522043,
    "r2": 0.9802781354774582,
    "status": "ok",
    "start_time": 1768162722.617003,
    "duration": 12.102859020233154
  },
  "current_params": {
    "N": 500,
    "sr": 0.29552391206402034,
    "lr": 0.05745601736566622,
    "input_scaling": 1.0,
    "ridge": 0.0002751755116489535,
    "seed": 1234
  }
}