{
  "returned_dict": {
    "loss": 0.02404293747511032,
    "r2": 0.9800950622672471,
    "status": "ok",
    "start_time": 1768163989.071877,
    "duration": 5.404522180557251
  },
  "current_params": {
    "N": 250,
    "sr": 0.022008102911825284,
    "lr": 0.367240535056917,
    "input_scaling": 1.0,
    "ridge": 1.9485971191136544,
    "seed": 1234
  }
}