{
  "returned_dict": {
    "loss": 0.021189261579325883,
    "r2": 0.984538362954835,
    "status": "ok",
    "start_time": 1768163534.051012,
    "duration": 12.213319063186646
  },
  "current_params": {
    "N": 500,
    "sr": 0.011428757200837468,
    "lr": 0.17411174093978832,
    "input_scaling": 1.0,
    "ridge": 0.03733253669666179,
    "seed": 1234
  }
}