{
  "returned_dict": {
    "loss": 0.020824074476214306,
    "r2": 0.9850659682631114,
    "status": "ok",
    "start_time": 1768163489.260949,
    "duration": 5.299255132675171
  },
  "current_params": {
    "N": 250,
    "sr": 0.7475259973127513,
    "lr": 0.17416888637846592,
    "input_scaling": 1.0,
    "ridge": 0.03097645605587183,
    "seed": 1234
  }
}