{
  "returned_dict": {
    "loss": 0.023576705850552698,
    "r2": 0.9781768730174674,
    "status": "ok",
    "start_time": 1768162630.856769,
    "duration": 11.678821802139282
  },
  "current_params": {
    "N": 500,
    "sr": 0.5465862556688604,
    "lr": 0.0033909262851589184,
    "input_scaling": 1.0,
    "ridge": 0.512304955530786,
    "seed": 1234
  }
}