{
  "returned_dict": {
    "loss": 0.02483878969559513,
    "r2": 0.978756180663502,
    "status": "ok",
    "start_time": 1768163928.127291,
    "duration": 6.365044116973877
  },
  "current_params": {
    "N": 250,
    "sr": 0.04214376026129216,
    "lr": 0.6796100638503029,
    "input_scaling": 1.0,
    "ridge": 16.55988932715848,
    "seed": 1234
  }
}