{
  "returned_dict": {
    "loss": 0.027131908688806966,
    "r2": 0.9746515675045855,
    "status": "ok",
    "start_time": 1768163038.136034,
    "duration": 11.887495994567871
  },
  "current_params": {
    "N": 500,
    "sr": 5.104573150259177,
    "lr": 0.8683844574759649,
    "input_scaling": 1.0,
    "ridge": 0.16528480222712122,
    "seed": 1234
  }
}