{
  "returned_dict": {
    "loss": 0.02300985481344641,
    "r2": 0.9817011289364255,
    "status": "ok",
    "start_time": 1768139454.709238,
    "duration": 25.568411827087402
  },
  "current_params": {
    "N": 750,
    "sr": 0.4980990360893518,
    "lr": 0.12764580405194145,
    "input_scaling": 1.0,
    "ridge": 0.006784788901881267,
    "seed": 1234
  }
}