{
  "returned_dict": {
    "loss": 0.025690187172269535,
    "r2": 0.9772328110279631,
    "status": "ok",
    "start_time": 1768140735.623394,
    "duration": 25.290170907974243
  },
  "current_params": {
    "N": 750,
    "sr": 0.7061986935317155,
    "lr": 0.0013398360372911414,
    "input_scaling": 1.0,
    "ridge": 0.9063822715029652,
    "seed": 1234
  }
}