{
  "returned_dict": {
    "loss": 0.021361551070856022,
    "r2": 0.984281725602744,
    "status": "ok",
    "start_time": 1768139106.403407,
    "duration": 27.175917863845825
  },
  "current_params": {
    "N": 750,
    "sr": 0.46891751739810106,
    "lr": 0.22474737466287847,
    "input_scaling": 1.0,
    "ridge": 0.009524054303075397,
    "seed": 1234
  }
}