{
  "returned_dict": {
    "loss": 0.02107967303276226,
    "r2": 0.9846550369770728,
    "status": "ok",
    "start_time": 1768140524.8481972,
    "duration": 11.748546600341797
  },
  "current_params": {
    "N": 500,
    "sr": 0.46891751739810106,
    "lr": 0.22474737466287847,
    "input_scaling": 1.0,
    "ridge": 0.009524054303075397,
    "seed": 1234
  }
}