{
  "returned_dict": {
    "loss": 0.024402433305911693,
    "r2": 0.9794720313608783,
    "status": "ok",
    "start_time": 1768140667.460276,
    "duration": 25.386128187179565
  },
  "current_params": {
    "N": 750,
    "sr": 1.5036504369063557,
    "lr": 0.0017925845808834013,
    "input_scaling": 1.0,
    "ridge": 2.651297145902311,
    "seed": 1234
  }
}