{
  "returned_dict": {
    "loss": 0.02036152742771451,
    "r2": 0.9836454339615777,
    "status": "ok",
    "start_time": 1768162704.391038,
    "duration": 5.646782875061035
  },
  "current_params": {
    "N": 250,
    "sr": 0.6807108000546929,
    "lr": 0.08014701502803047,
    "input_scaling": 1.0,
    "ridge": 5.0850832726995895e-05,
    "seed": 1234
  }
}