{
  "returned_dict": {
    "loss": 0.020130538154879953,
    "r2": 0.984123005382763,
    "status": "ok",
    "start_time": 1768162683.4764218,
    "duration": 12.533266305923462
  },
  "current_params": {
    "N": 500,
    "sr": 1.5454577118902184,
    "lr": 0.04560150706937629,
    "input_scaling": 1.0,
    "ridge": 2.6623177124829938,
    "seed": 1234
  }
}