{
  "returned_dict": {
    "loss": 0.02092662173483761,
    "r2": 0.9849189436715202,
    "status": "ok",
    "start_time": 1768163711.216353,
    "duration": 5.255843162536621
  },
  "current_params": {
    "N": 250,
    "sr": 0.0868268145901557,
    "lr": 0.14147280805694298,
    "input_scaling": 1.0,
    "ridge": 0.0529305746393903,
    "seed": 1234
  }
}