{
  "returned_dict": {
    "loss": 0.022540440145029192,
    "r2": 0.9824762173544019,
    "status": "ok",
    "start_time": 1768163054.508578,
    "duration": 12.708291053771973
  },
  "current_params": {
    "N": 500,
    "sr": 1.5454577118902184,
    "lr": 0.04560150706937629,
    "input_scaling": 1.0,
    "ridge": 2.6623177124829938,
    "seed": 1234
  }
}