{
  "returned_dict": {
    "loss": 0.023451153729531517,
    "r2": 0.9810650455102305,
    "status": "ok",
    "start_time": 1768164255.542717,
    "duration": 4.405813932418823
  },
  "current_params": {
    "N": 150,
    "sr": 0.02583591161303674,
    "lr": 0.7527326216332062,
    "input_scaling": 1.0,
    "ridge": 0.16142008987041684,
    "seed": 1234
  }
}