{
  "returned_dict": {
    "loss": 0.024127290798590686,
    "r2": 0.9799538141144077,
    "status": "ok",
    "start_time": 1768163068.939991,
    "duration": 6.016568183898926
  },
  "current_params": {
    "N": 250,
    "sr": 0.7061986935317155,
    "lr": 0.0013398360372911414,
    "input_scaling": 1.0,
    "ridge": 0.9063822715029652,
    "seed": 1234
  }
}