{
  "returned_dict": {
    "loss": 0.0231151498844149,
    "r2": 0.9815985538495008,
    "status": "ok",
    "start_time": 1768140818.384355,
    "duration": 43.414669036865234
  },
  "current_params": {
    "N": 1000,
    "sr": 0.0206509077992012,
    "lr": 0.015691249214948737,
    "input_scaling": 1.0,
    "ridge": 1.8031798805085524,
    "seed": 1234
  }
}