{
  "returned_dict": {
    "loss": 0.02197780713375639,
    "r2": 0.9833672474007604,
    "status": "ok",
    "start_time": 1768163505.870021,
    "duration": 4.7897679805755615
  },
  "current_params": {
    "N": 150,
    "sr": 0.012905974965020462,
    "lr": 0.14950009579257398,
    "input_scaling": 1.0,
    "ridge": 0.016350375479788265,
    "seed": 1234
  }
}