{
  "returned_dict": {
    "loss": 0.021995139209442884,
    "r2": 0.9833426202609468,
    "status": "ok",
    "start_time": 1768163741.6110551,
    "duration": 4.260159969329834
  },
  "current_params": {
    "N": 150,
    "sr": 0.01362490044677526,
    "lr": 0.1592131876962653,
    "input_scaling": 1.0,
    "ridge": 0.011767253893171582,
    "seed": 1234
  }
}