{
  "returned_dict": {
    "loss": 0.02652965309144061,
    "r2": 0.9722812206988054,
    "status": "ok",
    "start_time": 1768162671.399133,
    "duration": 5.6045801639556885
  },
  "current_params": {
    "N": 150,
    "sr": 2.5892589365439975,
    "lr": 0.03964302882032122,
    "input_scaling": 1.0,
    "ridge": 0.004968881772063477,
    "seed": 1234
  }
}