{
  "returned_dict": {
    "loss": 0.024113834718156136,
    "r2": 0.9799589564592524,
    "status": "ok",
    "start_time": 1768139156.877258,
    "duration": 24.410562992095947
  },
  "current_params": {
    "N": 750,
    "sr": 0.579340268842185,
    "lr": 0.0032492184125318055,
    "input_scaling": 1.0,
    "ridge": 2.1187565853621826,
    "seed": 1234
  }
}