{
  "returned_dict": {
    "loss": 0.020076977224904397,
    "r2": 0.9861190727525724,
    "status": "ok",
    "start_time": 1768163939.8211389,
    "duration": 13.03617000579834
  },
  "current_params": {
    "N": 500,
    "sr": 0.1822070539633678,
    "lr": 0.2300449005161113,
    "input_scaling": 1.0,
    "ridge": 0.02241814517658387,
    "seed": 1234
  }
}