{
  "returned_dict": {
    "loss": 0.02248703964881054,
    "r2": 0.9825658185945176,
    "status": "ok",
    "start_time": 1768140535.565774,
    "duration": 5.853405952453613
  },
  "current_params": {
    "N": 250,
    "sr": 0.06274944433721241,
    "lr": 0.8082191418328011,
    "input_scaling": 1.0,
    "ridge": 0.10203710673780302,
    "seed": 1234
  }
}