{
  "returned_dict": {
    "loss": 0.023109999796695355,
    "r2": 0.9816088897226349,
    "status": "ok",
    "start_time": 1768163006.13324,
    "duration": 4.1940717697143555
  },
  "current_params": {
    "N": 150,
    "sr": 0.03249218412531805,
    "lr": 0.5961565983187638,
    "input_scaling": 1.0,
    "ridge": 0.001696485911165429,
    "seed": 1234
  }
}