{
  "returned_dict": {
    "loss": 0.02106488864444866,
    "r2": 0.9846866781062247,
    "status": "ok",
    "start_time": 1768140608.086061,
    "duration": 48.36743187904358
  },
  "current_params": {
    "N": 1000,
    "sr": 0.02125357492151453,
    "lr": 0.3078122111577062,
    "input_scaling": 1.0,
    "ridge": 0.1483726300078231,
    "seed": 1234
  }
}