{
  "returned_dict": {
    "loss": 0.021119451851957384,
    "r2": 0.9846364901900742,
    "status": "ok",
    "start_time": 1768163492.45373,
    "duration": 4.614308834075928
  },
  "current_params": {
    "N": 150,
    "sr": 0.22662997309479913,
    "lr": 0.13238308717692673,
    "input_scaling": 1.0,
    "ridge": 1.060033832171295,
    "seed": 1234
  }
}