{
  "returned_dict": {
    "loss": 0.022894144396593877,
    "r2": 0.9819434498536221,
    "status": "ok",
    "start_time": 1768163048.334584,
    "duration": 5.552479982376099
  },
  "current_params": {
    "N": 250,
    "sr": 2.22778006750894,
    "lr": 0.24285358390734382,
    "input_scaling": 1.0,
    "ridge": 3.2677104378295967,
    "seed": 1234
  }
}