{
  "returned_dict": {
    "loss": 0.02402168453905982,
    "r2": 0.9801317347519122,
    "status": "ok",
    "start_time": 1768163994.28728,
    "duration": 4.875908851623535
  },
  "current_params": {
    "N": 150,
    "sr": 0.019749983861550593,
    "lr": 0.8632318650597893,
    "input_scaling": 1.0,
    "ridge": 0.5644378758286142,
    "seed": 1234
  }
}