{
  "returned_dict": {
    "loss": 0.022369741986057116,
    "r2": 0.9798234215093435,
    "status": "ok",
    "start_time": 1768162677.327112,
    "duration": 6.6849682331085205
  },
  "current_params": {
    "N": 250,
    "sr": 0.0575638803116144,
    "lr": 0.058915244733192505,
    "input_scaling": 1.0,
    "ridge": 7.168739152398942e-08,
    "seed": 1234
  }
}