{
  "returned_dict": {
    "loss": 0.021761814403206667,
    "r2": 0.9836803923481605,
    "status": "ok",
    "start_time": 1768140816.0554008,
    "duration": 24.509592294692993
  },
  "current_params": {
    "N": 750,
    "sr": 0.3268695376331746,
    "lr": 0.5353733286565294,
    "input_scaling": 1.0,
    "ridge": 0.0019236030846715968,
    "seed": 1234
  }
}