{
  "returned_dict": {
    "loss": 0.020090404190612105,
    "r2": 0.9860984069593934,
    "status": "ok",
    "start_time": 1768140763.2893078,
    "duration": 24.846397161483765
  },
  "current_params": {
    "N": 750,
    "sr": 0.12077359762994741,
    "lr": 0.03453168207571195,
    "input_scaling": 1.0,
    "ridge": 0.04269246158779031,
    "seed": 1234
  }
}