{
  "returned_dict": {
    "loss": 0.021420462812294493,
    "r2": 0.9841640411570799,
    "status": "ok",
    "start_time": 1768163489.261214,
    "duration": 4.656630992889404
  },
  "current_params": {
    "N": 150,
    "sr": 0.45943634071488043,
    "lr": 0.14232602383284312,
    "input_scaling": 1.0,
    "ridge": 0.05212826046422367,
    "seed": 1234
  }
}