{
  "returned_dict": {
    "loss": 0.020714732499019037,
    "r2": 0.9852103055540512,
    "status": "ok",
    "start_time": 1768139053.1907442,
    "duration": 26.20909070968628
  },
  "current_params": {
    "N": 750,
    "sr": 0.11576516747459555,
    "lr": 0.8167592716599775,
    "input_scaling": 1.0,
    "ridge": 1.0916667729732807,
    "seed": 1234
  }
}