{
  "returned_dict": {
    "loss": 0.020011941851643778,
    "r2": 0.9862112601369916,
    "status": "ok",
    "start_time": 1768164260.653842,
    "duration": 11.712117910385132
  },
  "current_params": {
    "N": 500,
    "sr": 0.2995433253285191,
    "lr": 0.06291878456916235,
    "input_scaling": 1.0,
    "ridge": 2.405061139949222,
    "seed": 1234
  }
}