{
  "returned_dict": {
    "loss": 0.023119628429503304,
    "r2": 0.9815939056426839,
    "status": "ok",
    "start_time": 1768164031.869196,
    "duration": 4.642575979232788
  },
  "current_params": {
    "N": 150,
    "sr": 0.012282822558766358,
    "lr": 0.17094337924903036,
    "input_scaling": 1.0,
    "ridge": 0.14731172709840656,
    "seed": 1234
  }
}