{
  "returned_dict": {
    "loss": 0.02586594143415078,
    "r2": 0.9769639551142065,
    "status": "ok",
    "start_time": 1768163999.31934,
    "duration": 5.983054876327515
  },
  "current_params": {
    "N": 250,
    "sr": 0.016640900428673455,
    "lr": 0.9931953048461051,
    "input_scaling": 1.0,
    "ridge": 32.8700297559047,
    "seed": 1234
  }
}