{
  "returned_dict": {
    "loss": 0.0223308144808736,
    "r2": 0.9828086462005178,
    "status": "ok",
    "start_time": 1768163101.131381,
    "duration": 4.409110069274902
  },
  "current_params": {
    "N": 150,
    "sr": 0.7262282335791777,
    "lr": 0.027071830418088673,
    "input_scaling": 1.0,
    "ridge": 0.07126775341155972,
    "seed": 1234
  }
}