{
  "returned_dict": {
    "loss": 0.025631825516190098,
    "r2": 0.9772209235651873,
    "status": "ok",
    "start_time": 1768164247.9876502,
    "duration": 12.43656587600708
  },
  "current_params": {
    "N": 500,
    "sr": 2.179880178115194,
    "lr": 0.08461548108468285,
    "input_scaling": 1.0,
    "ridge": 0.10255744462555771,
    "seed": 1234
  }
}