{
  "returned_dict": {
    "loss": 0.023759729081243002,
    "r2": 0.9805622345548164,
    "status": "ok",
    "start_time": 1768163949.909626,
    "duration": 5.804706811904907
  },
  "current_params": {
    "N": 250,
    "sr": 0.07547844088454118,
    "lr": 0.10510226609249051,
    "input_scaling": 1.0,
    "ridge": 20.191458782869955,
    "seed": 1234
  }
}