{
  "returned_dict": {
    "loss": 0.027577784922667353,
    "r2": 0.9737616155806295,
    "status": "ok",
    "start_time": 1768139106.283775,
    "duration": 25.68001890182495
  },
  "current_params": {
    "N": 750,
    "sr": 0.06984763022713539,
    "lr": 0.007599434450298697,
    "input_scaling": 1.0,
    "ridge": 0.009062512790816803,
    "seed": 1234
  }
}