{
  "returned_dict": {
    "loss": 0.022723270277217895,
    "r2": 0.9822199840281831,
    "status": "ok",
    "start_time": 1768163059.267595,
    "duration": 4.47373104095459
  },
  "current_params": {
    "N": 150,
    "sr": 0.08049745951448255,
    "lr": 0.5692796855915587,
    "input_scaling": 1.0,
    "ridge": 0.10755889178244278,
    "seed": 1234
  }
}