{
  "returned_dict": {
    "loss": 0.020650631115273682,
    "r2": 0.9853167507072236,
    "status": "ok",
    "start_time": 1768163680.8739781,
    "duration": 11.69569993019104
  },
  "current_params": {
    "N": 500,
    "sr": 0.4718382661502147,
    "lr": 0.12776724544588514,
    "input_scaling": 1.0,
    "ridge": 99.17881657842533,
    "seed": 1234
  }
}