{
  "returned_dict": {
    "loss": 0.027431492412858062,
    "r2": 0.9738178777304232,
    "status": "ok",
    "start_time": 1768164229.321571,
    "duration": 11.709527015686035
  },
  "current_params": {
    "N": 500,
    "sr": 0.553796016700982,
    "lr": 0.003974906844027338,
    "input_scaling": 1.0,
    "ridge": 0.17263177486733958,
    "seed": 1234
  }
}