{
  "returned_dict": {
    "loss": 0.021430834038596785,
    "r2": 0.9841837837112216,
    "status": "ok",
    "start_time": 1768163473.014691,
    "duration": 5.119303941726685
  },
  "current_params": {
    "N": 150,
    "sr": 0.07919960293789888,
    "lr": 0.18717229344462774,
    "input_scaling": 1.0,
    "ridge": 0.02429762631852514,
    "seed": 1234
  }
}