{
  "returned_dict": {
    "loss": 0.028427161612094708,
    "r2": 0.9662466143316186,
    "status": "ok",
    "start_time": 1768162710.0450811,
    "duration": 5.526733875274658
  },
  "current_params": {
    "N": 250,
    "sr": 4.562560750885811,
    "lr": 0.5796576767870102,
    "input_scaling": 1.0,
    "ridge": 0.00034095442141833727,
    "seed": 1234
  }
}