{
  "returned_dict": {
    "loss": 0.025339556280174064,
    "r2": 0.9778916510380606,
    "status": "ok",
    "start_time": 1768163646.615508,
    "duration": 12.407571792602539
  },
  "current_params": {
    "N": 500,
    "sr": 0.016530576263139127,
    "lr": 0.6751940630181811,
    "input_scaling": 1.0,
    "ridge": 15.391053694611367,
    "seed": 1234
  }
}