{
  "returned_dict": {
    "loss": 0.02853837016631987,
    "r2": 0.9668720008315231,
    "status": "ok",
    "start_time": 1768162710.373559,
    "duration": 12.23741602897644
  },
  "current_params": {
    "N": 500,
    "sr": 0.014679246071636424,
    "lr": 0.006947592031783374,
    "input_scaling": 1.0,
    "ridge": 1.0166474238801299e-05,
    "seed": 1234
  }
}