{
  "returned_dict": {
    "loss": 0.02998718230610835,
    "r2": 0.9690209013161368,
    "status": "ok",
    "start_time": 1768140786.891114,
    "duration": 27.39670491218567
  },
  "current_params": {
    "N": 750,
    "sr": 7.5039087234539865,
    "lr": 0.9691553951339978,
    "input_scaling": 1.0,
    "ridge": 0.08890865128504387,
    "seed": 1234
  }
}