{
  "returned_dict": {
    "loss": 0.02195307989782836,
    "r2": 0.981133107010792,
    "status": "ok",
    "start_time": 1768162689.338913,
    "duration": 6.631348133087158
  },
  "current_params": {
    "N": 250,
    "sr": 0.021466697329771328,
    "lr": 0.9797245110829659,
    "input_scaling": 1.0,
    "ridge": 0.818088370046098,
    "seed": 1234
  }
}