{
  "returned_dict": {
    "loss": 0.02269302919221126,
    "r2": 0.9822650847355568,
    "status": "ok",
    "start_time": 1768163609.2334468,
    "duration": 5.096450090408325
  },
  "current_params": {
    "N": 150,
    "sr": 0.21858884200540865,
    "lr": 0.2736225707445663,
    "input_scaling": 1.0,
    "ridge": 21.41473893047778,
    "seed": 1234
  }
}