{
  "returned_dict": {
    "loss": 0.020131149967371635,
    "r2": 0.9841145867636849,
    "status": "ok",
    "start_time": 1768162739.187284,
    "duration": 12.306972980499268
  },
  "current_params": {
    "N": 500,
    "sr": 2.0948939776093187,
    "lr": 0.3947931822583929,
    "input_scaling": 1.0,
    "ridge": 0.045173445464369855,
    "seed": 1234
  }
}