{
  "returned_dict": {
    "loss": 0.020472688940536776,
    "r2": 0.9855666519959264,
    "status": "ok",
    "start_time": 1768163539.39792,
    "duration": 5.579276084899902
  },
  "current_params": {
    "N": 250,
    "sr": 0.29460640453908316,
    "lr": 0.15597015037518563,
    "input_scaling": 1.0,
    "ridge": 0.12106957148591423,
    "seed": 1234
  }
}