{
  "returned_dict": {
    "loss": 0.028107859274907433,
    "r2": 0.9727280207822794,
    "status": "ok",
    "start_time": 1768164251.7599459,
    "duration": 4.438266277313232
  },
  "current_params": {
    "N": 150,
    "sr": 2.5892589365439975,
    "lr": 0.03964302882032122,
    "input_scaling": 1.0,
    "ridge": 0.004968881772063477,
    "seed": 1234
  }
}