{
  "returned_dict": {
    "loss": 0.02927482939780158,
    "r2": 0.9640619935530687,
    "status": "ok",
    "start_time": 1768162647.305919,
    "duration": 5.92552924156189
  },
  "current_params": {
    "N": 250,
    "sr": 0.011010546189317025,
    "lr": 0.004886164566862709,
    "input_scaling": 1.0,
    "ridge": 1.5360309271896526e-07,
    "seed": 1234
  }
}