{
  "returned_dict": {
    "loss": 0.02120468164717503,
    "r2": 0.9845161605267725,
    "status": "ok",
    "start_time": 1768163497.4891331,
    "duration": 4.946493864059448
  },
  "current_params": {
    "N": 250,
    "sr": 0.4061830826108326,
    "lr": 0.29334696651182457,
    "input_scaling": 1.0,
    "ridge": 13.773800774141002,
    "seed": 1234
  }
}