{
  "returned_dict": {
    "loss": 0.021223145120507568,
    "r2": 0.984488081743309,
    "status": "ok",
    "start_time": 1768164224.309598,
    "duration": 4.923240900039673
  },
  "current_params": {
    "N": 150,
    "sr": 0.08867213299758853,
    "lr": 0.20703191359829184,
    "input_scaling": 1.0,
    "ridge": 0.00901470186995277,
    "seed": 1234
  }
}