{
  "returned_dict": {
    "loss": 0.02205630094405823,
    "r2": 0.9809554822815857,
    "status": "ok",
    "start_time": 1768162726.9562,
    "duration": 12.22701621055603
  },
  "current_params": {
    "N": 500,
    "sr": 0.0206509077992012,
    "lr": 0.015691249214948737,
    "input_scaling": 1.0,
    "ridge": 1.8031798805085524,
    "seed": 1234
  }
}