{
  "returned_dict": {
    "loss": 0.023365636796597564,
    "r2": 0.9811826380682389,
    "status": "ok",
    "start_time": 1768140695.1099808,
    "duration": 25.292520999908447
  },
  "current_params": {
    "N": 750,
    "sr": 1.5454577118902184,
    "lr": 0.04560150706937629,
    "input_scaling": 1.0,
    "ridge": 2.6623177124829938,
    "seed": 1234
  }
}