{
  "returned_dict": {
    "loss": 0.02534709124208139,
    "r2": 0.9778612300906632,
    "status": "ok",
    "start_time": 1768163037.743785,
    "duration": 4.746084213256836
  },
  "current_params": {
    "N": 150,
    "sr": 0.37261372356279315,
    "lr": 0.002018439370613351,
    "input_scaling": 1.0,
    "ridge": 0.31704943537280117,
    "seed": 1234
  }
}