{
  "returned_dict": {
    "loss": 0.020766016390154945,
    "r2": 0.9851490733366575,
    "status": "ok",
    "start_time": 1768163550.592154,
    "duration": 5.658523082733154
  },
  "current_params": {
    "N": 250,
    "sr": 0.5926602139261745,
    "lr": 0.8337909890288271,
    "input_scaling": 1.0,
    "ridge": 1.0340265755850095,
    "seed": 1234
  }
}