{
  "returned_dict": {
    "loss": 0.02258643347409737,
    "r2": 0.9824249381303698,
    "status": "ok",
    "start_time": 1768163539.3012328,
    "duration": 4.968783140182495
  },
  "current_params": {
    "N": 150,
    "sr": 0.3092973910145571,
    "lr": 0.42659115312533524,
    "input_scaling": 1.0,
    "ridge": 25.38191579803945,
    "seed": 1234
  }
}