{
  "returned_dict": {
    "loss": 0.024171325295095417,
    "r2": 0.979881810640759,
    "status": "ok",
    "start_time": 1768163546.904078,
    "duration": 5.655588865280151
  },
  "current_params": {
    "N": 250,
    "sr": 0.011806459143103116,
    "lr": 0.2620595821182228,
    "input_scaling": 1.0,
    "ridge": 0.7880081339294566,
    "seed": 1234
  }
}