{
  "returned_dict": {
    "loss": 0.025825136504098005,
    "r2": 0.9770147384393993,
    "status": "ok",
    "start_time": 1768164236.926744,
    "duration": 4.553450107574463
  },
  "current_params": {
    "N": 150,
    "sr": 0.055401138401846975,
    "lr": 0.0051284613751943825,
    "input_scaling": 1.0,
    "ridge": 0.05177600317060308,
    "seed": 1234
  }
}