{
  "returned_dict": {
    "loss": 0.02022184720806232,
    "r2": 0.98591768908226,
    "status": "ok",
    "start_time": 1768140479.6937249,
    "duration": 30.792498350143433
  },
  "current_params": {
    "N": 750,
    "sr": 1.1198164932559396,
    "lr": 0.17150882346504792,
    "input_scaling": 1.0,
    "ridge": 5.100204521161116,
    "seed": 1234
  }
}