{
  "returned_dict": {
    "loss": 0.023283432755782825,
    "r2": 0.9812989219570349,
    "status": "ok",
    "start_time": 1768139357.527776,
    "duration": 24.74660301208496
  },
  "current_params": {
    "N": 750,
    "sr": 0.14124057220154665,
    "lr": 0.15454577118902182,
    "input_scaling": 1.0,
    "ridge": 0.0009482821753004635,
    "seed": 1234
  }
}