{
  "returned_dict": {
    "loss": 0.02134783034629717,
    "r2": 0.984296761393483,
    "status": "ok",
    "start_time": 1768140812.935936,
    "duration": 5.441626787185669
  },
  "current_params": {
    "N": 250,
    "sr": 0.8860273958095527,
    "lr": 0.10247307438515181,
    "input_scaling": 1.0,
    "ridge": 0.07347289821082036,
    "seed": 1234
  }
}