{
  "returned_dict": {
    "loss": 0.02123053423223859,
    "r2": 0.9844750799731894,
    "status": "ok",
    "start_time": 1768163933.789572,
    "duration": 5.773109197616577
  },
  "current_params": {
    "N": 250,
    "sr": 0.21717304645704524,
    "lr": 0.2958667806431056,
    "input_scaling": 1.0,
    "ridge": 1.8236623241944332,
    "seed": 1234
  }
}