{
  "returned_dict": {
    "loss": 0.025171461870617796,
    "r2": 0.978183800796619,
    "status": "ok",
    "start_time": 1768163064.373111,
    "duration": 4.565299987792969
  },
  "current_params": {
    "N": 150,
    "sr": 0.014848952584251816,
    "lr": 0.25286665343680337,
    "input_scaling": 1.0,
    "ridge": 2.239540246744529,
    "seed": 1234
  }
}