{
  "returned_dict": {
    "loss": 0.021049934183646,
    "r2": 0.98472913304504,
    "status": "ok",
    "start_time": 1768140571.764647,
    "duration": 6.940294027328491
  },
  "current_params": {
    "N": 250,
    "sr": 0.08867213299758853,
    "lr": 0.20703191359829184,
    "input_scaling": 1.0,
    "ridge": 0.00901470186995277,
    "seed": 1234
  }
}