{
  "returned_dict": {
    "loss": 0.02366651660513121,
    "r2": 0.9807019311684961,
    "status": "ok",
    "start_time": 1768139207.9248152,
    "duration": 25.1893367767334
  },
  "current_params": {
    "N": 750,
    "sr": 0.038842215832221166,
    "lr": 0.00853043186918116,
    "input_scaling": 1.0,
    "ridge": 0.0992301263103312,
    "seed": 1234
  }
}