{
  "returned_dict": {
    "loss": 0.02083491013797773,
    "r2": 0.9850488344504938,
    "status": "ok",
    "start_time": 1768163509.149954,
    "duration": 4.795121908187866
  },
  "current_params": {
    "N": 150,
    "sr": 0.13882423964854892,
    "lr": 0.2607728813743946,
    "input_scaling": 1.0,
    "ridge": 0.015740425918515908,
    "seed": 1234
  }
}