{
  "returned_dict": {
    "loss": 0.02001527502597923,
    "r2": 0.9843116004571684,
    "status": "ok",
    "start_time": 1768162722.7654002,
    "duration": 3.9473929405212402
  },
  "current_params": {
    "N": 150,
    "sr": 0.05382727102224969,
    "lr": 0.33944166911116286,
    "input_scaling": 1.0,
    "ridge": 0.005473918213903196,
    "seed": 1234
  }
}