{
  "returned_dict": {
    "loss": 0.025156854984282016,
    "r2": 0.9782077307362135,
    "status": "ok",
    "start_time": 1768163999.1644921,
    "duration": 4.9304139614105225
  },
  "current_params": {
    "N": 150,
    "sr": 0.04016564846001759,
    "lr": 0.8287850252759209,
    "input_scaling": 1.0,
    "ridge": 13.340623932307144,
    "seed": 1234
  }
}