{
  "returned_dict": {
    "loss": 0.027230909743078624,
    "r2": 0.9709542747950645,
    "status": "ok",
    "start_time": 1768162637.4537501,
    "duration": 6.02827000617981
  },
  "current_params": {
    "N": 250,
    "sr": 0.2073644866466938,
    "lr": 0.001161010746460066,
    "input_scaling": 1.0,
    "ridge": 0.273292250988277,
    "seed": 1234
  }
}