{
  "returned_dict": {
    "loss": 0.026657239439054698,
    "r2": 0.9721493633976822,
    "status": "ok",
    "start_time": 1768162669.885459,
    "duration": 4.853308200836182
  },
  "current_params": {
    "N": 150,
    "sr": 7.02382657923694,
    "lr": 0.5611048965125561,
    "input_scaling": 1.0,
    "ridge": 0.00021290891889456224,
    "seed": 1234
  }
}