{
  "returned_dict": {
    "loss": 0.021165103229892297,
    "r2": 0.9845602524531009,
    "status": "ok",
    "start_time": 1768163983.4804711,
    "duration": 4.726235866546631
  },
  "current_params": {
    "N": 150,
    "sr": 0.40624090955288716,
    "lr": 0.34097479430688804,
    "input_scaling": 1.0,
    "ridge": 3.4015003271833373,
    "seed": 1234
  }
}