{
  "returned_dict": {
    "loss": 0.02114907102508572,
    "r2": 0.9845880323914497,
    "status": "ok",
    "start_time": 1768163625.8350668,
    "duration": 4.715147018432617
  },
  "current_params": {
    "N": 150,
    "sr": 0.3288812085346745,
    "lr": 0.5241588898814014,
    "input_scaling": 1.0,
    "ridge": 0.5350226388908713,
    "seed": 1234
  }
}