{
  "returned_dict": {
    "loss": 0.0293810203197184,
    "r2": 0.9700509101530258,
    "status": "ok",
    "start_time": 1768140591.614271,
    "duration": 45.58741092681885
  },
  "current_params": {
    "N": 1000,
    "sr": 0.553796016700982,
    "lr": 0.003974906844027338,
    "input_scaling": 1.0,
    "ridge": 0.17263177486733958,
    "seed": 1234
  }
}