{
  "returned_dict": {
    "loss": 0.027189243996943308,
    "r2": 0.9742137855072365,
    "status": "ok",
    "start_time": 1768139081.172398,
    "duration": 24.822919845581055
  },
  "current_params": {
    "N": 750,
    "sr": 1.3046563604508188,
    "lr": 0.21988069097489774,
    "input_scaling": 1.0,
    "ridge": 0.00013497147060606175,
    "seed": 1234
  }
}