{
  "returned_dict": {
    "loss": 0.021085748871635557,
    "r2": 0.9846862958609675,
    "status": "ok",
    "start_time": 1768163640.4499981,
    "duration": 5.8270769119262695
  },
  "current_params": {
    "N": 250,
    "sr": 0.35876467655871064,
    "lr": 0.9371873675476999,
    "input_scaling": 1.0,
    "ridge": 1.0068499313935542,
    "seed": 1234
  }
}