{
  "returned_dict": {
    "loss": 0.02018115573243663,
    "r2": 0.9859708225908956,
    "status": "ok",
    "start_time": 1768139180.966041,
    "duration": 25.651473999023438
  },
  "current_params": {
    "N": 750,
    "sr": 0.06977524201596251,
    "lr": 0.0951191375975513,
    "input_scaling": 1.0,
    "ridge": 0.03491013502544591,
    "seed": 1234
  }
}