{
  "returned_dict": {
    "loss": 0.023662477303675527,
    "r2": 0.9807206971913317,
    "status": "ok",
    "start_time": 1768163478.202402,
    "duration": 6.228673934936523
  },
  "current_params": {
    "N": 250,
    "sr": 0.15199558840940788,
    "lr": 0.10539108389301098,
    "input_scaling": 1.0,
    "ridge": 68.27109254919493,
    "seed": 1234
  }
}