{
  "returned_dict": {
    "loss": 0.021968330927143554,
    "r2": 0.9833819703688882,
    "status": "ok",
    "start_time": 1768163737.175748,
    "duration": 5.398582696914673
  },
  "current_params": {
    "N": 250,
    "sr": 0.02372396987445463,
    "lr": 0.12156585004947634,
    "input_scaling": 1.0,
    "ridge": 0.23318883578716898,
    "seed": 1234
  }
}