{
  "returned_dict": {
    "loss": 0.02190133212781092,
    "r2": 0.9834799252006224,
    "status": "ok",
    "start_time": 1768163452.5482082,
    "duration": 15.199055671691895
  },
  "current_params": {
    "N": 500,
    "sr": 0.018039615030067877,
    "lr": 0.2820888614090518,
    "input_scaling": 1.0,
    "ridge": 0.3042230366019295,
    "seed": 1234
  }
}