{
  "returned_dict": {
    "loss": 0.02301722448203846,
    "r2": 0.9817464312963459,
    "status": "ok",
    "start_time": 1768163652.233072,
    "duration": 5.603506088256836
  },
  "current_params": {
    "N": 250,
    "sr": 0.01939741537911964,
    "lr": 0.833624504887674,
    "input_scaling": 1.0,
    "ridge": 0.04593321996238615,
    "seed": 1234
  }
}