{
  "returned_dict": {
    "loss": 0.024438662079777573,
    "r2": 0.979300111913037,
    "status": "ok",
    "start_time": 1768139080.062758,
    "duration": 25.8336181640625
  },
  "current_params": {
    "N": 750,
    "sr": 1.0219790287083488,
    "lr": 0.02048593340612814,
    "input_scaling": 1.0,
    "ridge": 0.311963485892655,
    "seed": 1234
  }
}