{
  "returned_dict": {
    "loss": 0.020849208356568,
    "r2": 0.9850323930416393,
    "status": "ok",
    "start_time": 1768163556.8461199,
    "duration": 6.086188077926636
  },
  "current_params": {
    "N": 250,
    "sr": 0.8257685944390116,
    "lr": 0.9896109055372706,
    "input_scaling": 1.0,
    "ridge": 12.257998543649094,
    "seed": 1234
  }
}