{
  "returned_dict": {
    "loss": 0.022684199544423397,
    "r2": 0.9822786171727614,
    "status": "ok",
    "start_time": 1768139380.5642262,
    "duration": 24.30328392982483
  },
  "current_params": {
    "N": 750,
    "sr": 0.2122962785211374,
    "lr": 0.008049745951448252,
    "input_scaling": 1.0,
    "ridge": 1.8449179641072369,
    "seed": 1234
  }
}