{
  "returned_dict": {
    "loss": 0.026611245815344915,
    "r2": 0.9755274126097782,
    "status": "ok",
    "start_time": 1768162980.0149271,
    "duration": 6.039463996887207
  },
  "current_params": {
    "N": 250,
    "sr": 3.040139526967998,
    "lr": 0.07852233350555968,
    "input_scaling": 1.0,
    "ridge": 0.0664951026473324,
    "seed": 1234
  }
}