{
  "returned_dict": {
    "loss": 0.024518226289334605,
    "r2": 0.9792741048933195,
    "status": "ok",
    "start_time": 1768162992.296282,
    "duration": 5.005505800247192
  },
  "current_params": {
    "N": 150,
    "sr": 0.8019641600450211,
    "lr": 0.04578657964048661,
    "input_scaling": 1.0,
    "ridge": 0.0010786100107056423,
    "seed": 1234
  }
}