{
  "returned_dict": {
    "loss": 0.02519436243768224,
    "r2": 0.9745105344824216,
    "status": "ok",
    "start_time": 1768162695.994296,
    "duration": 5.8350510597229
  },
  "current_params": {
    "N": 250,
    "sr": 0.040303831284081194,
    "lr": 0.0023701238358451266,
    "input_scaling": 1.0,
    "ridge": 0.0003473592846576221,
    "seed": 1234
  }
}