{
  "returned_dict": {
    "loss": 0.020651128078115553,
    "r2": 0.9853159279160939,
    "status": "ok",
    "start_time": 1768163621.3329751,
    "duration": 6.152774810791016
  },
  "current_params": {
    "N": 250,
    "sr": 0.8390644655999823,
    "lr": 0.8101784566026193,
    "input_scaling": 1.0,
    "ridge": 6.292576951965635,
    "seed": 1234
  }
}