{
  "returned_dict": {
    "loss": 0.021452986834609833,
    "r2": 0.9841452863154675,
    "status": "ok",
    "start_time": 1768163025.934905,
    "duration": 12.191978931427002
  },
  "current_params": {
    "N": 500,
    "sr": 0.02125357492151453,
    "lr": 0.3078122111577062,
    "input_scaling": 1.0,
    "ridge": 0.1483726300078231,
    "seed": 1234
  }
}