{
  "returned_dict": {
    "loss": 0.020491267373853754,
    "r2": 0.9835321782450201,
    "status": "ok",
    "start_time": 1768162609.34756,
    "duration": 4.584419012069702
  },
  "current_params": {
    "N": 150,
    "sr": 0.0949458691420658,
    "lr": 0.012923469377951078,
    "input_scaling": 1.0,
    "ridge": 0.00016826829781876375,
    "seed": 1234
  }
}