{
  "returned_dict": {
    "loss": 0.022357678283116515,
    "r2": 0.98268962233692,
    "status": "ok",
    "start_time": 1768164196.422831,
    "duration": 4.771823883056641
  },
  "current_params": {
    "N": 150,
    "sr": 0.9875351660720859,
    "lr": 0.13046563604508185,
    "input_scaling": 1.0,
    "ridge": 0.10630685722721522,
    "seed": 1234
  }
}