{
  "returned_dict": {
    "loss": 0.02558545280796386,
    "r2": 0.977115419059819,
    "status": "ok",
    "start_time": 1768140587.5862138,
    "duration": 25.802455186843872
  },
  "current_params": {
    "N": 750,
    "sr": 2.1488916321401237,
    "lr": 0.8231505603866843,
    "input_scaling": 1.0,
    "ridge": 0.00032112245533879566,
    "seed": 1234
  }
}