{
  "returned_dict": {
    "loss": 0.02155977729758193,
    "r2": 0.9839867232649278,
    "status": "ok",
    "start_time": 1768139507.365574,
    "duration": 25.455048084259033
  },
  "current_params": {
    "N": 750,
    "sr": 0.8860273958095527,
    "lr": 0.10247307438515181,
    "input_scaling": 1.0,
    "ridge": 0.07347289821082036,
    "seed": 1234
  }
}