{
  "returned_dict": {
    "loss": 0.020993218310723327,
    "r2": 0.9848201455422331,
    "status": "ok",
    "start_time": 1768163681.613065,
    "duration": 5.0070109367370605
  },
  "current_params": {
    "N": 150,
    "sr": 0.21447144221530215,
    "lr": 0.4468121925346756,
    "input_scaling": 1.0,
    "ridge": 0.023001857464787567,
    "seed": 1234
  }
}