{
  "returned_dict": {
    "loss": 0.02112154452905713,
    "r2": 0.9846267504699814,
    "status": "ok",
    "start_time": 1768139430.830629,
    "duration": 24.898931980133057
  },
  "current_params": {
    "N": 750,
    "sr": 1.2569784548823897,
    "lr": 0.08865423073743597,
    "input_scaling": 1.0,
    "ridge": 2.9197770274829815,
    "seed": 1234
  }
}