{
  "returned_dict": {
    "loss": 0.02238532048538232,
    "r2": 0.9803826937594445,
    "status": "ok",
    "start_time": 1768162634.199952,
    "duration": 5.758357286453247
  },
  "current_params": {
    "N": 250,
    "sr": 0.5925792970318424,
    "lr": 0.0011706083377588765,
    "input_scaling": 1.0,
    "ridge": 4.236750790632555,
    "seed": 1234
  }
}