{
  "returned_dict": {
    "loss": 0.021537755526624885,
    "r2": 0.9840244212173669,
    "status": "ok",
    "start_time": 1768139408.033062,
    "duration": 24.2831609249115
  },
  "current_params": {
    "N": 750,
    "sr": 0.06490471600199402,
    "lr": 0.13480751149995324,
    "input_scaling": 1.0,
    "ridge": 6.635032646706886,
    "seed": 1234
  }
}