{
  "returned_dict": {
    "loss": 0.029250724367794162,
    "r2": 0.9694079943697105,
    "status": "ok",
    "start_time": 1768163019.929632,
    "duration": 6.257281064987183
  },
  "current_params": {
    "N": 250,
    "sr": 2.1488916321401237,
    "lr": 0.8231505603866843,
    "input_scaling": 1.0,
    "ridge": 0.00032112245533879566,
    "seed": 1234
  }
}