{
  "returned_dict": {
    "loss": 0.02009050007602001,
    "r2": 0.9860982788872745,
    "status": "ok",
    "start_time": 1768139456.861753,
    "duration": 24.088284969329834
  },
  "current_params": {
    "N": 750,
    "sr": 0.12077359762994741,
    "lr": 0.03453168207571195,
    "input_scaling": 1.0,
    "ridge": 0.04269246158779031,
    "seed": 1234
  }
}