{
  "returned_dict": {
    "loss": 0.020573089714272123,
    "r2": 0.9854265694540396,
    "status": "ok",
    "start_time": 1768164259.953164,
    "duration": 6.555335760116577
  },
  "current_params": {
    "N": 250,
    "sr": 0.25000889404949733,
    "lr": 0.036973905469964256,
    "input_scaling": 1.0,
    "ridge": 0.07504305572850614,
    "seed": 1234
  }
}