{
  "returned_dict": {
    "loss": 0.026805727566999636,
    "r2": 0.9751241973634448,
    "status": "ok",
    "start_time": 1768140725.356493,
    "duration": 43.470268964767456
  },
  "current_params": {
    "N": 1000,
    "sr": 2.071692039719221,
    "lr": 0.1242688707732934,
    "input_scaling": 1.0,
    "ridge": 0.34819454896946306,
    "seed": 1234
  }
}