{
  "returned_dict": {
    "loss": 0.022180445875052874,
    "r2": 0.9830568894223406,
    "status": "ok",
    "start_time": 1768163510.9567192,
    "duration": 11.941955804824829
  },
  "current_params": {
    "N": 500,
    "sr": 0.118069050825186,
    "lr": 0.3267554727361041,
    "input_scaling": 1.0,
    "ridge": 26.933238475569986,
    "seed": 1234
  }
}