{
  "returned_dict": {
    "loss": 0.021482255143978352,
    "r2": 0.9841102571998617,
    "status": "ok",
    "start_time": 1768163474.674718,
    "duration": 12.498217105865479
  },
  "current_params": {
    "N": 500,
    "sr": 0.14402541585949324,
    "lr": 0.15023557480172353,
    "input_scaling": 1.0,
    "ridge": 26.69667265558156,
    "seed": 1234
  }
}