{
  "returned_dict": {
    "loss": 0.020748394626186054,
    "r2": 0.9851757479495593,
    "status": "ok",
    "start_time": 1768164282.107019,
    "duration": 3.7945311069488525
  },
  "current_params": {
    "N": 150,
    "sr": 0.08017295620100137,
    "lr": 0.05420653503816144,
    "input_scaling": 1.0,
    "ridge": 0.019860194677258518,
    "seed": 1234
  }
}