{
  "returned_dict": {
    "loss": 0.023220046616579358,
    "r2": 0.9814321974133268,
    "status": "ok",
    "start_time": 1768139529.484596,
    "duration": 24.116644144058228
  },
  "current_params": {
    "N": 750,
    "sr": 0.0206509077992012,
    "lr": 0.015691249214948737,
    "input_scaling": 1.0,
    "ridge": 1.8031798805085524,
    "seed": 1234
  }
}