{
  "returned_dict": {
    "loss": 0.021949008640941035,
    "r2": 0.9810559432847576,
    "status": "ok",
    "start_time": 1768162690.159629,
    "duration": 4.270532846450806
  },
  "current_params": {
    "N": 150,
    "sr": 0.9932400161764057,
    "lr": 0.08920209342713334,
    "input_scaling": 1.0,
    "ridge": 6.515781958994774e-08,
    "seed": 1234
  }
}