{
  "returned_dict": {
    "loss": 0.02236614883189724,
    "r2": 0.9827633528399129,
    "status": "ok",
    "start_time": 1768164278.081341,
    "duration": 4.004595041275024
  },
  "current_params": {
    "N": 150,
    "sr": 1.3480751149995323,
    "lr": 0.8721965303593258,
    "input_scaling": 1.0,
    "ridge": 0.003190747618733736,
    "seed": 1234
  }
}