{
  "returned_dict": {
    "loss": 0.024309545187891655,
    "r2": 0.9796517530225604,
    "status": "ok",
    "start_time": 1768163965.565311,
    "duration": 4.713449954986572
  },
  "current_params": {
    "N": 150,
    "sr": 0.029193185301288806,
    "lr": 0.33944513652028385,
    "input_scaling": 1.0,
    "ridge": 2.6549924034388397,
    "seed": 1234
  }
}