{
  "returned_dict": {
    "loss": 0.022900975166256953,
    "r2": 0.9819386486789167,
    "status": "ok",
    "start_time": 1768163467.295346,
    "duration": 6.047137975692749
  },
  "current_params": {
    "N": 250,
    "sr": 0.1300362104499763,
    "lr": 0.6079924819654109,
    "input_scaling": 1.0,
    "ridge": 4.542073537647855,
    "seed": 1234
  }
}