{
  "returned_dict": {
    "loss": 0.021703769983660356,
    "r2": 0.9837469387828103,
    "status": "ok",
    "start_time": 1768140809.028864,
    "duration": 6.37390398979187
  },
  "current_params": {
    "N": 250,
    "sr": 0.05382727102224969,
    "lr": 0.33944166911116286,
    "input_scaling": 1.0,
    "ridge": 0.005473918213903196,
    "seed": 1234
  }
}