{
  "returned_dict": {
    "loss": 0.020513333734210222,
    "r2": 0.9855092227903143,
    "status": "ok",
    "start_time": 1768163506.0662558,
    "duration": 5.601858139038086
  },
  "current_params": {
    "N": 250,
    "sr": 0.22984182087073404,
    "lr": 0.2475314904453894,
    "input_scaling": 1.0,
    "ridge": 0.187052875052861,
    "seed": 1234
  }
}