{
  "returned_dict": {
    "loss": 0.028432698340386132,
    "r2": 0.9718145483763797,
    "status": "ok",
    "start_time": 1768139454.8093839,
    "duration": 24.673136234283447
  },
  "current_params": {
    "N": 750,
    "sr": 0.9063567418648888,
    "lr": 0.008884693605567399,
    "input_scaling": 1.0,
    "ridge": 0.12214902306266232,
    "seed": 1234
  }
}