{
  "returned_dict": {
    "loss": 0.02086240701836518,
    "r2": 0.9850135670539675,
    "status": "ok",
    "start_time": 1768163587.436605,
    "duration": 11.801415205001831
  },
  "current_params": {
    "N": 500,
    "sr": 0.2204071189437245,
    "lr": 0.17284561386935096,
    "input_scaling": 1.0,
    "ridge": 25.77059931552927,
    "seed": 1234
  }
}