{
  "returned_dict": {
    "loss": 0.024601057514253552,
    "r2": 0.9791601934694215,
    "status": "ok",
    "start_time": 1768163564.7884932,
    "duration": 4.620485782623291
  },
  "current_params": {
    "N": 150,
    "sr": 0.030713895910539107,
    "lr": 0.6975709474976651,
    "input_scaling": 1.0,
    "ridge": 3.5510337658508875,
    "seed": 1234
  }
}