{
  "returned_dict": {
    "loss": 0.025559737444189084,
    "r2": 0.9774992777444507,
    "status": "ok",
    "start_time": 1768140638.179206,
    "duration": 5.908239126205444
  },
  "current_params": {
    "N": 250,
    "sr": 0.37261372356279315,
    "lr": 0.002018439370613351,
    "input_scaling": 1.0,
    "ridge": 0.31704943537280117,
    "seed": 1234
  }
}