{
  "returned_dict": {
    "loss": 0.022752270305978196,
    "r2": 0.9821388369302534,
    "status": "ok",
    "start_time": 1768140672.261327,
    "duration": 25.402573823928833
  },
  "current_params": {
    "N": 750,
    "sr": 0.03264930284382226,
    "lr": 0.049528118993442,
    "input_scaling": 1.0,
    "ridge": 0.0014186479221775007,
    "seed": 1234
  }
}