{
  "returned_dict": {
    "loss": 0.02045458482026442,
    "r2": 0.985591751875643,
    "status": "ok",
    "start_time": 1768163676.137467,
    "duration": 12.878172159194946
  },
  "current_params": {
    "N": 500,
    "sr": 0.5024205080992937,
    "lr": 0.4335846353425762,
    "input_scaling": 1.0,
    "ridge": 0.03073878613433833,
    "seed": 1234
  }
}