{
  "returned_dict": {
    "loss": 0.029313077777235973,
    "r2": 0.9701086421679668,
    "status": "ok",
    "start_time": 1768139383.862428,
    "duration": 24.990346908569336
  },
  "current_params": {
    "N": 750,
    "sr": 2.1394582801523425,
    "lr": 0.003931992507823152,
    "input_scaling": 1.0,
    "ridge": 1.5694375678920185,
    "seed": 1234
  }
}