{
  "returned_dict": {
    "loss": 0.022706979784631036,
    "r2": 0.982245262340748,
    "status": "ok",
    "start_time": 1768163922.563509,
    "duration": 4.4457879066467285
  },
  "current_params": {
    "N": 150,
    "sr": 0.044838462907863516,
    "lr": 0.23467115240253233,
    "input_scaling": 1.0,
    "ridge": 0.7554804756926679,
    "seed": 1234
  }
}