{
  "returned_dict": {
    "loss": 0.020670792517719944,
    "r2": 0.9832704565086547,
    "status": "ok",
    "start_time": 1768162683.0238059,
    "duration": 4.548795223236084
  },
  "current_params": {
    "N": 150,
    "sr": 0.027755567891872914,
    "lr": 0.6432538439268882,
    "input_scaling": 1.0,
    "ridge": 8.732454567198535e-05,
    "seed": 1234
  }
}