{
  "returned_dict": {
    "loss": 0.023243223582155748,
    "r2": 0.9813953326204246,
    "status": "ok",
    "start_time": 1768163651.730738,
    "duration": 5.428076982498169
  },
  "current_params": {
    "N": 250,
    "sr": 0.019604081005701202,
    "lr": 0.6678273337130928,
    "input_scaling": 1.0,
    "ridge": 0.17431657960054173,
    "seed": 1234
  }
}