{
  "returned_dict": {
    "loss": 0.02674801033916025,
    "r2": 0.9751821544886855,
    "status": "ok",
    "start_time": 1768139529.167697,
    "duration": 24.690364122390747
  },
  "current_params": {
    "N": 750,
    "sr": 0.10514106862976215,
    "lr": 0.031365403262177,
    "input_scaling": 1.0,
    "ridge": 0.0006063164748260105,
    "seed": 1234
  }
}