{
  "returned_dict": {
    "loss": 0.023778226503783327,
    "r2": 0.9805171021166299,
    "status": "ok",
    "start_time": 1768164327.437164,
    "duration": 11.877470016479492
  },
  "current_params": {
    "N": 500,
    "sr": 0.1551744458895236,
    "lr": 0.006675367074106863,
    "input_scaling": 1.0,
    "ridge": 0.9528357855832742,
    "seed": 1234
  }
}