{
  "returned_dict": {
    "loss": 0.029289477930088115,
    "r2": 0.9704613490970585,
    "status": "ok",
    "start_time": 1768164294.3529332,
    "duration": 5.8867878913879395
  },
  "current_params": {
    "N": 250,
    "sr": 7.5039087234539865,
    "lr": 0.9691553951339978,
    "input_scaling": 1.0,
    "ridge": 0.08890865128504387,
    "seed": 1234
  }
}