{
  "returned_dict": {
    "loss": 0.02244873298576358,
    "r2": 0.9826401561370435,
    "status": "ok",
    "start_time": 1768163575.253794,
    "duration": 6.634045124053955
  },
  "current_params": {
    "N": 250,
    "sr": 0.2763070037562209,
    "lr": 0.9187793455369554,
    "input_scaling": 1.0,
    "ridge": 13.428289108463622,
    "seed": 1234
  }
}