{
  "returned_dict": {
    "loss": 0.02377255534333479,
    "r2": 0.9805407510115829,
    "status": "ok",
    "start_time": 1768163059.885607,
    "duration": 5.493279933929443
  },
  "current_params": {
    "N": 250,
    "sr": 0.021466697329771328,
    "lr": 0.9797245110829659,
    "input_scaling": 1.0,
    "ridge": 0.818088370046098,
    "seed": 1234
  }
}