{
  "returned_dict": {
    "loss": 0.020567540061093743,
    "r2": 0.9854299535972852,
    "status": "ok",
    "start_time": 1768163689.3230069,
    "duration": 4.499105215072632
  },
  "current_params": {
    "N": 150,
    "sr": 0.2625164787269432,
    "lr": 0.1489799576292865,
    "input_scaling": 1.0,
    "ridge": 0.023274696326813463,
    "seed": 1234
  }
}