{
  "returned_dict": {
    "loss": 0.020050806317830093,
    "r2": 0.9861523310443505,
    "status": "ok",
    "start_time": 1768140569.825102,
    "duration": 27.03025794029236
  },
  "current_params": {
    "N": 750,
    "sr": 0.20197200649695654,
    "lr": 0.9486951758165582,
    "input_scaling": 1.0,
    "ridge": 1.0594864243782973,
    "seed": 1234
  }
}