{
  "returned_dict": {
    "loss": 0.025130862116456848,
    "r2": 0.9781987126894471,
    "status": "ok",
    "start_time": 1768139382.805611,
    "duration": 24.47071599960327
  },
  "current_params": {
    "N": 750,
    "sr": 0.8920209342713336,
    "lr": 0.0018677647765493754,
    "input_scaling": 1.0,
    "ridge": 1.1838606626950674,
    "seed": 1234
  }
}