{
  "returned_dict": {
    "loss": 0.023234277383577622,
    "r2": 0.9788677575823911,
    "status": "ok",
    "start_time": 1768162693.2493818,
    "duration": 5.56514310836792
  },
  "current_params": {
    "N": 150,
    "sr": 0.014848952584251816,
    "lr": 0.25286665343680337,
    "input_scaling": 1.0,
    "ridge": 2.239540246744529,
    "seed": 1234
  }
}