{
  "returned_dict": {
    "loss": 0.02144409047555035,
    "r2": 0.9841580285795617,
    "status": "ok",
    "start_time": 1768163664.808783,
    "duration": 4.2282609939575195
  },
  "current_params": {
    "N": 150,
    "sr": 0.29497575719174446,
    "lr": 0.1593692735934112,
    "input_scaling": 1.0,
    "ridge": 6.0144028653489885,
    "seed": 1234
  }
}