{
  "returned_dict": {
    "loss": 0.021189524629296345,
    "r2": 0.984540198958987,
    "status": "ok",
    "start_time": 1768163960.417006,
    "duration": 12.190623998641968
  },
  "current_params": {
    "N": 500,
    "sr": 0.14528916186470953,
    "lr": 0.15840746779567005,
    "input_scaling": 1.0,
    "ridge": 16.46258782002036,
    "seed": 1234
  }
}