{
  "returned_dict": {
    "loss": 0.021048011765177572,
    "r2": 0.9847426533213671,
    "status": "ok",
    "start_time": 1768163604.502115,
    "duration": 5.261009931564331
  },
  "current_params": {
    "N": 250,
    "sr": 0.4521289791589673,
    "lr": 0.42821748762802675,
    "input_scaling": 1.0,
    "ridge": 10.773354740351795,
    "seed": 1234
  }
}