{
  "returned_dict": {
    "loss": 0.021416839095482636,
    "r2": 0.984155263472157,
    "status": "ok",
    "start_time": 1768140479.7188008,
    "duration": 47.29985737800598
  },
  "current_params": {
    "N": 1000,
    "sr": 0.019166024706981734,
    "lr": 0.8450201302139063,
    "input_scaling": 1.0,
    "ridge": 0.07083653639938664,
    "seed": 1234
  }
}