{
  "returned_dict": {
    "loss": 0.020392001702198508,
    "r2": 0.9856771706829275,
    "status": "ok",
    "start_time": 1768140479.668206,
    "duration": 5.621712923049927
  },
  "current_params": {
    "N": 250,
    "sr": 0.20731719263694534,
    "lr": 0.3765249501831184,
    "input_scaling": 1.0,
    "ridge": 0.018893493195414682,
    "seed": 1234
  }
}