{
  "returned_dict": {
    "loss": 0.02121067530081292,
    "r2": 0.9816277726874238,
    "status": "ok",
    "start_time": 1768162751.569497,
    "duration": 5.390126943588257
  },
  "current_params": {
    "N": 250,
    "sr": 0.2290022500506438,
    "lr": 0.080097838200115,
    "input_scaling": 1.0,
    "ridge": 1.2292271993522633e-05,
    "seed": 1234
  }
}