{
  "returned_dict": {
    "loss": 0.020004400165107045,
    "r2": 0.9862210141671122,
    "status": "ok",
    "start_time": 1768163026.9979641,
    "duration": 12.490017890930176
  },
  "current_params": {
    "N": 500,
    "sr": 0.1895161648199892,
    "lr": 0.09032190248808257,
    "input_scaling": 1.0,
    "ridge": 0.6418236053362216,
    "seed": 1234
  }
}