{
  "returned_dict": {
    "loss": 0.02265989830349828,
    "r2": 0.982318858981311,
    "status": "ok",
    "start_time": 1768163512.641867,
    "duration": 4.0764570236206055
  },
  "current_params": {
    "N": 150,
    "sr": 0.02918366833689385,
    "lr": 0.23308364987108346,
    "input_scaling": 1.0,
    "ridge": 0.29212572235502265,
    "seed": 1234
  }
}