{
  "returned_dict": {
    "loss": 0.027876275567247488,
    "r2": 0.9730577077279629,
    "status": "ok",
    "start_time": 1768139526.6766331,
    "duration": 25.427865743637085
  },
  "current_params": {
    "N": 750,
    "sr": 0.1036023126234986,
    "lr": 0.34153610389762207,
    "input_scaling": 1.0,
    "ridge": 0.000220370053595498,
    "seed": 1234
  }
}