{
  "returned_dict": {
    "loss": 0.020966244382108333,
    "r2": 0.9827834424496011,
    "status": "ok",
    "start_time": 1768162696.017534,
    "duration": 4.674992084503174
  },
  "current_params": {
    "N": 150,
    "sr": 1.720142336723234,
    "lr": 0.07763106313276408,
    "input_scaling": 1.0,
    "ridge": 0.4572775685331979,
    "seed": 1234
  }
}