{
  "returned_dict": {
    "loss": 0.02702400946332218,
    "r2": 0.9713458320294801,
    "status": "ok",
    "start_time": 1768162627.098439,
    "duration": 6.272970914840698
  },
  "current_params": {
    "N": 250,
    "sr": 7.685869277637152,
    "lr": 0.5317923335242433,
    "input_scaling": 1.0,
    "ridge": 0.01983189453895751,
    "seed": 1234
  }
}