{
  "returned_dict": {
    "loss": 0.02359117562181772,
    "r2": 0.9808351572933278,
    "status": "ok",
    "start_time": 1768163658.3841019,
    "duration": 4.865257263183594
  },
  "current_params": {
    "N": 150,
    "sr": 0.11155933002760292,
    "lr": 0.1263781236052323,
    "input_scaling": 1.0,
    "ridge": 21.56920882558368,
    "seed": 1234
  }
}