{
  "returned_dict": {
    "loss": 0.025055661330143364,
    "r2": 0.9782443410300617,
    "status": "ok",
    "start_time": 1768140773.358777,
    "duration": 42.681472063064575
  },
  "current_params": {
    "N": 1000,
    "sr": 0.03303568645854278,
    "lr": 0.008743395210791247,
    "input_scaling": 1.0,
    "ridge": 0.0483318145617196,
    "seed": 1234
  }
}