{
  "returned_dict": {
    "loss": 0.020507901821658854,
    "r2": 0.9855159686693851,
    "status": "ok",
    "start_time": 1768163639.0968041,
    "duration": 5.434335947036743
  },
  "current_params": {
    "N": 250,
    "sr": 0.5612082951738435,
    "lr": 0.15719352962626426,
    "input_scaling": 1.0,
    "ridge": 0.17429891818596083,
    "seed": 1234
  }
}