{
  "returned_dict": {
    "loss": 0.02091168840360725,
    "r2": 0.9849397902522206,
    "status": "ok",
    "start_time": 1768140743.6651049,
    "duration": 5.670112133026123
  },
  "current_params": {
    "N": 250,
    "sr": 0.08017295620100137,
    "lr": 0.05420653503816144,
    "input_scaling": 1.0,
    "ridge": 0.019860194677258518,
    "seed": 1234
  }
}