{
  "returned_dict": {
    "loss": 0.024575423190735506,
    "r2": 0.9758462004525867,
    "status": "ok",
    "start_time": 1768162704.2525408,
    "duration": 5.915899276733398
  },
  "current_params": {
    "N": 250,
    "sr": 0.025251305117962336,
    "lr": 0.006826948667230224,
    "input_scaling": 1.0,
    "ridge": 5.525116424497487e-06,
    "seed": 1234
  }
}