{
  "returned_dict": {
    "loss": 0.024429955094642464,
    "r2": 0.9794501055273825,
    "status": "ok",
    "start_time": 1768164021.23522,
    "duration": 11.817333936691284
  },
  "current_params": {
    "N": 500,
    "sr": 0.02218139677202582,
    "lr": 0.20601240390003678,
    "input_scaling": 1.0,
    "ridge": 9.349109940935564,
    "seed": 1234
  }
}