{
  "returned_dict": {
    "loss": 0.027315057968762296,
    "r2": 0.9742892437798911,
    "status": "ok",
    "start_time": 1768139483.739579,
    "duration": 23.608458995819092
  },
  "current_params": {
    "N": 750,
    "sr": 0.030992307527699325,
    "lr": 0.003145723912100102,
    "input_scaling": 1.0,
    "ridge": 0.33630909701617645,
    "seed": 1234
  }
}