{
  "returned_dict": {
    "loss": 0.022751812638032474,
    "r2": 0.9796729009954179,
    "status": "ok",
    "start_time": 1768162738.915483,
    "duration": 11.927098035812378
  },
  "current_params": {
    "N": 500,
    "sr": 0.013998948535651106,
    "lr": 0.0021273888237556323,
    "input_scaling": 1.0,
    "ridge": 0.01196053642484394,
    "seed": 1234
  }
}