{
  "returned_dict": {
    "loss": 0.0214393274326889,
    "r2": 0.9841708437365202,
    "status": "ok",
    "start_time": 1768139053.160341,
    "duration": 27.372177839279175
  },
  "current_params": {
    "N": 750,
    "sr": 0.22446974525094107,
    "lr": 0.01295370709482183,
    "input_scaling": 1.0,
    "ridge": 2.192223856817341,
    "seed": 1234
  }
}