{
  "returned_dict": {
    "loss": 0.021843053778521564,
    "r2": 0.9813207860742814,
    "status": "ok",
    "start_time": 1768162674.7440739,
    "duration": 4.552832126617432
  },
  "current_params": {
    "N": 150,
    "sr": 0.02583591161303674,
    "lr": 0.7527326216332062,
    "input_scaling": 1.0,
    "ridge": 0.16142008987041684,
    "seed": 1234
  }
}