{
  "returned_dict": {
    "loss": 0.024888381149398255,
    "r2": 0.9786585022652894,
    "status": "ok",
    "start_time": 1768139283.410851,
    "duration": 24.83238410949707
  },
  "current_params": {
    "N": 750,
    "sr": 2.5472856018371233,
    "lr": 0.21798801781151933,
    "input_scaling": 1.0,
    "ridge": 0.006058281986305755,
    "seed": 1234
  }
}