{
  "returned_dict": {
    "loss": 0.024318213048795063,
    "r2": 0.9795265064388137,
    "status": "ok",
    "start_time": 1768164290.0531032,
    "duration": 11.81549072265625
  },
  "current_params": {
    "N": 500,
    "sr": 0.03303568645854278,
    "lr": 0.008743395210791247,
    "input_scaling": 1.0,
    "ridge": 0.0483318145617196,
    "seed": 1234
  }
}