{
  "returned_dict": {
    "loss": 0.026980586470910294,
    "r2": 0.9749256005503758,
    "status": "ok",
    "start_time": 1768140640.761447,
    "duration": 47.32565402984619
  },
  "current_params": {
    "N": 1000,
    "sr": 5.104573150259177,
    "lr": 0.8683844574759649,
    "input_scaling": 1.0,
    "ridge": 0.16528480222712122,
    "seed": 1234
  }
}