{
  "returned_dict": {
    "loss": 0.029958777235989366,
    "r2": 0.968895133136515,
    "status": "ok",
    "start_time": 1768139455.735716,
    "duration": 24.96208691596985
  },
  "current_params": {
    "N": 750,
    "sr": 0.4440513050753519,
    "lr": 0.019690402124151088,
    "input_scaling": 1.0,
    "ridge": 0.004306379788187425,
    "seed": 1234
  }
}