{
  "returned_dict": {
    "loss": 0.020706733137390694,
    "r2": 0.9852347359888018,
    "status": "ok",
    "start_time": 1768164251.0381372,
    "duration": 12.144086599349976
  },
  "current_params": {
    "N": 500,
    "sr": 0.40392838160560685,
    "lr": 0.3513026827442705,
    "input_scaling": 1.0,
    "ridge": 0.007469405980369953,
    "seed": 1234
  }
}