{
  "returned_dict": {
    "loss": 0.0225485202864937,
    "r2": 0.9824516375327021,
    "status": "ok",
    "start_time": 1768163076.876587,
    "duration": 4.335835933685303
  },
  "current_params": {
    "N": 150,
    "sr": 0.04750929704883562,
    "lr": 0.05216434990293221,
    "input_scaling": 1.0,
    "ridge": 0.0012357969069325362,
    "seed": 1234
  }
}