{
  "returned_dict": {
    "loss": 0.02025309738252413,
    "r2": 0.985870012864634,
    "status": "ok",
    "start_time": 1768140682.070627,
    "duration": 12.23385500907898
  },
  "current_params": {
    "N": 500,
    "sr": 0.18022909517554656,
    "lr": 0.2103605261660479,
    "input_scaling": 1.0,
    "ridge": 0.010992151862706726,
    "seed": 1234
  }
}