{
  "returned_dict": {
    "loss": 0.021652107794919717,
    "r2": 0.9838475536676936,
    "status": "ok",
    "start_time": 1768140555.290737,
    "duration": 12.914735078811646
  },
  "current_params": {
    "N": 500,
    "sr": 0.29656574289180465,
    "lr": 0.6508476857182398,
    "input_scaling": 1.0,
    "ridge": 0.0013981458288573197,
    "seed": 1234
  }
}