{
  "returned_dict": {
    "loss": 0.023836776836073333,
    "r2": 0.9804319760727436,
    "status": "ok",
    "start_time": 1768140723.531619,
    "duration": 12.088289976119995
  },
  "current_params": {
    "N": 500,
    "sr": 0.014848952584251816,
    "lr": 0.25286665343680337,
    "input_scaling": 1.0,
    "ridge": 2.239540246744529,
    "seed": 1234
  }
}