{
  "returned_dict": {
    "loss": 0.02313503123334106,
    "r2": 0.981560550215273,
    "status": "ok",
    "start_time": 1768140670.156974,
    "duration": 5.7102038860321045
  },
  "current_params": {
    "N": 250,
    "sr": 0.02583591161303674,
    "lr": 0.7527326216332062,
    "input_scaling": 1.0,
    "ridge": 0.16142008987041684,
    "seed": 1234
  }
}