{
  "returned_dict": {
    "loss": 0.026087711483379034,
    "r2": 0.9764037253768743,
    "status": "ok",
    "start_time": 1768140541.37676,
    "duration": 11.906357049942017
  },
  "current_params": {
    "N": 500,
    "sr": 1.8860733974395767,
    "lr": 0.14400874573494146,
    "input_scaling": 1.0,
    "ridge": 7.741718184067062e-05,
    "seed": 1234
  }
}