{
  "returned_dict": {
    "loss": 0.02750594725992899,
    "r2": 0.9736877975865026,
    "status": "ok",
    "start_time": 1768139231.004854,
    "duration": 24.84107804298401
  },
  "current_params": {
    "N": 750,
    "sr": 2.584482397166098,
    "lr": 0.14003009674078482,
    "input_scaling": 1.0,
    "ridge": 0.044756491579201446,
    "seed": 1234
  }
}