{
  "returned_dict": {
    "loss": 0.020535633506310956,
    "r2": 0.9854766007594407,
    "status": "ok",
    "start_time": 1768164202.85066,
    "duration": 5.963020086288452
  },
  "current_params": {
    "N": 250,
    "sr": 0.46891751739810106,
    "lr": 0.22474737466287847,
    "input_scaling": 1.0,
    "ridge": 0.009524054303075397,
    "seed": 1234
  }
}