{
  "returned_dict": {
    "loss": 0.02358426901885315,
    "r2": 0.9808246725601713,
    "status": "ok",
    "start_time": 1768163065.047877,
    "duration": 12.117424011230469
  },
  "current_params": {
    "N": 500,
    "sr": 2.071692039719221,
    "lr": 0.1242688707732934,
    "input_scaling": 1.0,
    "ridge": 0.34819454896946306,
    "seed": 1234
  }
}