{
  "returned_dict": {
    "loss": 0.02671321058699293,
    "r2": 0.9750499311535569,
    "status": "ok",
    "start_time": 1768139079.406893,
    "duration": 25.611470937728882
  },
  "current_params": {
    "N": 750,
    "sr": 1.7150882346504794,
    "lr": 0.7989676538770207,
    "input_scaling": 1.0,
    "ridge": 8.559102419555061e-06,
    "seed": 1234
  }
}