{
  "returned_dict": {
    "loss": 0.02301978014049767,
    "r2": 0.9817501489023538,
    "status": "ok",
    "start_time": 1768139182.539552,
    "duration": 25.142411947250366
  },
  "current_params": {
    "N": 750,
    "sr": 0.35089032014738814,
    "lr": 0.005859968367890802,
    "input_scaling": 1.0,
    "ridge": 2.6570035241381884,
    "seed": 1234
  }
}