{
  "returned_dict": {
    "loss": 0.02035529298481015,
    "r2": 0.9837767317137904,
    "status": "ok",
    "start_time": 1768162710.4145532,
    "duration": 12.463903903961182
  },
  "current_params": {
    "N": 500,
    "sr": 0.03303568645854278,
    "lr": 0.008743395210791247,
    "input_scaling": 1.0,
    "ridge": 0.0483318145617196,
    "seed": 1234
  }
}