{
  "returned_dict": {
    "loss": 0.029439320699226872,
    "r2": 0.9691565387708214,
    "status": "ok",
    "start_time": 1768139532.069493,
    "duration": 23.907777070999146
  },
  "current_params": {
    "N": 750,
    "sr": 0.22111692429959934,
    "lr": 0.008367682964780482,
    "input_scaling": 1.0,
    "ridge": 0.002433855128894141,
    "seed": 1234
  }
}