{
  "returned_dict": {
    "loss": 0.021437884851800214,
    "r2": 0.9841396725776204,
    "status": "ok",
    "start_time": 1768139428.14411,
    "duration": 25.25381898880005
  },
  "current_params": {
    "N": 750,
    "sr": 0.013398360372911417,
    "lr": 0.44919729682102527,
    "input_scaling": 1.0,
    "ridge": 0.024333499209711014,
    "seed": 1234
  }
}