{
  "returned_dict": {
    "loss": 0.02045632064819948,
    "r2": 0.9855821837161841,
    "status": "ok",
    "start_time": 1768140710.1180182,
    "duration": 11.71619987487793
  },
  "current_params": {
    "N": 500,
    "sr": 0.08049745951448255,
    "lr": 0.5692796855915587,
    "input_scaling": 1.0,
    "ridge": 0.10755889178244278,
    "seed": 1234
  }
}