{
  "returned_dict": {
    "loss": 0.025974364757717482,
    "r2": 0.9735357905073391,
    "status": "ok",
    "start_time": 1768162665.147893,
    "duration": 4.732367038726807
  },
  "current_params": {
    "N": 150,
    "sr": 0.37261372356279315,
    "lr": 0.002018439370613351,
    "input_scaling": 1.0,
    "ridge": 0.31704943537280117,
    "seed": 1234
  }
}