{
  "returned_dict": {
    "loss": 0.020908474581329235,
    "r2": 0.984945150757644,
    "status": "ok",
    "start_time": 1768164295.035676,
    "duration": 5.500820159912109
  },
  "current_params": {
    "N": 250,
    "sr": 0.08568100062571897,
    "lr": 0.1156099324677511,
    "input_scaling": 1.0,
    "ridge": 0.022318103606324965,
    "seed": 1234
  }
}