{
  "returned_dict": {
    "loss": 0.026390247585324888,
    "r2": 0.9757951924800776,
    "status": "ok",
    "start_time": 1768140871.275539,
    "duration": 24.564949989318848
  },
  "current_params": {
    "N": 750,
    "sr": 1.0347571275597833,
    "lr": 0.005163867499212742,
    "input_scaling": 1.0,
    "ridge": 0.4731841258349166,
    "seed": 1234
  }
}