{
  "returned_dict": {
    "loss": 0.02476655690112912,
    "r2": 0.9788041604043567,
    "status": "ok",
    "start_time": 1768164314.871796,
    "duration": 12.499147176742554
  },
  "current_params": {
    "N": 500,
    "sr": 2.147975792467373,
    "lr": 0.029450944375166245,
    "input_scaling": 1.0,
    "ridge": 7.410739126356567,
    "seed": 1234
  }
}