{
  "returned_dict": {
    "loss": 0.02733218538528328,
    "r2": 0.974178316114078,
    "status": "ok",
    "start_time": 1768139282.323413,
    "duration": 25.79040002822876
  },
  "current_params": {
    "N": 750,
    "sr": 0.37261372356279315,
    "lr": 0.002018439370613351,
    "input_scaling": 1.0,
    "ridge": 0.31704943537280117,
    "seed": 1234
  }
}