{
  "returned_dict": {
    "loss": 0.02078514592331106,
    "r2": 0.9851178900706765,
    "status": "ok",
    "start_time": 1768163712.3365319,
    "duration": 12.605488300323486
  },
  "current_params": {
    "N": 500,
    "sr": 0.0955861753706148,
    "lr": 0.38587369435862706,
    "input_scaling": 1.0,
    "ridge": 0.940069372114344,
    "seed": 1234
  }
}