{
  "returned_dict": {
    "loss": 0.022191465725686605,
    "r2": 0.9830392746226833,
    "status": "ok",
    "start_time": 1768162984.683496,
    "duration": 4.9001147747039795
  },
  "current_params": {
    "N": 150,
    "sr": 1.0219790287083488,
    "lr": 0.02048593340612814,
    "input_scaling": 1.0,
    "ridge": 0.311963485892655,
    "seed": 1234
  }
}