{
  "returned_dict": {
    "loss": 0.026362551816041902,
    "r2": 0.976034004490098,
    "status": "ok",
    "start_time": 1768139532.822356,
    "duration": 23.453852891921997
  },
  "current_params": {
    "N": 750,
    "sr": 0.010518247090683955,
    "lr": 0.006824428999850481,
    "input_scaling": 1.0,
    "ridge": 0.021247174821973646,
    "seed": 1234
  }
}