{
  "returned_dict": {
    "loss": 0.02007347238511568,
    "r2": 0.9841590808367421,
    "status": "ok",
    "start_time": 1768162640.8562508,
    "duration": 4.702638149261475
  },
  "current_params": {
    "N": 150,
    "sr": 0.058599683678908006,
    "lr": 0.6428811769449215,
    "input_scaling": 1.0,
    "ridge": 3.03019347190808e-07,
    "seed": 1234
  }
}