{
  "returned_dict": {
    "loss": 0.0290338060849346,
    "r2": 0.966997074150693,
    "status": "ok",
    "start_time": 1768162609.347626,
    "duration": 13.252240180969238
  },
  "current_params": {
    "N": 500,
    "sr": 6.029689748608114,
    "lr": 0.08542704033115318,
    "input_scaling": 1.0,
    "ridge": 0.25401216695681333,
    "seed": 1234
  }
}