{
  "returned_dict": {
    "loss": 0.020032692476732145,
    "r2": 0.9861799401408529,
    "status": "ok",
    "start_time": 1768163013.2667499,
    "duration": 12.656862020492554
  },
  "current_params": {
    "N": 500,
    "sr": 0.12964830748893102,
    "lr": 0.3085810336068818,
    "input_scaling": 1.0,
    "ridge": 0.18804563142456526,
    "seed": 1234
  }
}