{
  "returned_dict": {
    "loss": 0.02666661603118428,
    "r2": 0.9707010968825223,
    "status": "ok",
    "start_time": 1768162632.070535,
    "duration": 5.37103009223938
  },
  "current_params": {
    "N": 250,
    "sr": 0.17677555381707633,
    "lr": 0.001333037975016116,
    "input_scaling": 1.0,
    "ridge": 0.0002792012595686343,
    "seed": 1234
  }
}