{
  "returned_dict": {
    "loss": 0.029529837461136788,
    "r2": 0.9643216370637233,
    "status": "ok",
    "start_time": 1768162638.1457741,
    "duration": 4.489659786224365
  },
  "current_params": {
    "N": 150,
    "sr": 1.0392505885279626,
    "lr": 0.0069775242015962516,
    "input_scaling": 1.0,
    "ridge": 0.008606046973683503,
    "seed": 1234
  }
}