{
  "returned_dict": {
    "loss": 0.02198029240413002,
    "r2": 0.9833634510055805,
    "status": "ok",
    "start_time": 1768163492.287936,
    "duration": 5.960093975067139
  },
  "current_params": {
    "N": 250,
    "sr": 0.0106628322149116,
    "lr": 0.16968991416995674,
    "input_scaling": 1.0,
    "ridge": 0.03367354746357865,
    "seed": 1234
  }
}