{
  "returned_dict": {
    "loss": 0.029964162700692586,
    "r2": 0.9688804605285748,
    "status": "ok",
    "start_time": 1768164196.402357,
    "duration": 5.610482931137085
  },
  "current_params": {
    "N": 250,
    "sr": 0.039785480491272146,
    "lr": 0.0010521721669668515,
    "input_scaling": 1.0,
    "ridge": 0.12087024363896724,
    "seed": 1234
  }
}