{
  "returned_dict": {
    "loss": 0.022783885327156052,
    "r2": 0.9821234928599791,
    "status": "ok",
    "start_time": 1768164317.674176,
    "duration": 5.504207134246826
  },
  "current_params": {
    "N": 250,
    "sr": 0.017966265651884424,
    "lr": 0.04638580846843559,
    "input_scaling": 1.0,
    "ridge": 0.16540098169656398,
    "seed": 1234
  }
}