{
  "returned_dict": {
    "loss": 0.024720543959513022,
    "r2": 0.9789578284651206,
    "status": "ok",
    "start_time": 1768163945.827101,
    "duration": 4.0780861377716064
  },
  "current_params": {
    "N": 150,
    "sr": 0.019455767948316174,
    "lr": 0.12688286246422797,
    "input_scaling": 1.0,
    "ridge": 2.2417041133332885,
    "seed": 1234
  }
}