{
  "returned_dict": {
    "loss": 0.024358278352417308,
    "r2": 0.9788549047864411,
    "status": "ok",
    "start_time": 1768140647.9126809,
    "duration": 6.439183235168457
  },
  "current_params": {
    "N": 250,
    "sr": 0.24456713543548084,
    "lr": 0.014297775983881208,
    "input_scaling": 1.0,
    "ridge": 0.0057025544548413645,
    "seed": 1234
  }
}