{
  "returned_dict": {
    "loss": 0.02407666436078578,
    "r2": 0.9800415378383777,
    "status": "ok",
    "start_time": 1768163007.322696,
    "duration": 6.0448079109191895
  },
  "current_params": {
    "N": 250,
    "sr": 0.5925792970318424,
    "lr": 0.0011706083377588765,
    "input_scaling": 1.0,
    "ridge": 4.236750790632555,
    "seed": 1234
  }
}