{
  "returned_dict": {
    "loss": 0.022986615708043383,
    "r2": 0.979224610907852,
    "status": "ok",
    "start_time": 1768162734.87033,
    "duration": 12.734108924865723
  },
  "current_params": {
    "N": 500,
    "sr": 2.147975792467373,
    "lr": 0.029450944375166245,
    "input_scaling": 1.0,
    "ridge": 7.410739126356567,
    "seed": 1234
  }
}