{
  "returned_dict": {
    "loss": 0.02082594777871525,
    "r2": 0.9850634709216324,
    "status": "ok",
    "start_time": 1768140839.98954,
    "duration": 25.93118190765381
  },
  "current_params": {
    "N": 750,
    "sr": 1.4524053505622598,
    "lr": 0.7755926247612633,
    "input_scaling": 1.0,
    "ridge": 0.10915572955478303,
    "seed": 1234
  }
}