{
  "returned_dict": {
    "loss": 0.021008281052285867,
    "r2": 0.984800881022881,
    "status": "ok",
    "start_time": 1768163527.3597782,
    "duration": 12.007909774780273
  },
  "current_params": {
    "N": 500,
    "sr": 0.28798602761596437,
    "lr": 0.3572671333200678,
    "input_scaling": 1.0,
    "ridge": 55.534126774101466,
    "seed": 1234
  }
}