{
  "returned_dict": {
    "loss": 0.022356023756954127,
    "r2": 0.982759036684804,
    "status": "ok",
    "start_time": 1768163007.765462,
    "duration": 4.7250471115112305
  },
  "current_params": {
    "N": 150,
    "sr": 0.29656574289180465,
    "lr": 0.6508476857182398,
    "input_scaling": 1.0,
    "ridge": 0.0013981458288573197,
    "seed": 1234
  }
}