{
  "returned_dict": {
    "loss": 0.02134806076078219,
    "r2": 0.9821563119197467,
    "status": "ok",
    "start_time": 1768162627.5329669,
    "duration": 4.531093120574951
  },
  "current_params": {
    "N": 150,
    "sr": 0.06274944433721241,
    "lr": 0.8082191418328011,
    "input_scaling": 1.0,
    "ridge": 0.10203710673780302,
    "seed": 1234
  }
}