{
  "returned_dict": {
    "loss": 0.027764609886741277,
    "r2": 0.9734567080863468,
    "status": "ok",
    "start_time": 1768164224.360693,
    "duration": 5.795554161071777
  },
  "current_params": {
    "N": 250,
    "sr": 0.13212140597980881,
    "lr": 0.001920436732447285,
    "input_scaling": 1.0,
    "ridge": 0.0526146277550721,
    "seed": 1234
  }
}