{
  "returned_dict": {
    "loss": 0.020883117301588566,
    "r2": 0.9829140718220646,
    "status": "ok",
    "start_time": 1768162645.56723,
    "duration": 5.700604200363159
  },
  "current_params": {
    "N": 250,
    "sr": 2.1488916321401237,
    "lr": 0.8231505603866843,
    "input_scaling": 1.0,
    "ridge": 0.00032112245533879566,
    "seed": 1234
  }
}