{
  "returned_dict": {
    "loss": 0.02965456804051527,
    "r2": 0.9631574939503285,
    "status": "ok",
    "start_time": 1768162745.081204,
    "duration": 12.385416984558105
  },
  "current_params": {
    "N": 500,
    "sr": 0.11068640195885193,
    "lr": 0.36310649172916704,
    "input_scaling": 1.0,
    "ridge": 4.903349614737057e-06,
    "seed": 1234
  }
}