{
  "returned_dict": {
    "loss": 0.02056896987652915,
    "r2": 0.98338521924356,
    "status": "ok",
    "start_time": 1768162625.676522,
    "duration": 5.184315204620361
  },
  "current_params": {
    "N": 150,
    "sr": 0.0304659929394974,
    "lr": 0.03185182531874325,
    "input_scaling": 1.0,
    "ridge": 2.3485992854770413e-07,
    "seed": 1234
  }
}