{
  "returned_dict": {
    "loss": 0.02836185489805381,
    "r2": 0.9721115766752018,
    "status": "ok",
    "start_time": 1768139305.5730822,
    "duration": 24.355119705200195
  },
  "current_params": {
    "N": 750,
    "sr": 0.34887400475480174,
    "lr": 0.3738663967568687,
    "input_scaling": 1.0,
    "ridge": 0.00014628314550660062,
    "seed": 1234
  }
}