{
  "returned_dict": {
    "loss": 0.02152978727975703,
    "r2": 0.9840117030428459,
    "status": "ok",
    "start_time": 1768139307.649452,
    "duration": 24.66737413406372
  },
  "current_params": {
    "N": 750,
    "sr": 0.07773729485018732,
    "lr": 0.7023826579236938,
    "input_scaling": 1.0,
    "ridge": 1.7665753892565634,
    "seed": 1234
  }
}