{
  "returned_dict": {
    "loss": 0.022323814133774638,
    "r2": 0.9827824542550021,
    "status": "ok",
    "start_time": 1768140486.4402251,
    "duration": 6.705362796783447
  },
  "current_params": {
    "N": 250,
    "sr": 1.0219790287083488,
    "lr": 0.02048593340612814,
    "input_scaling": 1.0,
    "ridge": 0.311963485892655,
    "seed": 1234
  }
}