{
  "returned_dict": {
    "loss": 0.021318091608983302,
    "r2": 0.9843349231473713,
    "status": "ok",
    "start_time": 1768140508.7127218,
    "duration": 6.649710178375244
  },
  "current_params": {
    "N": 250,
    "sr": 0.9875351660720859,
    "lr": 0.13046563604508185,
    "input_scaling": 1.0,
    "ridge": 0.10630685722721522,
    "seed": 1234
  }
}