{
  "returned_dict": {
    "loss": 0.022030864544460713,
    "r2": 0.9809627721544686,
    "status": "ok",
    "start_time": 1768162630.866849,
    "duration": 4.9385809898376465
  },
  "current_params": {
    "N": 150,
    "sr": 1.8860733974395767,
    "lr": 0.14400874573494146,
    "input_scaling": 1.0,
    "ridge": 7.741718184067062e-05,
    "seed": 1234
  }
}