{
  "returned_dict": {
    "loss": 0.021222430647254535,
    "r2": 0.9844876597547982,
    "status": "ok",
    "start_time": 1768140596.562559,
    "duration": 5.8478662967681885
  },
  "current_params": {
    "N": 250,
    "sr": 0.29224839588663687,
    "lr": 0.09740755408344522,
    "input_scaling": 1.0,
    "ridge": 3.986661053229431,
    "seed": 1234
  }
}