{
  "returned_dict": {
    "loss": 0.022941819530753155,
    "r2": 0.9818780548682684,
    "status": "ok",
    "start_time": 1768163703.3819609,
    "duration": 4.369240045547485
  },
  "current_params": {
    "N": 150,
    "sr": 0.020287372251852145,
    "lr": 0.39887829790913726,
    "input_scaling": 1.0,
    "ridge": 0.03010857652921333,
    "seed": 1234
  }
}