{
  "returned_dict": {
    "loss": 0.021120590615748714,
    "r2": 0.9821899164050926,
    "status": "ok",
    "start_time": 1768162634.614841,
    "duration": 6.222793102264404
  },
  "current_params": {
    "N": 250,
    "sr": 0.27984033422355,
    "lr": 0.22294907855177515,
    "input_scaling": 1.0,
    "ridge": 5.5535412152211086e-08,
    "seed": 1234
  }
}