{
  "returned_dict": {
    "loss": 0.020025749818031537,
    "r2": 0.9861883853204159,
    "status": "ok",
    "start_time": 1768140644.124937,
    "duration": 26.990489959716797
  },
  "current_params": {
    "N": 750,
    "sr": 0.40569915938743706,
    "lr": 0.03488740047548017,
    "input_scaling": 1.0,
    "ridge": 0.5225758036341196,
    "seed": 1234
  }
}