{
  "returned_dict": {
    "loss": 0.021497263328924692,
    "r2": 0.9840718513596439,
    "status": "ok",
    "start_time": 1768163545.414787,
    "duration": 5.148551940917969
  },
  "current_params": {
    "N": 250,
    "sr": 0.06427895111824167,
    "lr": 0.2979673849558111,
    "input_scaling": 1.0,
    "ridge": 0.02998265619293703,
    "seed": 1234
  }
}