{
  "returned_dict": {
    "loss": 0.029969687253408133,
    "r2": 0.9690545053428234,
    "status": "ok",
    "start_time": 1768140479.724299,
    "duration": 30.370541095733643
  },
  "current_params": {
    "N": 750,
    "sr": 8.167592716599776,
    "lr": 0.4779289783449198,
    "input_scaling": 1.0,
    "ridge": 0.10126315950706169,
    "seed": 1234
  }
}