{
  "returned_dict": {
    "loss": 0.02019627771624587,
    "r2": 0.9840192319581353,
    "status": "ok",
    "start_time": 1768162639.114895,
    "duration": 4.447951793670654
  },
  "current_params": {
    "N": 150,
    "sr": 1.516993929398825,
    "lr": 0.20227512384830165,
    "input_scaling": 1.0,
    "ridge": 9.325422423099209e-08,
    "seed": 1234
  }
}