{
  "returned_dict": {
    "loss": 0.023825993455562612,
    "r2": 0.9804527380412578,
    "status": "ok",
    "start_time": 1768164018.91257,
    "duration": 5.923998117446899
  },
  "current_params": {
    "N": 250,
    "sr": 0.052639853131721856,
    "lr": 0.32564112362499364,
    "input_scaling": 1.0,
    "ridge": 8.847544464698135,
    "seed": 1234
  }
}