{
  "returned_dict": {
    "loss": 0.02083037524492992,
    "r2": 0.9850536235463789,
    "status": "ok",
    "start_time": 1768163501.100839,
    "duration": 5.804784059524536
  },
  "current_params": {
    "N": 250,
    "sr": 0.4296724684312131,
    "lr": 0.12743187693730756,
    "input_scaling": 1.0,
    "ridge": 0.01846015859508621,
    "seed": 1234
  }
}