{
  "returned_dict": {
    "loss": 0.024753718540892665,
    "r2": 0.9746705014399254,
    "status": "ok",
    "start_time": 1768162706.2901602,
    "duration": 5.293877601623535
  },
  "current_params": {
    "N": 250,
    "sr": 0.8787097526805041,
    "lr": 0.09063567418648887,
    "input_scaling": 1.0,
    "ridge": 7.013379933333821e-06,
    "seed": 1234
  }
}