{
  "returned_dict": {
    "loss": 0.021840008831587064,
    "r2": 0.9811116762550253,
    "status": "ok",
    "start_time": 1768162748.997953,
    "duration": 11.253220081329346
  },
  "current_params": {
    "N": 500,
    "sr": 0.1674271379711833,
    "lr": 0.002573142476838089,
    "input_scaling": 1.0,
    "ridge": 0.0014922698571143177,
    "seed": 1234
  }
}