{
  "returned_dict": {
    "loss": 0.020672628006274237,
    "r2": 0.9852856502840865,
    "status": "ok",
    "start_time": 1768164288.855406,
    "duration": 5.480712890625
  },
  "current_params": {
    "N": 250,
    "sr": 0.12077359762994741,
    "lr": 0.03453168207571195,
    "input_scaling": 1.0,
    "ridge": 0.04269246158779031,
    "seed": 1234
  }
}