{
  "returned_dict": {
    "loss": 0.02031401322243647,
    "r2": 0.9857908723160993,
    "status": "ok",
    "start_time": 1768163675.429628,
    "duration": 5.434554100036621
  },
  "current_params": {
    "N": 250,
    "sr": 0.363582513632701,
    "lr": 0.3015571041431187,
    "input_scaling": 1.0,
    "ridge": 0.32021221439246883,
    "seed": 1234
  }
}