{
  "returned_dict": {
    "loss": 0.02107168635247254,
    "r2": 0.9847122429200063,
    "status": "ok",
    "start_time": 1768163738.714179,
    "duration": 11.282504081726074
  },
  "current_params": {
    "N": 500,
    "sr": 0.06544611968936297,
    "lr": 0.13703177334759026,
    "input_scaling": 1.0,
    "ridge": 1.99291014742945,
    "seed": 1234
  }
}