{
  "returned_dict": {
    "loss": 0.020334850441663173,
    "r2": 0.9857446098266432,
    "status": "ok",
    "start_time": 1768140787.984906,
    "duration": 13.06867504119873
  },
  "current_params": {
    "N": 500,
    "sr": 0.08568100062571897,
    "lr": 0.1156099324677511,
    "input_scaling": 1.0,
    "ridge": 0.022318103606324965,
    "seed": 1234
  }
}