{
  "returned_dict": {
    "loss": 0.022415739411528596,
    "r2": 0.9800683799828306,
    "status": "ok",
    "start_time": 1768162749.444716,
    "duration": 4.009199857711792
  },
  "current_params": {
    "N": 150,
    "sr": 1.2666103437451035,
    "lr": 0.06104337276725842,
    "input_scaling": 1.0,
    "ridge": 3.39877047030188e-05,
    "seed": 1234
  }
}