{
  "returned_dict": {
    "loss": 0.022617883524203977,
    "r2": 0.9823181672497242,
    "status": "ok",
    "start_time": 1768140609.537468,
    "duration": 6.254415035247803
  },
  "current_params": {
    "N": 250,
    "sr": 0.04987951544843891,
    "lr": 0.03911188720535742,
    "input_scaling": 1.0,
    "ridge": 0.002845393835608114,
    "seed": 1234
  }
}