{
  "returned_dict": {
    "loss": 0.02993526671195254,
    "r2": 0.9689691223382955,
    "status": "ok",
    "start_time": 1768139503.5244129,
    "duration": 24.57951521873474
  },
  "current_params": {
    "N": 750,
    "sr": 0.15056296115261503,
    "lr": 0.0017383925452797498,
    "input_scaling": 1.0,
    "ridge": 0.062801722442221,
    "seed": 1234
  }
}