{
  "returned_dict": {
    "loss": 0.02011512201200557,
    "r2": 0.9860639335514243,
    "status": "ok",
    "start_time": 1768139358.485348,
    "duration": 24.31545615196228
  },
  "current_params": {
    "N": 750,
    "sr": 0.13461033976551293,
    "lr": 0.911789601055018,
    "input_scaling": 1.0,
    "ridge": 0.02882983282316683,
    "seed": 1234
  }
}