{
  "returned_dict": {
    "loss": 0.024157692666891103,
    "r2": 0.9793260927065159,
    "status": "ok",
    "start_time": 1768139527.948509,
    "duration": 24.75763201713562
  },
  "current_params": {
    "N": 750,
    "sr": 2.0224731671056975,
    "lr": 0.35978789760884294,
    "input_scaling": 1.0,
    "ridge": 0.0003492394906355361,
    "seed": 1234
  }
}