{
  "returned_dict": {
    "loss": 0.02062236128105479,
    "r2": 0.985353473797305,
    "status": "ok",
    "start_time": 1768163495.554241,
    "duration": 5.545345067977905
  },
  "current_params": {
    "N": 250,
    "sr": 0.7073214989721631,
    "lr": 0.10589110770320276,
    "input_scaling": 1.0,
    "ridge": 1.6626168182516194,
    "seed": 1234
  }
}