{
  "returned_dict": {
    "loss": 0.020787820428951644,
    "r2": 0.985117833306618,
    "status": "ok",
    "start_time": 1768163614.334656,
    "duration": 5.306964874267578
  },
  "current_params": {
    "N": 250,
    "sr": 0.1372405316892763,
    "lr": 0.13797391836255382,
    "input_scaling": 1.0,
    "ridge": 0.02871575862504638,
    "seed": 1234
  }
}