{
  "returned_dict": {
    "loss": 0.021461967758153046,
    "r2": 0.9841243797510402,
    "status": "ok",
    "start_time": 1768163947.260942,
    "duration": 5.513580083847046
  },
  "current_params": {
    "N": 250,
    "sr": 0.0921736687521619,
    "lr": 0.6063665383691023,
    "input_scaling": 1.0,
    "ridge": 0.021424959009074148,
    "seed": 1234
  }
}