{
  "returned_dict": {
    "loss": 0.026175396343222062,
    "r2": 0.976410036119488,
    "status": "ok",
    "start_time": 1768164004.0989,
    "duration": 4.729583024978638
  },
  "current_params": {
    "N": 150,
    "sr": 0.013015590621444601,
    "lr": 0.6323592178865647,
    "input_scaling": 1.0,
    "ridge": 51.425878651130084,
    "seed": 1234
  }
}