{
  "returned_dict": {
    "loss": 0.022937801087691105,
    "r2": 0.9818813197628753,
    "status": "ok",
    "start_time": 1768163565.547969,
    "duration": 4.742827892303467
  },
  "current_params": {
    "N": 150,
    "sr": 0.198745864333869,
    "lr": 0.4679540985266415,
    "input_scaling": 1.0,
    "ridge": 11.261910617709734,
    "seed": 1234
  }
}