{
  "returned_dict": {
    "loss": 0.0234690603142838,
    "r2": 0.9810327354756424,
    "status": "ok",
    "start_time": 1768163952.8585658,
    "duration": 12.7017080783844
  },
  "current_params": {
    "N": 500,
    "sr": 0.05518798883051139,
    "lr": 0.6757557396337623,
    "input_scaling": 1.0,
    "ridge": 17.100384999997978,
    "seed": 1234
  }
}