{
  "returned_dict": {
    "loss": 0.027964294906492125,
    "r2": 0.9728093414311967,
    "status": "ok",
    "start_time": 1768140720.416887,
    "duration": 41.92178201675415
  },
  "current_params": {
    "N": 1000,
    "sr": 2.1394582801523425,
    "lr": 0.003931992507823152,
    "input_scaling": 1.0,
    "ridge": 1.5694375678920185,
    "seed": 1234
  }
}