{
  "returned_dict": {
    "loss": 0.02182645621241554,
    "r2": 0.9835964519484086,
    "status": "ok",
    "start_time": 1768163552.56704,
    "duration": 12.2201669216156
  },
  "current_params": {
    "N": 500,
    "sr": 0.01291623190027311,
    "lr": 0.1908145274428135,
    "input_scaling": 1.0,
    "ridge": 0.21703019569225782,
    "seed": 1234
  }
}