{
  "returned_dict": {
    "loss": 0.02168983066987071,
    "r2": 0.9837904141650007,
    "status": "ok",
    "start_time": 1768164067.057513,
    "duration": 3.526710033416748
  },
  "current_params": {
    "N": 150,
    "sr": 0.15187615311681565,
    "lr": 0.45023495459612495,
    "input_scaling": 1.0,
    "ridge": 0.15759163672156307,
    "seed": 1234
  }
}