{
  "returned_dict": {
    "loss": 0.02168725650823374,
    "r2": 0.9837831688312091,
    "status": "ok",
    "start_time": 1768139480.705983,
    "duration": 25.210005044937134
  },
  "current_params": {
    "N": 750,
    "sr": 0.12438215679394352,
    "lr": 0.7503908723453986,
    "input_scaling": 1.0,
    "ridge": 9.102910091122064,
    "seed": 1234
  }
}