{
  "returned_dict": {
    "loss": 0.022770357529433922,
    "r2": 0.9821394347490987,
    "status": "ok",
    "start_time": 1768140713.148463,
    "duration": 12.205018997192383
  },
  "current_params": {
    "N": 500,
    "sr": 0.021466697329771328,
    "lr": 0.9797245110829659,
    "input_scaling": 1.0,
    "ridge": 0.818088370046098,
    "seed": 1234
  }
}