{
  "returned_dict": {
    "loss": 0.023354171483720404,
    "r2": 0.9812197748107732,
    "status": "ok",
    "start_time": 1768163670.607229,
    "duration": 5.528907060623169
  },
  "current_params": {
    "N": 250,
    "sr": 0.08550082513657256,
    "lr": 0.33314383091903577,
    "input_scaling": 1.0,
    "ridge": 11.36824854461697,
    "seed": 1234
  }
}