{
  "returned_dict": {
    "loss": 0.023180122930123108,
    "r2": 0.9788193362027379,
    "status": "ok",
    "start_time": 1768162666.192981,
    "duration": 13.592287063598633
  },
  "current_params": {
    "N": 500,
    "sr": 2.179880178115194,
    "lr": 0.08461548108468285,
    "input_scaling": 1.0,
    "ridge": 0.10255744462555771,
    "seed": 1234
  }
}