{
  "returned_dict": {
    "loss": 0.020101523879955542,
    "r2": 0.98608191020911,
    "status": "ok",
    "start_time": 1768163556.5402648,
    "duration": 11.849161148071289
  },
  "current_params": {
    "N": 500,
    "sr": 0.19132744377785366,
    "lr": 0.10250089204227085,
    "input_scaling": 1.0,
    "ridge": 0.06858523553217984,
    "seed": 1234
  }
}