{
  "returned_dict": {
    "loss": 0.022333660647837,
    "r2": 0.9828174196829839,
    "status": "ok",
    "start_time": 1768163093.564097,
    "duration": 4.865918159484863
  },
  "current_params": {
    "N": 150,
    "sr": 0.05382727102224969,
    "lr": 0.33944166911116286,
    "input_scaling": 1.0,
    "ridge": 0.005473918213903196,
    "seed": 1234
  }
}