{
  "returned_dict": {
    "loss": 0.020141801433563762,
    "r2": 0.9860236077474045,
    "status": "ok",
    "start_time": 1768140493.1595032,
    "duration": 30.63021969795227
  },
  "current_params": {
    "N": 750,
    "sr": 0.08651669568208027,
    "lr": 0.31389139069626,
    "input_scaling": 1.0,
    "ridge": 0.1749360102840247,
    "seed": 1234
  }
}