{
  "returned_dict": {
    "loss": 0.020011864337193853,
    "r2": 0.9843071067204505,
    "status": "ok",
    "start_time": 1768162642.548539,
    "duration": 5.333815097808838
  },
  "current_params": {
    "N": 150,
    "sr": 1.7612623782375254,
    "lr": 0.4703027006550762,
    "input_scaling": 1.0,
    "ridge": 1.0990558374448145,
    "seed": 1234
  }
}