{
  "returned_dict": {
    "loss": 0.022541646507186645,
    "r2": 0.9799032136727123,
    "status": "ok",
    "start_time": 1768162620.7100742,
    "duration": 6.082056999206543
  },
  "current_params": {
    "N": 250,
    "sr": 1.0120661170730878,
    "lr": 0.025899335315803292,
    "input_scaling": 1.0,
    "ridge": 0.001222151255726616,
    "seed": 1234
  }
}