{
  "returned_dict": {
    "loss": 0.021120737885667994,
    "r2": 0.9846348496896938,
    "status": "ok",
    "start_time": 1768140837.8771389,
    "duration": 12.446906089782715
  },
  "current_params": {
    "N": 500,
    "sr": 1.2855838176804668,
    "lr": 0.07967266039989558,
    "input_scaling": 1.0,
    "ridge": 6.858885104134989,
    "seed": 1234
  }
}