{
  "returned_dict": {
    "loss": 0.024341623164055987,
    "r2": 0.9767589308862936,
    "status": "ok",
    "start_time": 1768162698.940139,
    "duration": 5.597604751586914
  },
  "current_params": {
    "N": 250,
    "sr": 0.7061986935317155,
    "lr": 0.0013398360372911414,
    "input_scaling": 1.0,
    "ridge": 0.9063822715029652,
    "seed": 1234
  }
}