{
  "returned_dict": {
    "loss": 0.020802433573931016,
    "r2": 0.9850954820368732,
    "status": "ok",
    "start_time": 1768163549.804231,
    "duration": 5.651678085327148
  },
  "current_params": {
    "N": 250,
    "sr": 0.1976500663196106,
    "lr": 0.4491930793392686,
    "input_scaling": 1.0,
    "ridge": 0.18401643269186882,
    "seed": 1234
  }
}