{
  "returned_dict": {
    "loss": 0.02128579816220986,
    "r2": 0.9843963795459224,
    "status": "ok",
    "start_time": 1768139207.683511,
    "duration": 25.07657814025879
  },
  "current_params": {
    "N": 750,
    "sr": 0.034498874317435556,
    "lr": 0.06282729685044822,
    "input_scaling": 1.0,
    "ridge": 0.7431190035716195,
    "seed": 1234
  }
}