{
  "returned_dict": {
    "loss": 0.021872144616151428,
    "r2": 0.9834986823280968,
    "status": "ok",
    "start_time": 1768164235.303158,
    "duration": 5.072854042053223
  },
  "current_params": {
    "N": 150,
    "sr": 0.04987951544843891,
    "lr": 0.03911188720535742,
    "input_scaling": 1.0,
    "ridge": 0.002845393835608114,
    "seed": 1234
  }
}