{
  "returned_dict": {
    "loss": 0.022946218059065306,
    "r2": 0.9818694060959329,
    "status": "ok",
    "start_time": 1768163686.476803,
    "duration": 5.760617971420288
  },
  "current_params": {
    "N": 250,
    "sr": 0.02532586114589455,
    "lr": 0.13332871065071789,
    "input_scaling": 1.0,
    "ridge": 1.0426149807553788,
    "seed": 1234
  }
}