{
  "returned_dict": {
    "loss": 0.021642805898048234,
    "r2": 0.9838719553032742,
    "status": "ok",
    "start_time": 1768163653.766423,
    "duration": 4.612322092056274
  },
  "current_params": {
    "N": 150,
    "sr": 0.02028741860387732,
    "lr": 0.13046381191488718,
    "input_scaling": 1.0,
    "ridge": 0.012150441683105253,
    "seed": 1234
  }
}