{
  "returned_dict": {
    "loss": 0.02403501581600864,
    "r2": 0.980079801225445,
    "status": "ok",
    "start_time": 1768139307.0976121,
    "duration": 24.869740962982178
  },
  "current_params": {
    "N": 750,
    "sr": 0.09604763889847912,
    "lr": 0.01375283520958743,
    "input_scaling": 1.0,
    "ridge": 0.014848757308685633,
    "seed": 1234
  }
}