{
  "returned_dict": {
    "loss": 0.02296582524697668,
    "r2": 0.9793381745093365,
    "status": "ok",
    "start_time": 1768162655.547405,
    "duration": 4.452193021774292
  },
  "current_params": {
    "N": 150,
    "sr": 0.055401138401846975,
    "lr": 0.0051284613751943825,
    "input_scaling": 1.0,
    "ridge": 0.05177600317060308,
    "seed": 1234
  }
}