{
  "returned_dict": {
    "loss": 0.023525536390753932,
    "r2": 0.980943665960243,
    "status": "ok",
    "start_time": 1768163588.6765308,
    "duration": 11.733049154281616
  },
  "current_params": {
    "N": 500,
    "sr": 0.062212855509730366,
    "lr": 0.18828904415383407,
    "input_scaling": 1.0,
    "ridge": 35.17468757576446,
    "seed": 1234
  }
}