{
  "returned_dict": {
    "loss": 0.02756556255070818,
    "r2": 0.9737835988157919,
    "status": "ok",
    "start_time": 1768140850.3314571,
    "duration": 25.043181896209717
  },
  "current_params": {
    "N": 750,
    "sr": 2.147975792467373,
    "lr": 0.029450944375166245,
    "input_scaling": 1.0,
    "ridge": 7.410739126356567,
    "seed": 1234
  }
}