{
  "returned_dict": {
    "loss": 0.02268061803446022,
    "r2": 0.9822881153096532,
    "status": "ok",
    "start_time": 1768163619.891723,
    "duration": 4.767761945724487
  },
  "current_params": {
    "N": 150,
    "sr": 0.021015685377232998,
    "lr": 0.31698942574944716,
    "input_scaling": 1.0,
    "ridge": 0.04066758760176305,
    "seed": 1234
  }
}