{
  "returned_dict": {
    "loss": 0.021266550605442407,
    "r2": 0.9844205864495705,
    "status": "ok",
    "start_time": 1768164305.241576,
    "duration": 13.096446990966797
  },
  "current_params": {
    "N": 500,
    "sr": 0.3268695376331746,
    "lr": 0.5353733286565294,
    "input_scaling": 1.0,
    "ridge": 0.0019236030846715968,
    "seed": 1234
  }
}