{
  "returned_dict": {
    "loss": 0.02835715720453489,
    "r2": 0.9716948062030706,
    "status": "ok",
    "start_time": 1768162986.068626,
    "duration": 14.568394899368286
  },
  "current_params": {
    "N": 500,
    "sr": 0.1453567275679802,
    "lr": 0.0073279806147632555,
    "input_scaling": 1.0,
    "ridge": 0.013882239598537086,
    "seed": 1234
  }
}