{
  "returned_dict": {
    "loss": 0.023301838661643696,
    "r2": 0.9813037517576009,
    "status": "ok",
    "start_time": 1768163572.218656,
    "duration": 5.334725856781006
  },
  "current_params": {
    "N": 250,
    "sr": 0.25472227881846665,
    "lr": 0.4302984414575313,
    "input_scaling": 1.0,
    "ridge": 84.57145261344526,
    "seed": 1234
  }
}