{
  "returned_dict": {
    "loss": 0.028302374902093103,
    "r2": 0.9723662928240184,
    "status": "ok",
    "start_time": 1768139105.024916,
    "duration": 25.17445707321167
  },
  "current_params": {
    "N": 750,
    "sr": 1.972407168454136,
    "lr": 0.08019641600450211,
    "input_scaling": 1.0,
    "ridge": 0.0009598748349536505,
    "seed": 1234
  }
}