{
  "returned_dict": {
    "loss": 0.020573981802996612,
    "r2": 0.9854086528072938,
    "status": "ok",
    "start_time": 1768163622.359518,
    "duration": 12.840579986572266
  },
  "current_params": {
    "N": 500,
    "sr": 0.6385645325524638,
    "lr": 0.2856118944120128,
    "input_scaling": 1.0,
    "ridge": 0.06448422121678767,
    "seed": 1234
  }
}