{
  "returned_dict": {
    "loss": 0.021676064817718055,
    "r2": 0.9838156305517899,
    "status": "ok",
    "start_time": 1768163950.827116,
    "duration": 4.145011901855469
  },
  "current_params": {
    "N": 150,
    "sr": 0.22104474062314464,
    "lr": 0.1910881623056359,
    "input_scaling": 1.0,
    "ridge": 4.342007194932409,
    "seed": 1234
  }
}