{
  "returned_dict": {
    "loss": 0.0291255619015142,
    "r2": 0.9707609259164427,
    "status": "ok",
    "start_time": 1768140479.718233,
    "duration": 15.132033824920654
  },
  "current_params": {
    "N": 500,
    "sr": 3.040139526967998,
    "lr": 0.07852233350555968,
    "input_scaling": 1.0,
    "ridge": 0.0664951026473324,
    "seed": 1234
  }
}