{
  "returned_dict": {
    "loss": 0.02078319604497458,
    "r2": 0.9851254434149116,
    "status": "ok",
    "start_time": 1768163522.904226,
    "duration": 11.955591917037964
  },
  "current_params": {
    "N": 500,
    "sr": 0.017356700798829703,
    "lr": 0.13094941599211748,
    "input_scaling": 1.0,
    "ridge": 0.02243034986249999,
    "seed": 1234
  }
}