{
  "returned_dict": {
    "loss": 0.02358103040710941,
    "r2": 0.9808536731438963,
    "status": "ok",
    "start_time": 1768163661.091037,
    "duration": 4.628918886184692
  },
  "current_params": {
    "N": 150,
    "sr": 0.019034296141117516,
    "lr": 0.30052269445481705,
    "input_scaling": 1.0,
    "ridge": 0.4651119248429907,
    "seed": 1234
  }
}