{
  "returned_dict": {
    "loss": 0.023299954932688927,
    "r2": 0.9813024420559335,
    "status": "ok",
    "start_time": 1768140728.818638,
    "duration": 5.885656833648682
  },
  "current_params": {
    "N": 250,
    "sr": 1.720142336723234,
    "lr": 0.07763106313276408,
    "input_scaling": 1.0,
    "ridge": 0.4572775685331979,
    "seed": 1234
  }
}