{
  "returned_dict": {
    "loss": 0.022113425359735824,
    "r2": 0.9831384080243915,
    "status": "ok",
    "start_time": 1768163452.568002,
    "duration": 7.095982074737549
  },
  "current_params": {
    "N": 250,
    "sr": 0.02847589897922608,
    "lr": 0.35857894656692635,
    "input_scaling": 1.0,
    "ridge": 0.017999855738190497,
    "seed": 1234
  }
}