{
  "returned_dict": {
    "loss": 0.02423021657558805,
    "r2": 0.9796830893769813,
    "status": "ok",
    "start_time": 1768140512.267143,
    "duration": 6.336091041564941
  },
  "current_params": {
    "N": 250,
    "sr": 0.8019641600450211,
    "lr": 0.04578657964048661,
    "input_scaling": 1.0,
    "ridge": 0.0010786100107056423,
    "seed": 1234
  }
}