{
  "returned_dict": {
    "loss": 0.025147054048227323,
    "r2": 0.9782226422504836,
    "status": "ok",
    "start_time": 1768139531.037036,
    "duration": 23.37769603729248
  },
  "current_params": {
    "N": 750,
    "sr": 0.03756721747628205,
    "lr": 0.0011870510469582862,
    "input_scaling": 1.0,
    "ridge": 2.2240478487503768,
    "seed": 1234
  }
}