{
  "returned_dict": {
    "loss": 0.020626807741568685,
    "r2": 0.9853488509832552,
    "status": "ok",
    "start_time": 1768163496.706375,
    "duration": 4.362322092056274
  },
  "current_params": {
    "N": 150,
    "sr": 0.18533191931652085,
    "lr": 0.1276137302869328,
    "input_scaling": 1.0,
    "ridge": 0.03642154698397969,
    "seed": 1234
  }
}