{
  "returned_dict": {
    "loss": 0.026303824299817636,
    "r2": 0.9712183624439863,
    "status": "ok",
    "start_time": 1768162622.242939,
    "duration": 4.847583770751953
  },
  "current_params": {
    "N": 150,
    "sr": 0.014959195055913567,
    "lr": 0.0069847630227135365,
    "input_scaling": 1.0,
    "ridge": 4.388780088400756e-06,
    "seed": 1234
  }
}