{
  "returned_dict": {
    "loss": 0.022398215207263438,
    "r2": 0.9827128654131858,
    "status": "ok",
    "start_time": 1768164224.758896,
    "duration": 4.526192903518677
  },
  "current_params": {
    "N": 150,
    "sr": 1.7612623782375254,
    "lr": 0.4703027006550762,
    "input_scaling": 1.0,
    "ridge": 1.0990558374448145,
    "seed": 1234
  }
}