{
  "returned_dict": {
    "loss": 0.02644169412602938,
    "r2": 0.9750826250905471,
    "status": "ok",
    "start_time": 1768139380.69737,
    "duration": 24.330999851226807
  },
  "current_params": {
    "N": 750,
    "sr": 2.207405428763886,
    "lr": 0.0021466697329771325,
    "input_scaling": 1.0,
    "ridge": 9.40398484440116,
    "seed": 1234
  }
}