{
  "returned_dict": {
    "loss": 0.02139002515180468,
    "r2": 0.9842277616632508,
    "status": "ok",
    "start_time": 1768163567.3980641,
    "duration": 4.813101768493652
  },
  "current_params": {
    "N": 150,
    "sr": 0.488604819637382,
    "lr": 0.3037893247735171,
    "input_scaling": 1.0,
    "ridge": 11.871630143091092,
    "seed": 1234
  }
}