{
  "returned_dict": {
    "loss": 0.020276043622215627,
    "r2": 0.9858409001421602,
    "status": "ok",
    "start_time": 1768140675.382171,
    "duration": 26.255244970321655
  },
  "current_params": {
    "N": 750,
    "sr": 0.25000889404949733,
    "lr": 0.036973905469964256,
    "input_scaling": 1.0,
    "ridge": 0.07504305572850614,
    "seed": 1234
  }
}