{
  "returned_dict": {
    "loss": 0.02607312455001277,
    "r2": 0.9764340646288687,
    "status": "ok",
    "start_time": 1768140614.7023501,
    "duration": 13.77241587638855
  },
  "current_params": {
    "N": 500,
    "sr": 0.055401138401846975,
    "lr": 0.0051284613751943825,
    "input_scaling": 1.0,
    "ridge": 0.05177600317060308,
    "seed": 1234
  }
}