{
  "returned_dict": {
    "loss": 0.02724963977565235,
    "r2": 0.974028874955739,
    "status": "ok",
    "start_time": 1768163120.707361,
    "duration": 5.120595932006836
  },
  "current_params": {
    "N": 150,
    "sr": 1.2666103437451035,
    "lr": 0.06104337276725842,
    "input_scaling": 1.0,
    "ridge": 3.39877047030188e-05,
    "seed": 1234
  }
}