{
  "returned_dict": {
    "loss": 0.026676437770304196,
    "r2": 0.971750207517729,
    "status": "ok",
    "start_time": 1768162633.08186,
    "duration": 4.648025989532471
  },
  "current_params": {
    "N": 150,
    "sr": 0.02713767059689348,
    "lr": 0.002042720292227401,
    "input_scaling": 1.0,
    "ridge": 0.0019444695635503716,
    "seed": 1234
  }
}