{
  "returned_dict": {
    "loss": 0.02039214299385116,
    "r2": 0.9837026401102495,
    "status": "ok",
    "start_time": 1768162613.950392,
    "duration": 4.262221097946167
  },
  "current_params": {
    "N": 150,
    "sr": 1.0219790287083488,
    "lr": 0.02048593340612814,
    "input_scaling": 1.0,
    "ridge": 0.311963485892655,
    "seed": 1234
  }
}