{
  "returned_dict": {
    "loss": 0.020649816151369366,
    "r2": 0.9853145943409214,
    "status": "ok",
    "start_time": 1768164043.709924,
    "duration": 5.852535963058472
  },
  "current_params": {
    "N": 250,
    "sr": 0.9314427418388427,
    "lr": 0.19419061872971558,
    "input_scaling": 1.0,
    "ridge": 8.61021487473176,
    "seed": 1234
  }
}