{
  "returned_dict": {
    "loss": 0.023331524800335672,
    "r2": 0.9811518056379045,
    "status": "ok",
    "start_time": 1768163048.895582,
    "duration": 5.95540189743042
  },
  "current_params": {
    "N": 250,
    "sr": 0.03264930284382226,
    "lr": 0.049528118993442,
    "input_scaling": 1.0,
    "ridge": 0.0014186479221775007,
    "seed": 1234
  }
}