{
  "returned_dict": {
    "loss": 0.021364613559366412,
    "r2": 0.9842737537422195,
    "status": "ok",
    "start_time": 1768163674.097617,
    "duration": 5.357453107833862
  },
  "current_params": {
    "N": 250,
    "sr": 0.05350372700994013,
    "lr": 0.20627185784868976,
    "input_scaling": 1.0,
    "ridge": 0.04270184054562433,
    "seed": 1234
  }
}