{
  "returned_dict": {
    "loss": 0.02126867684951356,
    "r2": 0.9843849471120016,
    "status": "ok",
    "start_time": 1768139382.28048,
    "duration": 24.5906240940094
  },
  "current_params": {
    "N": 750,
    "sr": 0.020857324386248082,
    "lr": 0.9938347806483014,
    "input_scaling": 1.0,
    "ridge": 0.009798568317595433,
    "seed": 1234
  }
}