{
  "returned_dict": {
    "loss": 0.022242801546361574,
    "r2": 0.9829387662861384,
    "status": "ok",
    "start_time": 1768139158.1453319,
    "duration": 24.53117799758911
  },
  "current_params": {
    "N": 750,
    "sr": 0.29656574289180465,
    "lr": 0.6508476857182398,
    "input_scaling": 1.0,
    "ridge": 0.0013981458288573197,
    "seed": 1234
  }
}