{
  "returned_dict": {
    "loss": 0.02142928860892975,
    "r2": 0.9841798903785748,
    "status": "ok",
    "start_time": 1768163663.253248,
    "duration": 12.169850826263428
  },
  "current_params": {
    "N": 500,
    "sr": 0.11772523869125334,
    "lr": 0.7056031139956473,
    "input_scaling": 1.0,
    "ridge": 4.077081211289671,
    "seed": 1234
  }
}