{
  "returned_dict": {
    "loss": 0.026583102587045004,
    "r2": 0.9755939228868595,
    "status": "ok",
    "start_time": 1768164201.199283,
    "duration": 6.500834226608276
  },
  "current_params": {
    "N": 250,
    "sr": 1.0120661170730878,
    "lr": 0.025899335315803292,
    "input_scaling": 1.0,
    "ridge": 0.001222151255726616,
    "seed": 1234
  }
}