{
  "returned_dict": {
    "loss": 0.026686339869132863,
    "r2": 0.9717978768045195,
    "status": "ok",
    "start_time": 1768162609.32171,
    "duration": 13.34561276435852
  },
  "current_params": {
    "N": 500,
    "sr": 0.02422930171575036,
    "lr": 0.0224469745250941,
    "input_scaling": 1.0,
    "ridge": 2.1736129761571646e-05,
    "seed": 1234
  }
}