{
  "returned_dict": {
    "loss": 0.02073238982369891,
    "r2": 0.9851969241443841,
    "status": "ok",
    "start_time": 1768163569.415363,
    "duration": 6.121798992156982
  },
  "current_params": {
    "N": 250,
    "sr": 0.1826688441397298,
    "lr": 0.1504896327773301,
    "input_scaling": 1.0,
    "ridge": 0.2266848742661753,
    "seed": 1234
  }
}