{
  "returned_dict": {
    "loss": 0.020872658259356157,
    "r2": 0.9849931530001637,
    "status": "ok",
    "start_time": 1768163692.244149,
    "duration": 4.253871202468872
  },
  "current_params": {
    "N": 150,
    "sr": 0.18742032395335323,
    "lr": 0.37360540444774576,
    "input_scaling": 1.0,
    "ridge": 0.03806457793657551,
    "seed": 1234
  }
}