{
  "returned_dict": {
    "loss": 0.02117350447932851,
    "r2": 0.984554270377956,
    "status": "ok",
    "start_time": 1768163516.436439,
    "duration": 4.680571794509888
  },
  "current_params": {
    "N": 150,
    "sr": 0.5265482050642952,
    "lr": 0.13555103478670857,
    "input_scaling": 1.0,
    "ridge": 2.867602578125042,
    "seed": 1234
  }
}