{
  "returned_dict": {
    "loss": 0.02774179866759825,
    "r2": 0.969731103756466,
    "status": "ok",
    "start_time": 1768162724.0372689,
    "duration": 4.507312297821045
  },
  "current_params": {
    "N": 150,
    "sr": 3.4153610389762212,
    "lr": 0.028036095183712008,
    "input_scaling": 1.0,
    "ridge": 0.08272719614628053,
    "seed": 1234
  }
}