{
  "returned_dict": {
    "loss": 0.020374647938716885,
    "r2": 0.985695644209585,
    "status": "ok",
    "start_time": 1768139506.682537,
    "duration": 24.34739398956299
  },
  "current_params": {
    "N": 750,
    "sr": 0.05382727102224969,
    "lr": 0.33944166911116286,
    "input_scaling": 1.0,
    "ridge": 0.005473918213903196,
    "seed": 1234
  }
}