{
  "returned_dict": {
    "loss": 0.020965125205533633,
    "r2": 0.9827798378522271,
    "status": "ok",
    "start_time": 1768162677.018274,
    "duration": 5.811654806137085
  },
  "current_params": {
    "N": 250,
    "sr": 2.22778006750894,
    "lr": 0.24285358390734382,
    "input_scaling": 1.0,
    "ridge": 3.2677104378295967,
    "seed": 1234
  }
}