{
  "returned_dict": {
    "loss": 0.02645971386938939,
    "r2": 0.9725945661046558,
    "status": "ok",
    "start_time": 1768162715.0227919,
    "duration": 5.628106117248535
  },
  "current_params": {
    "N": 250,
    "sr": 7.5039087234539865,
    "lr": 0.9691553951339978,
    "input_scaling": 1.0,
    "ridge": 0.08890865128504387,
    "seed": 1234
  }
}