{
  "returned_dict": {
    "loss": 0.02222973468527089,
    "r2": 0.9829651467608713,
    "status": "ok",
    "start_time": 1768140734.7148328,
    "duration": 5.455214262008667
  },
  "current_params": {
    "N": 250,
    "sr": 1.3480751149995323,
    "lr": 0.8721965303593258,
    "input_scaling": 1.0,
    "ridge": 0.003190747618733736,
    "seed": 1234
  }
}