{
  "returned_dict": {
    "loss": 0.022142636224038642,
    "r2": 0.9798959707806958,
    "status": "ok",
    "start_time": 1768162723.1202781,
    "duration": 5.826330661773682
  },
  "current_params": {
    "N": 250,
    "sr": 0.12584186755262014,
    "lr": 0.04155107897539692,
    "input_scaling": 1.0,
    "ridge": 1.1120091215487554e-05,
    "seed": 1234
  }
}