{
  "returned_dict": {
    "loss": 0.022612094231800516,
    "r2": 0.9799801822506138,
    "status": "ok",
    "start_time": 1768162747.7539158,
    "duration": 5.5306031703948975
  },
  "current_params": {
    "N": 250,
    "sr": 2.6442031479688675,
    "lr": 0.9913570746384139,
    "input_scaling": 1.0,
    "ridge": 4.647918595124648e-06,
    "seed": 1234
  }
}