{
  "returned_dict": {
    "loss": 0.022703541628306456,
    "r2": 0.9822256774932491,
    "status": "ok",
    "start_time": 1768163109.7075279,
    "duration": 12.797956228256226
  },
  "current_params": {
    "N": 500,
    "sr": 2.0948939776093187,
    "lr": 0.3947931822583929,
    "input_scaling": 1.0,
    "ridge": 0.045173445464369855,
    "seed": 1234
  }
}