{
  "returned_dict": {
    "loss": 0.021329776788923636,
    "r2": 0.984326485461119,
    "status": "ok",
    "start_time": 1768139533.2487,
    "duration": 23.999638080596924
  },
  "current_params": {
    "N": 750,
    "sr": 0.7967266039989561,
    "lr": 0.8818969540804086,
    "input_scaling": 1.0,
    "ridge": 0.003830181787910786,
    "seed": 1234
  }
}