{
  "returned_dict": {
    "loss": 0.023466561107856186,
    "r2": 0.9810387308849678,
    "status": "ok",
    "start_time": 1768163523.0852292,
    "duration": 5.754013776779175
  },
  "current_params": {
    "N": 250,
    "sr": 0.06874111964481877,
    "lr": 0.5947321499167372,
    "input_scaling": 1.0,
    "ridge": 4.840894893296343,
    "seed": 1234
  }
}