{
  "returned_dict": {
    "loss": 0.020559486791981833,
    "r2": 0.9854421547832377,
    "status": "ok",
    "start_time": 1768163051.3515599,
    "duration": 5.1246490478515625
  },
  "current_params": {
    "N": 250,
    "sr": 0.18022909517554656,
    "lr": 0.2103605261660479,
    "input_scaling": 1.0,
    "ridge": 0.010992151862706726,
    "seed": 1234
  }
}