{
  "returned_dict": {
    "loss": 0.023819566590315037,
    "r2": 0.9804613268244331,
    "status": "ok",
    "start_time": 1768140553.2799659,
    "duration": 12.395057916641235
  },
  "current_params": {
    "N": 500,
    "sr": 0.5925792970318424,
    "lr": 0.0011706083377588765,
    "input_scaling": 1.0,
    "ridge": 4.236750790632555,
    "seed": 1234
  }
}