{
  "returned_dict": {
    "loss": 0.0213818762561377,
    "r2": 0.9842510350086734,
    "status": "ok",
    "start_time": 1768163103.689707,
    "duration": 5.487009048461914
  },
  "current_params": {
    "N": 250,
    "sr": 1.4524053505622598,
    "lr": 0.7755926247612633,
    "input_scaling": 1.0,
    "ridge": 0.10915572955478303,
    "seed": 1234
  }
}