{
  "returned_dict": {
    "loss": 0.020592031796279036,
    "r2": 0.9833819251677992,
    "status": "ok",
    "start_time": 1768162694.456428,
    "duration": 11.832427978515625
  },
  "current_params": {
    "N": 500,
    "sr": 2.071692039719221,
    "lr": 0.1242688707732934,
    "input_scaling": 1.0,
    "ridge": 0.34819454896946306,
    "seed": 1234
  }
}