{
  "returned_dict": {
    "loss": 0.020107842249445944,
    "r2": 0.9841681465877222,
    "status": "ok",
    "start_time": 1768162620.895018,
    "duration": 4.775341987609863
  },
  "current_params": {
    "N": 150,
    "sr": 0.8019641600450211,
    "lr": 0.04578657964048661,
    "input_scaling": 1.0,
    "ridge": 0.0010786100107056423,
    "seed": 1234
  }
}