{
  "returned_dict": {
    "loss": 0.02096850410375636,
    "r2": 0.9848569000723678,
    "status": "ok",
    "start_time": 1768163737.635312,
    "duration": 5.636882066726685
  },
  "current_params": {
    "N": 250,
    "sr": 0.411967742779765,
    "lr": 0.9971106847771527,
    "input_scaling": 1.0,
    "ridge": 0.15326684870847865,
    "seed": 1234
  }
}