{
  "returned_dict": {
    "loss": 0.028718243665072224,
    "r2": 0.9708273986590698,
    "status": "ok",
    "start_time": 1768163091.870573,
    "duration": 11.81109619140625
  },
  "current_params": {
    "N": 500,
    "sr": 0.29552391206402034,
    "lr": 0.05745601736566622,
    "input_scaling": 1.0,
    "ridge": 0.0002751755116489535,
    "seed": 1234
  }
}