{
  "returned_dict": {
    "loss": 0.026629318557586316,
    "r2": 0.9750961078669661,
    "status": "ok",
    "start_time": 1768162996.233213,
    "duration": 6.702272891998291
  },
  "current_params": {
    "N": 250,
    "sr": 0.018627028640471936,
    "lr": 0.14691902981011795,
    "input_scaling": 1.0,
    "ridge": 0.00014351426537591403,
    "seed": 1234
  }
}