{
  "returned_dict": {
    "loss": 0.021697112330960007,
    "r2": 0.9815708960594293,
    "status": "ok",
    "start_time": 1768162747.230773,
    "duration": 11.773414850234985
  },
  "current_params": {
    "N": 500,
    "sr": 0.1551744458895236,
    "lr": 0.006675367074106863,
    "input_scaling": 1.0,
    "ridge": 0.9528357855832742,
    "seed": 1234
  }
}