{
  "returned_dict": {
    "loss": 0.0208229214687844,
    "r2": 0.9850572664242409,
    "status": "ok",
    "start_time": 1768163512.9744692,
    "duration": 12.134719848632812
  },
  "current_params": {
    "N": 500,
    "sr": 0.05740215003076002,
    "lr": 0.48500179446322683,
    "input_scaling": 1.0,
    "ridge": 0.1539947440410941,
    "seed": 1234
  }
}