{
  "returned_dict": {
    "loss": 0.02510038333589628,
    "r2": 0.9782998361668052,
    "status": "ok",
    "start_time": 1768139283.0424771,
    "duration": 24.600961923599243
  },
  "current_params": {
    "N": 750,
    "sr": 3.3941017275661953,
    "lr": 0.5104573150259176,
    "input_scaling": 1.0,
    "ridge": 6.548413954158031,
    "seed": 1234
  }
}