{
  "returned_dict": {
    "loss": 0.021167097452291606,
    "r2": 0.9824590402629034,
    "status": "ok",
    "start_time": 1768162728.4047291,
    "duration": 3.9157538414001465
  },
  "current_params": {
    "N": 150,
    "sr": 0.011870510469582865,
    "lr": 0.6058726880537801,
    "input_scaling": 1.0,
    "ridge": 0.00010811002164815169,
    "seed": 1234
  }
}