{
  "returned_dict": {
    "loss": 0.02154051467473237,
    "r2": 0.9840071806483429,
    "status": "ok",
    "start_time": 1768164261.260305,
    "duration": 6.0242180824279785
  },
  "current_params": {
    "N": 250,
    "sr": 0.10021051059965656,
    "lr": 0.4955638771527499,
    "input_scaling": 1.0,
    "ridge": 0.07291037360448925,
    "seed": 1234
  }
}