{
  "returned_dict": {
    "loss": 0.02344062420605881,
    "r2": 0.9810761190087854,
    "status": "ok",
    "start_time": 1768140882.7691789,
    "duration": 24.991899251937866
  },
  "current_params": {
    "N": 750,
    "sr": 0.1551744458895236,
    "lr": 0.006675367074106863,
    "input_scaling": 1.0,
    "ridge": 0.9528357855832742,
    "seed": 1234
  }
}