{
  "returned_dict": {
    "loss": 0.02128503297360771,
    "r2": 0.9821286533982454,
    "status": "ok",
    "start_time": 1768162668.825315,
    "duration": 5.42553186416626
  },
  "current_params": {
    "N": 150,
    "sr": 0.0498551263892747,
    "lr": 0.012662965695252416,
    "input_scaling": 1.0,
    "ridge": 1.9839560559869082e-05,
    "seed": 1234
  }
}