{
  "returned_dict": {
    "loss": 0.02252353092983613,
    "r2": 0.9825152410163043,
    "status": "ok",
    "start_time": 1768140658.419074,
    "duration": 43.06598401069641
  },
  "current_params": {
    "N": 1000,
    "sr": 0.40392838160560685,
    "lr": 0.3513026827442705,
    "input_scaling": 1.0,
    "ridge": 0.007469405980369953,
    "seed": 1234
  }
}