{
  "returned_dict": {
    "loss": 0.020872323102864486,
    "r2": 0.9849939365421315,
    "status": "ok",
    "start_time": 1768162980.032554,
    "duration": 5.917494058609009
  },
  "current_params": {
    "N": 250,
    "sr": 1.1198164932559396,
    "lr": 0.17150882346504792,
    "input_scaling": 1.0,
    "ridge": 5.100204521161116,
    "seed": 1234
  }
}