{
  "returned_dict": {
    "loss": 0.023397574912171655,
    "r2": 0.9810557106483783,
    "status": "ok",
    "start_time": 1768140861.8106399,
    "duration": 40.55441927909851
  },
  "current_params": {
    "N": 1000,
    "sr": 2.0948939776093187,
    "lr": 0.3947931822583929,
    "input_scaling": 1.0,
    "ridge": 0.045173445464369855,
    "seed": 1234
  }
}