{
  "returned_dict": {
    "loss": 0.020464283919939152,
    "r2": 0.9855806110735716,
    "status": "ok",
    "start_time": 1768163683.6519349,
    "duration": 12.272145986557007
  },
  "current_params": {
    "N": 500,
    "sr": 0.35771395366133957,
    "lr": 0.15783533167048552,
    "input_scaling": 1.0,
    "ridge": 43.908935504823596,
    "seed": 1234
  }
}