{
  "returned_dict": {
    "loss": 0.02718594681539454,
    "r2": 0.9710662095723366,
    "status": "ok",
    "start_time": 1768162609.329202,
    "duration": 12.415217161178589
  },
  "current_params": {
    "N": 500,
    "sr": 8.167592716599776,
    "lr": 0.4779289783449198,
    "input_scaling": 1.0,
    "ridge": 0.10126315950706169,
    "seed": 1234
  }
}