{
  "returned_dict": {
    "loss": 0.023482597171571706,
    "r2": 0.9810133067527198,
    "status": "ok",
    "start_time": 1768163098.233423,
    "duration": 11.599345922470093
  },
  "current_params": {
    "N": 500,
    "sr": 0.0206509077992012,
    "lr": 0.015691249214948737,
    "input_scaling": 1.0,
    "ridge": 1.8031798805085524,
    "seed": 1234
  }
}