{
  "returned_dict": {
    "loss": 0.025658041619587603,
    "r2": 0.9773328600183102,
    "status": "ok",
    "start_time": 1768163568.6587121,
    "duration": 12.857667684555054
  },
  "current_params": {
    "N": 500,
    "sr": 0.01621658608314028,
    "lr": 0.2503528309534062,
    "input_scaling": 1.0,
    "ridge": 46.703635716643454,
    "seed": 1234
  }
}