{
  "returned_dict": {
    "loss": 0.025057609871318436,
    "r2": 0.9783794919426068,
    "status": "ok",
    "start_time": 1768163643.161956,
    "duration": 4.747607946395874
  },
  "current_params": {
    "N": 150,
    "sr": 0.09487856132145964,
    "lr": 0.46011269148847095,
    "input_scaling": 1.0,
    "ridge": 66.44970055250354,
    "seed": 1234
  }
}