{
  "returned_dict": {
    "loss": 0.023334947939814988,
    "r2": 0.9812371802640587,
    "status": "ok",
    "start_time": 1768139405.029582,
    "duration": 24.67101287841797
  },
  "current_params": {
    "N": 750,
    "sr": 2.528666534368034,
    "lr": 0.6072762414825701,
    "input_scaling": 1.0,
    "ridge": 0.08891511447043106,
    "seed": 1234
  }
}