{
  "returned_dict": {
    "loss": 0.029994854397277802,
    "r2": 0.9688450637506811,
    "status": "ok",
    "start_time": 1768140576.775485,
    "duration": 27.42532706260681
  },
  "current_params": {
    "N": 750,
    "sr": 0.13212140597980881,
    "lr": 0.001920436732447285,
    "input_scaling": 1.0,
    "ridge": 0.0526146277550721,
    "seed": 1234
  }
}