{
  "returned_dict": {
    "loss": 0.02619990682564568,
    "r2": 0.9762553460694534,
    "status": "ok",
    "start_time": 1768163062.7483368,
    "duration": 11.754539012908936
  },
  "current_params": {
    "N": 500,
    "sr": 2.1394582801523425,
    "lr": 0.003931992507823152,
    "input_scaling": 1.0,
    "ridge": 1.5694375678920185,
    "seed": 1234
  }
}