{
  "returned_dict": {
    "loss": 0.020306737047167057,
    "r2": 0.9836525143990771,
    "status": "ok",
    "start_time": 1768162622.678171,
    "duration": 6.313019037246704
  },
  "current_params": {
    "N": 250,
    "sr": 0.16563823126217705,
    "lr": 0.2767331292218319,
    "input_scaling": 1.0,
    "ridge": 3.182411089750538e-07,
    "seed": 1234
  }
}