{
  "returned_dict": {
    "loss": 0.023968386768318115,
    "r2": 0.9802186443254316,
    "status": "ok",
    "start_time": 1768163469.309362,
    "duration": 5.565916061401367
  },
  "current_params": {
    "N": 250,
    "sr": 0.01513894884722658,
    "lr": 0.5276662905689199,
    "input_scaling": 1.0,
    "ridge": 0.703896686793332,
    "seed": 1234
  }
}