{
  "returned_dict": {
    "loss": 0.024122554042484094,
    "r2": 0.9772049373157028,
    "status": "ok",
    "start_time": 1768162609.35609,
    "duration": 6.680149078369141
  },
  "current_params": {
    "N": 250,
    "sr": 3.040139526967998,
    "lr": 0.07852233350555968,
    "input_scaling": 1.0,
    "ridge": 0.0664951026473324,
    "seed": 1234
  }
}