{
  "returned_dict": {
    "loss": 0.021185733425293157,
    "r2": 0.9845344390554402,
    "status": "ok",
    "start_time": 1768163732.90045,
    "duration": 4.2715232372283936
  },
  "current_params": {
    "N": 150,
    "sr": 0.5202961463592363,
    "lr": 0.10104157912088269,
    "input_scaling": 1.0,
    "ridge": 1.1442406397964384,
    "seed": 1234
  }
}