{
  "returned_dict": {
    "loss": 0.027444464488184772,
    "r2": 0.9692574785210732,
    "status": "ok",
    "start_time": 1768162664.555362,
    "duration": 6.725188970565796
  },
  "current_params": {
    "N": 250,
    "sr": 0.0350344439355075,
    "lr": 0.005131385153387444,
    "input_scaling": 1.0,
    "ridge": 1.7558531153415002e-06,
    "seed": 1234
  }
}