{
  "returned_dict": {
    "loss": 0.02222483001715369,
    "r2": 0.9829921889941918,
    "status": "ok",
    "start_time": 1768163545.4456818,
    "duration": 5.141460180282593
  },
  "current_params": {
    "N": 250,
    "sr": 0.018543393730231346,
    "lr": 0.18970358830224396,
    "input_scaling": 1.0,
    "ridge": 0.16550778062293262,
    "seed": 1234
  }
}