{
  "returned_dict": {
    "loss": 0.023086757423712963,
    "r2": 0.9816480785323654,
    "status": "ok",
    "start_time": 1768164209.126559,
    "duration": 4.399983167648315
  },
  "current_params": {
    "N": 150,
    "sr": 0.06274944433721241,
    "lr": 0.8082191418328011,
    "input_scaling": 1.0,
    "ridge": 0.10203710673780302,
    "seed": 1234
  }
}