{
  "returned_dict": {
    "loss": 0.024109880484829104,
    "r2": 0.9799850508618922,
    "status": "ok",
    "start_time": 1768163549.376658,
    "duration": 4.693117141723633
  },
  "current_params": {
    "N": 150,
    "sr": 0.0282608836068907,
    "lr": 0.37364393151927955,
    "input_scaling": 1.0,
    "ridge": 1.8326840565837172,
    "seed": 1234
  }
}