{
  "returned_dict": {
    "loss": 0.025723775345755172,
    "r2": 0.97709031186193,
    "status": "ok",
    "start_time": 1768163002.833996,
    "duration": 11.836159944534302
  },
  "current_params": {
    "N": 500,
    "sr": 0.5465862556688604,
    "lr": 0.0033909262851589184,
    "input_scaling": 1.0,
    "ridge": 0.512304955530786,
    "seed": 1234
  }
}