{
  "returned_dict": {
    "loss": 0.029549083077626926,
    "r2": 0.9695707229391651,
    "status": "ok",
    "start_time": 1768139053.1614358,
    "duration": 27.012983083724976
  },
  "current_params": {
    "N": 750,
    "sr": 0.854270403311532,
    "lr": 0.2939576994059532,
    "input_scaling": 1.0,
    "ridge": 9.788762452377097e-05,
    "seed": 1234
  }
}