{
  "returned_dict": {
    "loss": 0.021690379227136975,
    "r2": 0.9837947309417571,
    "status": "ok",
    "start_time": 1768140570.078503,
    "duration": 6.928735017776489
  },
  "current_params": {
    "N": 250,
    "sr": 1.7612623782375254,
    "lr": 0.4703027006550762,
    "input_scaling": 1.0,
    "ridge": 1.0990558374448145,
    "seed": 1234
  }
}