{
  "returned_dict": {
    "loss": 0.02612443151545767,
    "r2": 0.976112049906882,
    "status": "ok",
    "start_time": 1768164249.5405152,
    "duration": 5.134054899215698
  },
  "current_params": {
    "N": 150,
    "sr": 0.24456713543548084,
    "lr": 0.014297775983881208,
    "input_scaling": 1.0,
    "ridge": 0.0057025544548413645,
    "seed": 1234
  }
}