{
  "returned_dict": {
    "loss": 0.02290941973153005,
    "r2": 0.9819244164618091,
    "status": "ok",
    "start_time": 1768164030.3590999,
    "duration": 12.52483606338501
  },
  "current_params": {
    "N": 500,
    "sr": 0.014457678643770077,
    "lr": 0.5692855662628429,
    "input_scaling": 1.0,
    "ridge": 0.5433955897115712,
    "seed": 1234
  }
}