{
  "returned_dict": {
    "loss": 0.025725841984860942,
    "r2": 0.9772128754707495,
    "status": "ok",
    "start_time": 1768164218.172097,
    "duration": 6.507958173751831
  },
  "current_params": {
    "N": 250,
    "sr": 0.2073644866466938,
    "lr": 0.001161010746460066,
    "input_scaling": 1.0,
    "ridge": 0.273292250988277,
    "seed": 1234
  }
}