{
  "returned_dict": {
    "loss": 0.021642826729421465,
    "r2": 0.9838658063253242,
    "status": "ok",
    "start_time": 1768139233.123379,
    "duration": 25.010460138320923
  },
  "current_params": {
    "N": 750,
    "sr": 0.1808601796729088,
    "lr": 0.7919463042311113,
    "input_scaling": 1.0,
    "ridge": 0.00231410456523431,
    "seed": 1234
  }
}