{
  "returned_dict": {
    "loss": 0.024279307345151154,
    "r2": 0.9797025300757409,
    "status": "ok",
    "start_time": 1768163955.717778,
    "duration": 4.2323079109191895
  },
  "current_params": {
    "N": 150,
    "sr": 0.04284085242993935,
    "lr": 0.5915785684573097,
    "input_scaling": 1.0,
    "ridge": 4.432462322901611,
    "seed": 1234
  }
}