{
  "returned_dict": {
    "loss": 0.020592687325716015,
    "r2": 0.9853982864890304,
    "status": "ok",
    "start_time": 1768164064.413621,
    "duration": 4.757978916168213
  },
  "current_params": {
    "N": 250,
    "sr": 0.657854165317794,
    "lr": 0.33848704796794876,
    "input_scaling": 1.0,
    "ridge": 9.316907798591153,
    "seed": 1234
  }
}