{
  "returned_dict": {
    "loss": 0.021361040068611153,
    "r2": 0.9842858905614336,
    "status": "ok",
    "start_time": 1768139404.0070379,
    "duration": 24.309904098510742
  },
  "current_params": {
    "N": 750,
    "sr": 0.014288075981176153,
    "lr": 0.06573180117712059,
    "input_scaling": 1.0,
    "ridge": 0.16343169981839412,
    "seed": 1234
  }
}