{
  "returned_dict": {
    "loss": 0.029568539625093482,
    "r2": 0.9617070233388929,
    "status": "ok",
    "start_time": 1768162721.7698839,
    "duration": 5.177520275115967
  },
  "current_params": {
    "N": 150,
    "sr": 0.013612793826244545,
    "lr": 0.004995245702312712,
    "input_scaling": 1.0,
    "ridge": 4.2514196237574586e-06,
    "seed": 1234
  }
}