{
  "returned_dict": {
    "loss": 0.02114191661737518,
    "r2": 0.9845793038582586,
    "status": "ok",
    "start_time": 1768139081.153685,
    "duration": 25.79421901702881
  },
  "current_params": {
    "N": 750,
    "sr": 0.010521721669668518,
    "lr": 0.22949494952928903,
    "input_scaling": 1.0,
    "ridge": 0.009630696777835738,
    "seed": 1234
  }
}