{
  "returned_dict": {
    "loss": 0.022224929707961385,
    "r2": 0.9799028917678202,
    "status": "ok",
    "start_time": 1768162728.549272,
    "duration": 4.444379806518555
  },
  "current_params": {
    "N": 150,
    "sr": 0.08367682964780482,
    "lr": 0.062435497219725716,
    "input_scaling": 1.0,
    "ridge": 1.1636707194432323e-08,
    "seed": 1234
  }
}