{
  "returned_dict": {
    "loss": 0.022698713212420098,
    "r2": 0.9821256829421958,
    "status": "ok",
    "start_time": 1768163093.971699,
    "duration": 4.920907020568848
  },
  "current_params": {
    "N": 150,
    "sr": 0.8860273958095527,
    "lr": 0.10247307438515181,
    "input_scaling": 1.0,
    "ridge": 0.07347289821082036,
    "seed": 1234
  }
}