{
  "returned_dict": {
    "loss": 0.021374201881949675,
    "r2": 0.9842599966480867,
    "status": "ok",
    "start_time": 1768163981.8222878,
    "duration": 4.666220188140869
  },
  "current_params": {
    "N": 150,
    "sr": 0.7901614785820671,
    "lr": 0.8247987983238287,
    "input_scaling": 1.0,
    "ridge": 0.8387677295043195,
    "seed": 1234
  }
}