{
  "returned_dict": {
    "loss": 0.03190706924372062,
    "r2": 0.964922830940641,
    "status": "ok",
    "start_time": 1768139053.168957,
    "duration": 27.977386951446533
  },
  "current_params": {
    "N": 750,
    "sr": 3.040139526967998,
    "lr": 0.07852233350555968,
    "input_scaling": 1.0,
    "ridge": 0.0664951026473324,
    "seed": 1234
  }
}