{
  "returned_dict": {
    "loss": 0.036235219380124487,
    "r2": 0.9543134974487263,
    "status": "ok",
    "start_time": 1768164213.549272,
    "duration": 4.479197025299072
  },
  "current_params": {
    "N": 150,
    "sr": 0.02713767059689348,
    "lr": 0.002042720292227401,
    "input_scaling": 1.0,
    "ridge": 0.0019444695635503716,
    "seed": 1234
  }
}