{
  "returned_dict": {
    "loss": 0.03433087435756313,
    "r2": 0.9536647335715441,
    "status": "ok",
    "start_time": 1768162615.983328,
    "duration": 5.907140016555786
  },
  "current_params": {
    "N": 250,
    "sr": 0.039785480491272146,
    "lr": 0.0010521721669668515,
    "input_scaling": 1.0,
    "ridge": 0.12087024363896724,
    "seed": 1234
  }
}