{
  "returned_dict": {
    "loss": 0.03309846596030358,
    "r2": 0.961890398790428,
    "status": "ok",
    "start_time": 1768139053.239625,
    "duration": 26.412746906280518
  },
  "current_params": {
    "N": 750,
    "sr": 0.013533536462213124,
    "lr": 0.0029031433196504202,
    "input_scaling": 1.0,
    "ridge": 0.014042375405616479,
    "seed": 1234
  }
}