{
  "returned_dict": {
    "loss": 0.0384487055697396,
    "r2": 0.9468366767883859,
    "status": "ok",
    "start_time": 1768140747.85759,
    "duration": 25.113709211349487
  },
  "current_params": {
    "N": 750,
    "sr": 0.6807108000546929,
    "lr": 0.08014701502803047,
    "input_scaling": 1.0,
    "ridge": 5.0850832726995895e-05,
    "seed": 1234
  }
}