{
  "returned_dict": {
    "loss": 0.031069518492164255,
    "r2": 0.9666956298832364,
    "status": "ok",
    "start_time": 1768140532.607286,
    "duration": 12.836185932159424
  },
  "current_params": {
    "N": 500,
    "sr": 7.685869277637152,
    "lr": 0.5317923335242433,
    "input_scaling": 1.0,
    "ridge": 0.01983189453895751,
    "seed": 1234
  }
}