{
  "returned_dict": {
    "loss": 0.03458577397928375,
    "r2": 0.9586758501413023,
    "status": "ok",
    "start_time": 1768139133.124178,
    "duration": 24.819185256958008
  },
  "current_params": {
    "N": 750,
    "sr": 0.04046598296680735,
    "lr": 0.008276941247686733,
    "input_scaling": 1.0,
    "ridge": 0.0016329621575999918,
    "seed": 1234
  }
}