{
  "returned_dict": {
    "loss": 0.03346590624754879,
    "r2": 0.9602745735542385,
    "status": "ok",
    "start_time": 1768139453.970481,
    "duration": 24.602325916290283
  },
  "current_params": {
    "N": 750,
    "sr": 0.26448316008235295,
    "lr": 0.004750929704883564,
    "input_scaling": 1.0,
    "ridge": 0.0014194542455075586,
    "seed": 1234
  }
}