{
  "returned_dict": {
    "loss": 0.03902910194388968,
    "r2": 0.9459102913806345,
    "status": "ok",
    "start_time": 1768164220.4771872,
    "duration": 5.761197805404663
  },
  "current_params": {
    "N": 250,
    "sr": 0.049050334418268435,
    "lr": 0.0012949042865580272,
    "input_scaling": 1.0,
    "ridge": 0.0009855353908323472,
    "seed": 1234
  }
}