{
  "returned_dict": {
    "loss": 0.037912249089710304,
    "r2": 0.9491991205900371,
    "status": "ok",
    "start_time": 1768139355.2926679,
    "duration": 24.24608612060547
  },
  "current_params": {
    "N": 750,
    "sr": 2.1036052616604795,
    "lr": 0.10320345577731158,
    "input_scaling": 1.0,
    "ridge": 1.006328621732183e-05,
    "seed": 1234
  }
}