{
  "returned_dict": {
    "loss": 0.03449816959219474,
    "r2": 0.9545234756867147,
    "status": "ok",
    "start_time": 1768140827.519457,
    "duration": 12.504451036453247
  },
  "current_params": {
    "N": 500,
    "sr": 0.011870510469582865,
    "lr": 0.6058726880537801,
    "input_scaling": 1.0,
    "ridge": 0.00010811002164815169,
    "seed": 1234
  }
}