{
  "returned_dict": {
    "loss": 0.035668184989780305,
    "r2": 0.955843591218781,
    "status": "ok",
    "start_time": 1768140749.341303,
    "duration": 24.016028881072998
  },
  "current_params": {
    "N": 750,
    "sr": 0.012828607057795722,
    "lr": 0.017997000655304008,
    "input_scaling": 1.0,
    "ridge": 0.00018500951975472467,
    "seed": 1234
  }
}