{
  "returned_dict": {
    "loss": 0.030723446155010915,
    "r2": 0.9589079283749097,
    "status": "ok",
    "start_time": 1768162625.6996422,
    "duration": 5.623352766036987
  },
  "current_params": {
    "N": 250,
    "sr": 0.21800619086334375,
    "lr": 0.013901564475150452,
    "input_scaling": 1.0,
    "ridge": 5.171407992803939e-06,
    "seed": 1234
  }
}