{
  "returned_dict": {
    "loss": 0.03689042527396091,
    "r2": 0.9526641386675028,
    "status": "ok",
    "start_time": 1768139452.8995671,
    "duration": 24.92456078529358
  },
  "current_params": {
    "N": 750,
    "sr": 0.16840280780723452,
    "lr": 0.0044966137079207385,
    "input_scaling": 1.0,
    "ridge": 0.0019713159493727826,
    "seed": 1234
  }
}