{
  "returned_dict": {
    "loss": 0.03796260518167134,
    "r2": 0.9502325516872563,
    "status": "ok",
    "start_time": 1768139281.912538,
    "duration": 24.684422969818115
  },
  "current_params": {
    "N": 750,
    "sr": 0.051313851533874424,
    "lr": 0.005599673785569714,
    "input_scaling": 1.0,
    "ridge": 0.0013838654466478506,
    "seed": 1234
  }
}