{
  "returned_dict": {
    "loss": 0.03232258663349881,
    "r2": 0.9639392489888957,
    "status": "ok",
    "start_time": 1768139131.7630222,
    "duration": 24.24403190612793
  },
  "current_params": {
    "N": 750,
    "sr": 7.685869277637152,
    "lr": 0.5317923335242433,
    "input_scaling": 1.0,
    "ridge": 0.01983189453895751,
    "seed": 1234
  }
}