{
  "returned_dict": {
    "loss": 0.030245449334421963,
    "r2": 0.968496969879894,
    "status": "ok",
    "start_time": 1768164188.225616,
    "duration": 14.30112600326538
  },
  "current_params": {
    "N": 500,
    "sr": 8.167592716599776,
    "lr": 0.4779289783449198,
    "input_scaling": 1.0,
    "ridge": 0.10126315950706169,
    "seed": 1234
  }
}