{
  "returned_dict": {
    "loss": 0.03750916533949393,
    "r2": 0.9501830920301249,
    "status": "ok",
    "start_time": 1768164285.9029608,
    "duration": 12.226095199584961
  },
  "current_params": {
    "N": 500,
    "sr": 2.303014466195922,
    "lr": 0.04440513050753518,
    "input_scaling": 1.0,
    "ridge": 7.634203924447178e-05,
    "seed": 1234
  }
}