{
  "returned_dict": {
    "loss": 0.037625498678470634,
    "r2": 0.943142286038807,
    "status": "ok",
    "start_time": 1768162707.665457,
    "duration": 12.248430013656616
  },
  "current_params": {
    "N": 500,
    "sr": 2.303014466195922,
    "lr": 0.04440513050753518,
    "input_scaling": 1.0,
    "ridge": 7.634203924447178e-05,
    "seed": 1234
  }
}