{
  "returned_dict": {
    "loss": 0.031714258955843545,
    "r2": 0.9564993426317951,
    "status": "ok",
    "start_time": 1768162609.3430872,
    "duration": 5.909338712692261
  },
  "current_params": {
    "N": 250,
    "sr": 0.038363314625091904,
    "lr": 0.025128294378026324,
    "input_scaling": 1.0,
    "ridge": 2.478756648552347e-08,
    "seed": 1234
  }
}