{
  "returned_dict": {
    "loss": 0.035491313320147724,
    "r2": 0.9473346784397723,
    "status": "ok",
    "start_time": 1768162636.233384,
    "duration": 5.945554256439209
  },
  "current_params": {
    "N": 250,
    "sr": 0.2633105154074936,
    "lr": 0.006323055434023884,
    "input_scaling": 1.0,
    "ridge": 9.640975430416673e-06,
    "seed": 1234
  }
}