{
  "returned_dict": {
    "loss": 0.03485642654673869,
    "r2": 0.9569693915871195,
    "status": "ok",
    "start_time": 1768140652.761642,
    "duration": 5.649030923843384
  },
  "current_params": {
    "N": 250,
    "sr": 0.02626063557115879,
    "lr": 0.027141373534149478,
    "input_scaling": 1.0,
    "ridge": 5.6494259092098665e-05,
    "seed": 1234
  }
}