{
  "returned_dict": {
    "loss": 0.038477902078613,
    "r2": 0.9489819383753233,
    "status": "ok",
    "start_time": 1768140602.5303009,
    "duration": 29.643662214279175
  },
  "current_params": {
    "N": 750,
    "sr": 7.919463042311116,
    "lr": 0.06139424453857466,
    "input_scaling": 1.0,
    "ridge": 2.4957954831585494,
    "seed": 1234
  }
}