{
  "returned_dict": {
    "loss": 0.03365752353933587,
    "r2": 0.9604932619037305,
    "status": "ok",
    "start_time": 1768140550.0341902,
    "duration": 5.247260808944702
  },
  "current_params": {
    "N": 250,
    "sr": 0.02713767059689348,
    "lr": 0.002042720292227401,
    "input_scaling": 1.0,
    "ridge": 0.0019444695635503716,
    "seed": 1234
  }
}