{
  "returned_dict": {
    "loss": 0.03185085285687617,
    "r2": 0.9646984960640896,
    "status": "ok",
    "start_time": 1768140815.406118,
    "duration": 5.56716513633728
  },
  "current_params": {
    "N": 250,
    "sr": 3.4153610389762212,
    "lr": 0.028036095183712008,
    "input_scaling": 1.0,
    "ridge": 0.08272719614628053,
    "seed": 1234
  }
}