{
  "returned_dict": {
    "loss": 0.03622624179725352,
    "r2": 0.9521581530052465,
    "status": "ok",
    "start_time": 1768140562.43,
    "duration": 14.339456796646118
  },
  "current_params": {
    "N": 500,
    "sr": 1.0392505885279626,
    "lr": 0.0069775242015962516,
    "input_scaling": 1.0,
    "ridge": 0.008606046973683503,
    "seed": 1234
  }
}