{
  "returned_dict": {
    "loss": 0.035515049878168906,
    "r2": 0.9548148541649402,
    "status": "ok",
    "start_time": 1768164218.9194791,
    "duration": 5.436328887939453
  },
  "current_params": {
    "N": 150,
    "sr": 1.0392505885279626,
    "lr": 0.0069775242015962516,
    "input_scaling": 1.0,
    "ridge": 0.008606046973683503,
    "seed": 1234
  }
}