{
  "returned_dict": {
    "loss": 0.034104376407271444,
    "r2": 0.9598959390223858,
    "status": "ok",
    "start_time": 1768164233.643161,
    "duration": 12.425283908843994
  },
  "current_params": {
    "N": 500,
    "sr": 7.919463042311116,
    "lr": 0.06139424453857466,
    "input_scaling": 1.0,
    "ridge": 2.4957954831585494,
    "seed": 1234
  }
}