{
  "returned_dict": {
    "loss": 0.0333975477919702,
    "r2": 0.9605163352151843,
    "status": "ok",
    "start_time": 1768163039.489279,
    "duration": 4.84725284576416
  },
  "current_params": {
    "N": 150,
    "sr": 0.02626063557115879,
    "lr": 0.027141373534149478,
    "input_scaling": 1.0,
    "ridge": 5.6494259092098665e-05,
    "seed": 1234
  }
}