{
  "returned_dict": {
    "loss": 0.037454597250085424,
    "r2": 0.9388106312860369,
    "status": "ok",
    "start_time": 1768162661.390311,
    "duration": 5.80690598487854
  },
  "current_params": {
    "N": 250,
    "sr": 1.10190354534629,
    "lr": 0.015166709571116129,
    "input_scaling": 1.0,
    "ridge": 7.276455413820774e-06,
    "seed": 1234
  }
}