{
  "returned_dict": {
    "loss": 0.030489480495915645,
    "r2": 0.9678903841128929,
    "status": "ok",
    "start_time": 1768139130.346455,
    "duration": 26.51797080039978
  },
  "current_params": {
    "N": 750,
    "sr": 0.13901564475150457,
    "lr": 0.008026685880247408,
    "input_scaling": 1.0,
    "ridge": 0.004704823526264519,
    "seed": 1234
  }
}