{
  "returned_dict": {
    "loss": 0.039011187380281906,
    "r2": 0.9452340884958638,
    "status": "ok",
    "start_time": 1768139106.953673,
    "duration": 26.16913414001465
  },
  "current_params": {
    "N": 750,
    "sr": 0.24301422203106182,
    "lr": 0.0030465992939497405,
    "input_scaling": 1.0,
    "ridge": 0.00032314911876566923,
    "seed": 1234
  }
}