{
  "returned_dict": {
    "loss": 0.03258626371770478,
    "r2": 0.9611507482546026,
    "status": "ok",
    "start_time": 1768140527.428097,
    "duration": 12.228193998336792
  },
  "current_params": {
    "N": 500,
    "sr": 0.018627028640471936,
    "lr": 0.14691902981011795,
    "input_scaling": 1.0,
    "ridge": 0.00014351426537591403,
    "seed": 1234
  }
}