{
  "returned_dict": {
    "loss": 0.038265202118327506,
    "r2": 0.9410311255552827,
    "status": "ok",
    "start_time": 1768162710.178679,
    "duration": 12.568763971328735
  },
  "current_params": {
    "N": 500,
    "sr": 2.5096388704240224,
    "lr": 0.008777120792236448,
    "input_scaling": 1.0,
    "ridge": 0.3439071943389631,
    "seed": 1234
  }
}