{
  "returned_dict": {
    "loss": 0.03937058789131494,
    "r2": 0.9465232170935671,
    "status": "ok",
    "start_time": 1768139528.116459,
    "duration": 25.277778148651123
  },
  "current_params": {
    "N": 750,
    "sr": 5.353733286565295,
    "lr": 0.057726047396179175,
    "input_scaling": 1.0,
    "ridge": 0.4492299362334677,
    "seed": 1234
  }
}