{
  "returned_dict": {
    "loss": 0.030547957258566006,
    "r2": 0.9677658786402592,
    "status": "ok",
    "start_time": 1768140494.950631,
    "duration": 31.580382108688354
  },
  "current_params": {
    "N": 750,
    "sr": 0.039785480491272146,
    "lr": 0.0010521721669668515,
    "input_scaling": 1.0,
    "ridge": 0.12087024363896724,
    "seed": 1234
  }
}