{
  "returned_dict": {
    "loss": 0.03154741924360115,
    "r2": 0.9655111999031822,
    "status": "ok",
    "start_time": 1768139106.895164,
    "duration": 26.233668088912964
  },
  "current_params": {
    "N": 750,
    "sr": 0.011698662699477454,
    "lr": 0.001862702864047193,
    "input_scaling": 1.0,
    "ridge": 0.03171276836241361,
    "seed": 1234
  }
}