{
  "returned_dict": {
    "loss": 0.03000653298562051,
    "r2": 0.9688203124770206,
    "status": "ok",
    "start_time": 1768139206.002517,
    "duration": 25.129061937332153
  },
  "current_params": {
    "N": 750,
    "sr": 0.13212140597980881,
    "lr": 0.001920436732447285,
    "input_scaling": 1.0,
    "ridge": 0.0526146277550721,
    "seed": 1234
  }
}