{
  "returned_dict": {
    "loss": 0.030245449334421963,
    "r2": 0.968496969879894,
    "status": "ok",
    "start_time": 1768162980.016125,
    "duration": 14.076840162277222
  },
  "current_params": {
    "N": 500,
    "sr": 8.167592716599776,
    "lr": 0.4779289783449198,
    "input_scaling": 1.0,
    "ridge": 0.10126315950706169,
    "seed": 1234
  }
}