{
  "returned_dict": {
    "loss": 0.03156036870725078,
    "r2": 0.9654033106993669,
    "status": "ok",
    "start_time": 1768164318.34605,
    "duration": 11.87817907333374
  },
  "current_params": {
    "N": 500,
    "sr": 0.013998948535651106,
    "lr": 0.0021273888237556323,
    "input_scaling": 1.0,
    "ridge": 0.01196053642484394,
    "seed": 1234
  }
}