{
  "returned_dict": {
    "loss": 0.03125048917282498,
    "r2": 0.9575645570630643,
    "status": "ok",
    "start_time": 1768164262.41233,
    "duration": 5.055054187774658
  },
  "current_params": {
    "N": 150,
    "sr": 0.027755567891872914,
    "lr": 0.6432538439268882,
    "input_scaling": 1.0,
    "ridge": 8.732454567198535e-05,
    "seed": 1234
  }
}