{
  "returned_dict": {
    "loss": 0.03543793429084946,
    "r2": 0.9562791689410954,
    "status": "ok",
    "start_time": 1768139507.997119,
    "duration": 25.246700048446655
  },
  "current_params": {
    "N": 750,
    "sr": 0.014939134769791126,
    "lr": 0.01258418675526201,
    "input_scaling": 1.0,
    "ridge": 0.000717376122575853,
    "seed": 1234
  }
}