{
  "returned_dict": {
    "loss": 0.03191474694442273,
    "r2": 0.9649084906362921,
    "status": "ok",
    "start_time": 1768139183.9640589,
    "duration": 24.102946043014526
  },
  "current_params": {
    "N": 750,
    "sr": 9.486951758165583,
    "lr": 0.47318590406296573,
    "input_scaling": 1.0,
    "ridge": 0.0546351544469914,
    "seed": 1234
  }
}