{
  "returned_dict": {
    "loss": 0.037489242673001376,
    "r2": 0.9512715013643648,
    "status": "ok",
    "start_time": 1768139157.025462,
    "duration": 24.69264006614685
  },
  "current_params": {
    "N": 750,
    "sr": 0.553583859400274,
    "lr": 0.01098017883616012,
    "input_scaling": 1.0,
    "ridge": 0.0020808435245835677,
    "seed": 1234
  }
}