{
  "returned_dict": {
    "loss": 0.032918938162630335,
    "r2": 0.9592936773181583,
    "status": "ok",
    "start_time": 1768139157.860201,
    "duration": 23.863569974899292
  },
  "current_params": {
    "N": 750,
    "sr": 0.011706083377588767,
    "lr": 0.7510651999348724,
    "input_scaling": 1.0,
    "ridge": 0.00021914468019563105,
    "seed": 1234
  }
}