{
  "returned_dict": {
    "loss": 0.03693809954757998,
    "r2": 0.9462634065387425,
    "status": "ok",
    "start_time": 1768163074.963904,
    "duration": 5.277806282043457
  },
  "current_params": {
    "N": 250,
    "sr": 0.6807108000546929,
    "lr": 0.08014701502803047,
    "input_scaling": 1.0,
    "ridge": 5.0850832726995895e-05,
    "seed": 1234
  }
}