{
  "returned_dict": {
    "loss": 0.032431183495429436,
    "r2": 0.9545454194316895,
    "status": "ok",
    "start_time": 1768162660.358557,
    "duration": 4.6096649169921875
  },
  "current_params": {
    "N": 150,
    "sr": 0.014661764094400388,
    "lr": 0.003341368797968041,
    "input_scaling": 1.0,
    "ridge": 3.022994754874629e-08,
    "seed": 1234
  }
}