{
  "returned_dict": {
    "loss": 0.03832255853092219,
    "r2": 0.9493031984306596,
    "status": "ok",
    "start_time": 1768140795.131049,
    "duration": 13.194918155670166
  },
  "current_params": {
    "N": 500,
    "sr": 9.276817395591861,
    "lr": 0.046548777971155246,
    "input_scaling": 1.0,
    "ridge": 0.35614559566344134,
    "seed": 1234
  }
}