{
  "returned_dict": {
    "loss": 0.0371607911488311,
    "r2": 0.9446466428801792,
    "status": "ok",
    "start_time": 1768162672.7473311,
    "duration": 4.571040868759155
  },
  "current_params": {
    "N": 150,
    "sr": 1.6020626182814177,
    "lr": 0.004047750912645032,
    "input_scaling": 1.0,
    "ridge": 0.017913611834614887,
    "seed": 1234
  }
}