{
  "returned_dict": {
    "loss": 0.033786926274970736,
    "r2": 0.9585373693167037,
    "status": "ok",
    "start_time": 1768139356.621567,
    "duration": 23.925709009170532
  },
  "current_params": {
    "N": 750,
    "sr": 0.027755567891872914,
    "lr": 0.6432538439268882,
    "input_scaling": 1.0,
    "ridge": 8.732454567198535e-05,
    "seed": 1234
  }
}