{
  "returned_dict": {
    "loss": 0.034689559541727734,
    "r2": 0.9584747141794718,
    "status": "ok",
    "start_time": 1768163088.308348,
    "duration": 5.65784215927124
  },
  "current_params": {
    "N": 250,
    "sr": 9.276817395591861,
    "lr": 0.046548777971155246,
    "input_scaling": 1.0,
    "ridge": 0.35614559566344134,
    "seed": 1234
  }
}