{
  "returned_dict": {
    "loss": 0.03844537400353658,
    "r2": 0.9468460978447727,
    "status": "ok",
    "start_time": 1768139434.0596821,
    "duration": 24.815977811813354
  },
  "current_params": {
    "N": 750,
    "sr": 0.6807108000546929,
    "lr": 0.08014701502803047,
    "input_scaling": 1.0,
    "ridge": 5.0850832726995895e-05,
    "seed": 1234
  }
}