{
  "returned_dict": {
    "loss": 0.03347049353647284,
    "r2": 0.9577266282735376,
    "status": "ok",
    "start_time": 1768140797.339212,
    "duration": 42.641332149505615
  },
  "current_params": {
    "N": 1000,
    "sr": 0.017383925452797502,
    "lr": 0.18449751388235056,
    "input_scaling": 1.0,
    "ridge": 8.016988228288247e-05,
    "seed": 1234
  }
}