{
  "returned_dict": {
    "loss": 0.036041755130121936,
    "r2": 0.9502754512379518,
    "status": "ok",
    "start_time": 1768139132.5408268,
    "duration": 25.598374128341675
  },
  "current_params": {
    "N": 750,
    "sr": 0.019461346559845084,
    "lr": 0.5102784053150138,
    "input_scaling": 1.0,
    "ridge": 0.00012646973498480586,
    "seed": 1234
  }
}