{
  "returned_dict": {
    "loss": 0.030546999681170372,
    "r2": 0.9627331033367774,
    "status": "ok",
    "start_time": 1768162621.751272,
    "duration": 12.439813137054443
  },
  "current_params": {
    "N": 500,
    "sr": 0.08163009354557892,
    "lr": 0.0012372387219901177,
    "input_scaling": 1.0,
    "ridge": 8.520331714391072e-05,
    "seed": 1234
  }
}