{
  "returned_dict": {
    "loss": 0.036093182293262034,
    "r2": 0.953327341286615,
    "status": "ok",
    "start_time": 1768139180.1890109,
    "duration": 24.91865110397339
  },
  "current_params": {
    "N": 750,
    "sr": 0.45931267544993526,
    "lr": 0.00211703102876832,
    "input_scaling": 1.0,
    "ridge": 0.011224340614814192,
    "seed": 1234
  }
}