{
  "returned_dict": {
    "loss": 0.03789043819099192,
    "r2": 0.9454855595340035,
    "status": "ok",
    "start_time": 1768164212.7513971,
    "duration": 5.4124109745025635
  },
  "current_params": {
    "N": 150,
    "sr": 1.8860733974395767,
    "lr": 0.14400874573494146,
    "input_scaling": 1.0,
    "ridge": 7.741718184067062e-05,
    "seed": 1234
  }
}