{
  "returned_dict": {
    "loss": 0.03799613847470583,
    "r2": 0.938210670512375,
    "status": "ok",
    "start_time": 1768162751.498666,
    "duration": 4.63488507270813
  },
  "current_params": {
    "N": 150,
    "sr": 0.015903767077838873,
    "lr": 0.004035869483307076,
    "input_scaling": 1.0,
    "ridge": 1.4421785404766833e-08,
    "seed": 1234
  }
}