{
  "returned_dict": {
    "loss": 0.03376110523108285,
    "r2": 0.9590760852063049,
    "status": "ok",
    "start_time": 1768164233.947516,
    "duration": 6.122499942779541
  },
  "current_params": {
    "N": 250,
    "sr": 2.588706098580749,
    "lr": 0.025243223045074027,
    "input_scaling": 1.0,
    "ridge": 0.11557690043009305,
    "seed": 1234
  }
}