{
  "returned_dict": {
    "loss": 0.032572579499726674,
    "r2": 0.9634543718687055,
    "status": "ok",
    "start_time": 1768162980.011364,
    "duration": 13.4462571144104
  },
  "current_params": {
    "N": 500,
    "sr": 6.029689748608114,
    "lr": 0.08542704033115318,
    "input_scaling": 1.0,
    "ridge": 0.25401216695681333,
    "seed": 1234
  }
}