{
  "returned_dict": {
    "loss": 0.03809894037521818,
    "r2": 0.9481562630842719,
    "status": "ok",
    "start_time": 1768140859.055718,
    "duration": 41.604682207107544
  },
  "current_params": {
    "N": 1000,
    "sr": 0.013998948535651106,
    "lr": 0.0021273888237556323,
    "input_scaling": 1.0,
    "ridge": 0.01196053642484394,
    "seed": 1234
  }
}