{
  "returned_dict": {
    "loss": 0.03346686679462031,
    "r2": 0.9598143896847157,
    "status": "ok",
    "start_time": 1768139130.208334,
    "duration": 25.326982021331787
  },
  "current_params": {
    "N": 750,
    "sr": 0.028637579520267673,
    "lr": 0.12273293649724261,
    "input_scaling": 1.0,
    "ridge": 0.00010361114668834579,
    "seed": 1234
  }
}