{
  "returned_dict": {
    "loss": 0.0330068814399942,
    "r2": 0.9563342257994408,
    "status": "ok",
    "start_time": 1768162717.86397,
    "duration": 5.249535083770752
  },
  "current_params": {
    "N": 250,
    "sr": 9.276817395591861,
    "lr": 0.046548777971155246,
    "input_scaling": 1.0,
    "ridge": 0.35614559566344134,
    "seed": 1234
  }
}