{
  "returned_dict": {
    "loss": 0.03419760888869426,
    "r2": 0.9537061878805055,
    "status": "ok",
    "start_time": 1768162654.0435688,
    "duration": 13.279027223587036
  },
  "current_params": {
    "N": 500,
    "sr": 0.6446462668656681,
    "lr": 0.017286803995358296,
    "input_scaling": 1.0,
    "ridge": 2.3316125843766494e-05,
    "seed": 1234
  }
}