{
  "returned_dict": {
    "loss": 0.030039262800760747,
    "r2": 0.9623291633948489,
    "status": "ok",
    "start_time": 1768164307.4600499,
    "duration": 4.427891254425049
  },
  "current_params": {
    "N": 150,
    "sr": 0.011870510469582865,
    "lr": 0.6058726880537801,
    "input_scaling": 1.0,
    "ridge": 0.00010811002164815169,
    "seed": 1234
  }
}