{
  "returned_dict": {
    "loss": 0.030666140386284457,
    "r2": 0.9631710836585281,
    "status": "ok",
    "start_time": 1768162651.89556,
    "duration": 12.654104948043823
  },
  "current_params": {
    "N": 500,
    "sr": 7.919463042311116,
    "lr": 0.06139424453857466,
    "input_scaling": 1.0,
    "ridge": 2.4957954831585494,
    "seed": 1234
  }
}