{
  "returned_dict": {
    "loss": 0.03816796790148171,
    "r2": 0.9459770238426349,
    "status": "ok",
    "start_time": 1768139355.270813,
    "duration": 25.420989990234375
  },
  "current_params": {
    "N": 750,
    "sr": 0.01832850472128317,
    "lr": 0.09410005020197783,
    "input_scaling": 1.0,
    "ridge": 5.854296404770791e-05,
    "seed": 1234
  }
}