{
  "returned_dict": {
    "loss": 0.035703237278564656,
    "r2": 0.9515193269831738,
    "status": "ok",
    "start_time": 1768140692.855583,
    "duration": 11.87591814994812
  },
  "current_params": {
    "N": 500,
    "sr": 0.027755567891872914,
    "lr": 0.6432538439268882,
    "input_scaling": 1.0,
    "ridge": 8.732454567198535e-05,
    "seed": 1234
  }
}