{
  "returned_dict": {
    "loss": 0.030459324929247765,
    "r2": 0.9611169805801278,
    "status": "ok",
    "start_time": 1768162703.7651,
    "duration": 5.467037916183472
  },
  "current_params": {
    "N": 250,
    "sr": 0.16296831387807947,
    "lr": 0.026454903911797403,
    "input_scaling": 1.0,
    "ridge": 1.1829264313149856e-07,
    "seed": 1234
  }
}