{
  "returned_dict": {
    "loss": 0.030116413118091222,
    "r2": 0.9687256344319641,
    "status": "ok",
    "start_time": 1768162999.952085,
    "duration": 6.17601203918457
  },
  "current_params": {
    "N": 250,
    "sr": 7.685869277637152,
    "lr": 0.5317923335242433,
    "input_scaling": 1.0,
    "ridge": 0.01983189453895751,
    "seed": 1234
  }
}