{
  "returned_dict": {
    "loss": 0.03946349904805072,
    "r2": 0.9433681939206853,
    "status": "ok",
    "start_time": 1768164188.17805,
    "duration": 6.733411073684692
  },
  "current_params": {
    "N": 150,
    "sr": 0.0949458691420658,
    "lr": 0.012923469377951078,
    "input_scaling": 1.0,
    "ridge": 0.00016826829781876375,
    "seed": 1234
  }
}