{
  "returned_dict": {
    "loss": 0.030366521754484222,
    "r2": 0.9681694805745037,
    "status": "ok",
    "start_time": 1768163095.546695,
    "duration": 4.4850499629974365
  },
  "current_params": {
    "N": 150,
    "sr": 3.4153610389762212,
    "lr": 0.028036095183712008,
    "input_scaling": 1.0,
    "ridge": 0.08272719614628053,
    "seed": 1234
  }
}