{
  "returned_dict": {
    "loss": 0.035761139318420745,
    "r2": 0.9534769838850938,
    "status": "ok",
    "start_time": 1768163074.957862,
    "duration": 5.493629217147827
  },
  "current_params": {
    "N": 250,
    "sr": 0.16840280780723452,
    "lr": 0.0044966137079207385,
    "input_scaling": 1.0,
    "ridge": 0.0019713159493727826,
    "seed": 1234
  }
}