{
  "returned_dict": {
    "loss": 0.038412835011491515,
    "r2": 0.9482646795516289,
    "status": "ok",
    "start_time": 1768139408.8582752,
    "duration": 25.195493698120117
  },
  "current_params": {
    "N": 750,
    "sr": 0.6833305194036042,
    "lr": 0.0014571388752903658,
    "input_scaling": 1.0,
    "ridge": 0.0035219300765214154,
    "seed": 1234
  }
}