{
  "returned_dict": {
    "loss": 0.03859405789990279,
    "r2": 0.9486007985145246,
    "status": "ok",
    "start_time": 1768140479.669206,
    "duration": 50.89955806732178
  },
  "current_params": {
    "N": 1000,
    "sr": 6.029689748608114,
    "lr": 0.08542704033115318,
    "input_scaling": 1.0,
    "ridge": 0.25401216695681333,
    "seed": 1234
  }
}