{
  "returned_dict": {
    "loss": 0.03841944766913647,
    "r2": 0.9336392177264597,
    "status": "ok",
    "start_time": 1768162647.4292018,
    "duration": 4.462221145629883
  },
  "current_params": {
    "N": 150,
    "sr": 1.0788871508457576,
    "lr": 0.0023200509044234816,
    "input_scaling": 1.0,
    "ridge": 0.00036055322507158827,
    "seed": 1234
  }
}