{
  "returned_dict": {
    "loss": 0.03235964568246559,
    "r2": 0.963437137328459,
    "status": "ok",
    "start_time": 1768140808.332285,
    "duration": 42.703104972839355
  },
  "current_params": {
    "N": 1000,
    "sr": 0.29552391206402034,
    "lr": 0.05745601736566622,
    "input_scaling": 1.0,
    "ridge": 0.0002751755116489535,
    "seed": 1234
  }
}