{
  "returned_dict": {
    "loss": 0.03000127338525429,
    "r2": 0.9689461945378547,
    "status": "ok",
    "start_time": 1768140642.222775,
    "duration": 47.60549521446228
  },
  "current_params": {
    "N": 1000,
    "sr": 2.179880178115194,
    "lr": 0.08461548108468285,
    "input_scaling": 1.0,
    "ridge": 0.10255744462555771,
    "seed": 1234
  }
}