{
  "returned_dict": {
    "loss": 0.033559823557695656,
    "r2": 0.961037440873348,
    "status": "ok",
    "start_time": 1768139331.785728,
    "duration": 24.26313805580139
  },
  "current_params": {
    "N": 750,
    "sr": 2.5272751567886145,
    "lr": 0.06040126209826847,
    "input_scaling": 1.0,
    "ridge": 0.11056481451196341,
    "seed": 1234
  }
}