{
  "returned_dict": {
    "loss": 0.03360535941716224,
    "r2": 0.9608179963851148,
    "status": "ok",
    "start_time": 1768140659.495554,
    "duration": 12.76262617111206
  },
  "current_params": {
    "N": 500,
    "sr": 2.5892589365439975,
    "lr": 0.03964302882032122,
    "input_scaling": 1.0,
    "ridge": 0.004968881772063477,
    "seed": 1234
  }
}