{
  "returned_dict": {
    "loss": 0.031636135005077205,
    "r2": 0.9647410550094166,
    "status": "ok",
    "start_time": 1768139308.125397,
    "duration": 24.33712887763977
  },
  "current_params": {
    "N": 750,
    "sr": 0.27716046730387606,
    "lr": 0.009662368913331998,
    "input_scaling": 1.0,
    "ridge": 0.0006590420241263843,
    "seed": 1234
  }
}