{
  "returned_dict": {
    "loss": 0.03196741564759898,
    "r2": 0.9647515913017826,
    "status": "ok",
    "start_time": 1768139308.169232,
    "duration": 25.85515308380127
  },
  "current_params": {
    "N": 750,
    "sr": 3.513026827442706,
    "lr": 0.09073232122694608,
    "input_scaling": 1.0,
    "ridge": 0.173590698833755,
    "seed": 1234
  }
}