{
  "returned_dict": {
    "loss": 0.035135202798976396,
    "r2": 0.9555923653245818,
    "status": "ok",
    "start_time": 1768139231.1380851,
    "duration": 24.439614057540894
  },
  "current_params": {
    "N": 750,
    "sr": 0.15585996754699752,
    "lr": 0.007995508242846599,
    "input_scaling": 1.0,
    "ridge": 0.000249606797456132,
    "seed": 1234
  }
}