{
  "returned_dict": {
    "loss": 0.03563895796977069,
    "r2": 0.9541737796723254,
    "status": "ok",
    "start_time": 1768140510.620075,
    "duration": 14.46147894859314
  },
  "current_params": {
    "N": 500,
    "sr": 1.0120661170730878,
    "lr": 0.025899335315803292,
    "input_scaling": 1.0,
    "ridge": 0.001222151255726616,
    "seed": 1234
  }
}