{
  "returned_dict": {
    "loss": 0.036260738820773894,
    "r2": 0.9539488600322645,
    "status": "ok",
    "start_time": 1768139053.1407082,
    "duration": 26.715659856796265
  },
  "current_params": {
    "N": 750,
    "sr": 2.0983027299866137,
    "lr": 0.020731719263694527,
    "input_scaling": 1.0,
    "ridge": 0.533803330619273,
    "seed": 1234
  }
}