{
  "returned_dict": {
    "loss": 0.03247584071945393,
    "r2": 0.9625377922871478,
    "status": "ok",
    "start_time": 1768164284.244679,
    "duration": 5.392405033111572
  },
  "current_params": {
    "N": 250,
    "sr": 0.012828607057795722,
    "lr": 0.017997000655304008,
    "input_scaling": 1.0,
    "ridge": 0.00018500951975472467,
    "seed": 1234
  }
}