{
  "returned_dict": {
    "loss": 0.030753474194135388,
    "r2": 0.9622821824139681,
    "status": "ok",
    "start_time": 1768162669.684166,
    "duration": 13.32806396484375
  },
  "current_params": {
    "N": 500,
    "sr": 0.13752835209587433,
    "lr": 0.1140853913125228,
    "input_scaling": 1.0,
    "ridge": 4.6977323675028895e-06,
    "seed": 1234
  }
}