{
  "returned_dict": {
    "loss": 0.03987568297205411,
    "r2": 0.9580045468706718,
    "status": "ok",
    "start_time": 1768138719.036049,
    "duration": 24.24475622177124
  },
  "current_params": {
    "N": 750,
    "sr": 3.3941017275661953,
    "lr": 0.5104573150259176,
    "input_scaling": 1.0,
    "ridge": 6.548413954158031,
    "seed": 1234
  }
}