{
  "returned_dict": {
    "loss": 0.037346301236164836,
    "r2": 0.9503028368956157,
    "status": "ok",
    "start_time": 1768139306.272877,
    "duration": 25.048754930496216
  },
  "current_params": {
    "N": 750,
    "sr": 0.02626063557115879,
    "lr": 0.027141373534149478,
    "input_scaling": 1.0,
    "ridge": 5.6494259092098665e-05,
    "seed": 1234
  }
}