{
  "returned_dict": {
    "loss": 0.040466485712098085,
    "r2": 0.9413977952359845,
    "status": "ok",
    "start_time": 1768139432.7222521,
    "duration": 24.731124877929688
  },
  "current_params": {
    "N": 750,
    "sr": 0.06826948667230226,
    "lr": 0.008205665539603195,
    "input_scaling": 1.0,
    "ridge": 7.097884419918828e-05,
    "seed": 1234
  }
}