{
  "returned_dict": {
    "loss": 0.049390825516115004,
    "r2": 0.8926105438257894,
    "status": "ok",
    "start_time": 1768162613.764299,
    "duration": 11.931029081344604
  },
  "current_params": {
    "N": 500,
    "sr": 0.024533782794538352,
    "lr": 0.026737129446658965,
    "input_scaling": 1.0,
    "ridge": 1.1020064627542845e-06,
    "seed": 1234
  }
}