{
  "returned_dict": {
    "loss": 0.046795980169224,
    "r2": 0.9108345409239178,
    "status": "ok",
    "start_time": 1768164264.0059829,
    "duration": 5.405494213104248
  },
  "current_params": {
    "N": 250,
    "sr": 2.192322705170568,
    "lr": 0.027422604009936454,
    "input_scaling": 1.0,
    "ridge": 2.439131760730144e-05,
    "seed": 1234
  }
}