{
  "returned_dict": {
    "loss": 0.04002158180574924,
    "r2": 0.9410328500548248,
    "status": "ok",
    "start_time": 1768139432.3272378,
    "duration": 25.23469114303589
  },
  "current_params": {
    "N": 750,
    "sr": 0.027881553609692133,
    "lr": 0.033501034286955195,
    "input_scaling": 1.0,
    "ridge": 4.3282218852093095e-05,
    "seed": 1234
  }
}