{
  "returned_dict": {
    "loss": 0.04509642578686335,
    "r2": 0.9246498729621273,
    "status": "ok",
    "start_time": 1768163065.381259,
    "duration": 5.350013017654419
  },
  "current_params": {
    "N": 250,
    "sr": 0.040303831284081194,
    "lr": 0.0023701238358451266,
    "input_scaling": 1.0,
    "ridge": 0.0003473592846576221,
    "seed": 1234
  }
}