{
  "returned_dict": {
    "loss": 0.04753737423869523,
    "r2": 0.8632251709222067,
    "status": "ok",
    "start_time": 1768162753.297368,
    "duration": 5.541197061538696
  },
  "current_params": {
    "N": 250,
    "sr": 7.544454063045479,
    "lr": 0.18025584857541702,
    "input_scaling": 1.0,
    "ridge": 0.0007374112050985412,
    "seed": 1234
  }
}