{
  "returned_dict": {
    "loss": 0.04866748169689163,
    "r2": 0.912278856761444,
    "status": "ok",
    "start_time": 1768139205.120254,
    "duration": 25.882148027420044
  },
  "current_params": {
    "N": 750,
    "sr": 4.703027006550762,
    "lr": 0.4790048592166045,
    "input_scaling": 1.0,
    "ridge": 0.0004674393221079045,
    "seed": 1234
  }
}