{
  "returned_dict": {
    "loss": 0.04865597967841269,
    "r2": 0.9122569708059739,
    "status": "ok",
    "start_time": 1768164327.46954,
    "duration": 11.25091004371643
  },
  "current_params": {
    "N": 500,
    "sr": 0.1674271379711833,
    "lr": 0.002573142476838089,
    "input_scaling": 1.0,
    "ridge": 0.0014922698571143177,
    "seed": 1234
  }
}