{
  "returned_dict": {
    "loss": 0.0475373965848877,
    "r2": 0.9203134359271686,
    "status": "ok",
    "start_time": 1768140760.9224288,
    "duration": 25.96555519104004
  },
  "current_params": {
    "N": 750,
    "sr": 2.303014466195922,
    "lr": 0.04440513050753518,
    "input_scaling": 1.0,
    "ridge": 7.634203924447178e-05,
    "seed": 1234
  }
}