{
  "returned_dict": {
    "loss": 0.04747303822856911,
    "r2": 0.9112243121906024,
    "status": "ok",
    "start_time": 1768162700.701859,
    "duration": 12.645746946334839
  },
  "current_params": {
    "N": 500,
    "sr": 8.711271284682779,
    "lr": 0.023751001515757215,
    "input_scaling": 1.0,
    "ridge": 0.11395372730872567,
    "seed": 1234
  }
}