{
  "returned_dict": {
    "loss": 0.04914461939568017,
    "r2": 0.9132579688601897,
    "status": "ok",
    "start_time": 1768139306.61669,
    "duration": 25.166688919067383
  },
  "current_params": {
    "N": 750,
    "sr": 0.0498551263892747,
    "lr": 0.012662965695252416,
    "input_scaling": 1.0,
    "ridge": 1.9839560559869082e-05,
    "seed": 1234
  }
}