{
  "returned_dict": {
    "loss": 0.041769655966945526,
    "r2": 0.92416276892911,
    "status": "ok",
    "start_time": 1768162628.411065,
    "duration": 4.645293712615967
  },
  "current_params": {
    "N": 150,
    "sr": 0.22288688076120713,
    "lr": 0.006557294446812523,
    "input_scaling": 1.0,
    "ridge": 7.370868434565099e-08,
    "seed": 1234
  }
}