{
  "returned_dict": {
    "loss": 0.04170412017486792,
    "r2": 0.9377270217802132,
    "status": "ok",
    "start_time": 1768140604.20592,
    "duration": 12.279791116714478
  },
  "current_params": {
    "N": 500,
    "sr": 2.588706098580749,
    "lr": 0.025243223045074027,
    "input_scaling": 1.0,
    "ridge": 0.11557690043009305,
    "seed": 1234
  }
}