{
  "returned_dict": {
    "loss": 0.04531661659174263,
    "r2": 0.9109218363054529,
    "status": "ok",
    "start_time": 1768162664.9743638,
    "duration": 4.705213308334351
  },
  "current_params": {
    "N": 150,
    "sr": 0.5172469699436316,
    "lr": 0.01773320673398725,
    "input_scaling": 1.0,
    "ridge": 2.7751539435819304e-08,
    "seed": 1234
  }
}