{
  "returned_dict": {
    "loss": 0.049563758220594285,
    "r2": 0.9085551971633243,
    "status": "ok",
    "start_time": 1768140479.695728,
    "duration": 28.752218008041382
  },
  "current_params": {
    "N": 750,
    "sr": 0.02422930171575036,
    "lr": 0.0224469745250941,
    "input_scaling": 1.0,
    "ridge": 2.1736129761571646e-05,
    "seed": 1234
  }
}