{
  "returned_dict": {
    "loss": 0.04399638587119634,
    "r2": 0.9287551086755632,
    "status": "ok",
    "start_time": 1768140749.211135,
    "duration": 11.317334175109863
  },
  "current_params": {
    "N": 500,
    "sr": 0.16840280780723452,
    "lr": 0.0044966137079207385,
    "input_scaling": 1.0,
    "ridge": 0.0019713159493727826,
    "seed": 1234
  }
}