{
  "returned_dict": {
    "loss": 0.04597195540472805,
    "r2": 0.9427494714337374,
    "status": "ok",
    "start_time": 1768138920.243426,
    "duration": 26.939373016357422
  },
  "current_params": {
    "N": 750,
    "sr": 0.12438215679394352,
    "lr": 0.7503908723453986,
    "input_scaling": 1.0,
    "ridge": 9.102910091122064,
    "seed": 1234
  }
}