{
  "returned_dict": {
    "loss": 0.04014692153115222,
    "r2": 0.9426022279016933,
    "status": "ok",
    "start_time": 1768140662.631784,
    "duration": 6.515599012374878
  },
  "current_params": {
    "N": 250,
    "sr": 1.6020626182814177,
    "lr": 0.004047750912645032,
    "input_scaling": 1.0,
    "ridge": 0.017913611834614887,
    "seed": 1234
  }
}