{
  "returned_dict": {
    "loss": 0.04390552449507511,
    "r2": 0.933044591866065,
    "status": "ok",
    "start_time": 1768139481.8729112,
    "duration": 24.80438780784607
  },
  "current_params": {
    "N": 750,
    "sr": 1.306830002207612,
    "lr": 0.014572198734724904,
    "input_scaling": 1.0,
    "ridge": 0.00586135075583967,
    "seed": 1234
  }
}