{
  "returned_dict": {
    "loss": 0.04070688962930882,
    "r2": 0.9418046231557531,
    "status": "ok",
    "start_time": 1768139379.389148,
    "duration": 23.956907987594604
  },
  "current_params": {
    "N": 750,
    "sr": 0.8151201928329073,
    "lr": 0.0023214804731653605,
    "input_scaling": 1.0,
    "ridge": 0.0019693458841341972,
    "seed": 1234
  }
}