{
  "returned_dict": {
    "loss": 0.042814910852580726,
    "r2": 0.9043379138035311,
    "status": "ok",
    "start_time": 1768162753.773563,
    "duration": 5.313378095626831
  },
  "current_params": {
    "N": 250,
    "sr": 5.335737348084199,
    "lr": 0.03878163957642964,
    "input_scaling": 1.0,
    "ridge": 0.047958053160681406,
    "seed": 1234
  }
}