{
  "returned_dict": {
    "loss": 0.04455768792926169,
    "r2": 0.947159362462572,
    "status": "ok",
    "start_time": 1768138840.0482292,
    "duration": 27.60949182510376
  },
  "current_params": {
    "N": 750,
    "sr": 2.528666534368034,
    "lr": 0.6072762414825701,
    "input_scaling": 1.0,
    "ridge": 0.08891511447043106,
    "seed": 1234
  }
}