{
  "returned_dict": {
    "loss": 0.048217666661904135,
    "r2": 0.902190896544593,
    "status": "ok",
    "start_time": 1768162651.2707021,
    "duration": 4.252316951751709
  },
  "current_params": {
    "N": 150,
    "sr": 0.7978575058857071,
    "lr": 0.002078223307878056,
    "input_scaling": 1.0,
    "ridge": 1.8325522812976814e-07,
    "seed": 1234
  }
}