{
  "returned_dict": {
    "loss": 0.04755108666829718,
    "r2": 0.922047328248677,
    "status": "ok",
    "start_time": 1768139502.174124,
    "duration": 24.497216939926147
  },
  "current_params": {
    "N": 750,
    "sr": 9.276817395591861,
    "lr": 0.046548777971155246,
    "input_scaling": 1.0,
    "ridge": 0.35614559566344134,
    "seed": 1234
  }
}