{
  "returned_dict": {
    "loss": 0.04838443133452121,
    "r2": 0.9163046500208761,
    "status": "ok",
    "start_time": 1768163033.55143,
    "duration": 5.590713977813721
  },
  "current_params": {
    "N": 250,
    "sr": 1.10190354534629,
    "lr": 0.015166709571116129,
    "input_scaling": 1.0,
    "ridge": 7.276455413820774e-06,
    "seed": 1234
  }
}