{
  "returned_dict": {
    "loss": 0.04584797405736818,
    "r2": 0.9271113296750899,
    "status": "ok",
    "start_time": 1768139483.236188,
    "duration": 24.757813930511475
  },
  "current_params": {
    "N": 750,
    "sr": 0.010769187413020147,
    "lr": 0.0042381173305489185,
    "input_scaling": 1.0,
    "ridge": 0.0005318568128165475,
    "seed": 1234
  }
}