{
  "returned_dict": {
    "loss": 0.04418298219495561,
    "r2": 0.9310648835037363,
    "status": "ok",
    "start_time": 1768139505.919014,
    "duration": 24.4425950050354
  },
  "current_params": {
    "N": 750,
    "sr": 0.04995245702312711,
    "lr": 0.007519310017469975,
    "input_scaling": 1.0,
    "ridge": 0.0002580939840412744,
    "seed": 1234
  }
}