{
  "returned_dict": {
    "loss": 0.04773893130737557,
    "r2": 0.8858209755872931,
    "status": "ok",
    "start_time": 1768162683.836959,
    "duration": 6.145518064498901
  },
  "current_params": {
    "N": 250,
    "sr": 2.192322705170568,
    "lr": 0.027422604009936454,
    "input_scaling": 1.0,
    "ridge": 2.439131760730144e-05,
    "seed": 1234
  }
}