{
  "returned_dict": {
    "loss": 0.04490564330872606,
    "r2": 0.9237510076868256,
    "status": "ok",
    "start_time": 1768164331.912251,
    "duration": 5.744545936584473
  },
  "current_params": {
    "N": 250,
    "sr": 0.2290022500506438,
    "lr": 0.080097838200115,
    "input_scaling": 1.0,
    "ridge": 1.2292271993522633e-05,
    "seed": 1234
  }
}