{
  "returned_dict": {
    "loss": 0.04968022756183095,
    "r2": 0.9067355608430031,
    "status": "ok",
    "start_time": 1768164253.579543,
    "duration": 4.904227018356323
  },
  "current_params": {
    "N": 150,
    "sr": 1.6020626182814177,
    "lr": 0.004047750912645032,
    "input_scaling": 1.0,
    "ridge": 0.017913611834614887,
    "seed": 1234
  }
}