{
  "returned_dict": {
    "loss": 0.04078908223560703,
    "r2": 0.9405889962799261,
    "status": "ok",
    "start_time": 1768139105.9048672,
    "duration": 25.872103929519653
  },
  "current_params": {
    "N": 750,
    "sr": 0.20424534522558244,
    "lr": 0.004403054067781239,
    "input_scaling": 1.0,
    "ridge": 4.7507020490758014e-05,
    "seed": 1234
  }
}