{
  "returned_dict": {
    "loss": 0.04832636985743351,
    "r2": 0.9123553995225879,
    "status": "ok",
    "start_time": 1768163080.4129112,
    "duration": 11.453626871109009
  },
  "current_params": {
    "N": 500,
    "sr": 2.5096388704240224,
    "lr": 0.008777120792236448,
    "input_scaling": 1.0,
    "ridge": 0.3439071943389631,
    "seed": 1234
  }
}