{
  "returned_dict": {
    "loss": 0.040814188202736586,
    "r2": 0.93990772947108,
    "status": "ok",
    "start_time": 1768139332.32761,
    "duration": 25.70843195915222
  },
  "current_params": {
    "N": 750,
    "sr": 0.5891524473319252,
    "lr": 0.0019281800837064815,
    "input_scaling": 1.0,
    "ridge": 0.0035114889023462443,
    "seed": 1234
  }
}