{
  "returned_dict": {
    "loss": 0.04342747227318106,
    "r2": 0.9341830605171371,
    "status": "ok",
    "start_time": 1768140890.0980759,
    "duration": 23.67938208580017
  },
  "current_params": {
    "N": 750,
    "sr": 0.1674271379711833,
    "lr": 0.002573142476838089,
    "input_scaling": 1.0,
    "ridge": 0.0014922698571143177,
    "seed": 1234
  }
}