{
  "returned_dict": {
    "loss": 0.04030716539625317,
    "r2": 0.9423406631364669,
    "status": "ok",
    "start_time": 1768164333.517368,
    "duration": 5.138693809509277
  },
  "current_params": {
    "N": 250,
    "sr": 5.335737348084199,
    "lr": 0.03878163957642964,
    "input_scaling": 1.0,
    "ridge": 0.047958053160681406,
    "seed": 1234
  }
}