{
  "returned_dict": {
    "loss": 0.04445225012857511,
    "r2": 0.930911306005773,
    "status": "ok",
    "start_time": 1768139104.5102139,
    "duration": 25.824766159057617
  },
  "current_params": {
    "N": 750,
    "sr": 1.0120661170730878,
    "lr": 0.025899335315803292,
    "input_scaling": 1.0,
    "ridge": 0.001222151255726616,
    "seed": 1234
  }
}