{
  "returned_dict": {
    "loss": 0.04131679951311653,
    "r2": 0.9375987825995761,
    "status": "ok",
    "start_time": 1768140479.7548878,
    "duration": 6.658850193023682
  },
  "current_params": {
    "N": 250,
    "sr": 0.0949458691420658,
    "lr": 0.012923469377951078,
    "input_scaling": 1.0,
    "ridge": 0.00016826829781876375,
    "seed": 1234
  }
}