{
  "returned_dict": {
    "loss": 0.04581912311312865,
    "r2": 0.9409879312776169,
    "status": "ok",
    "start_time": 1768138845.485048,
    "duration": 28.440537929534912
  },
  "current_params": {
    "N": 750,
    "sr": 0.06490471600199402,
    "lr": 0.13480751149995324,
    "input_scaling": 1.0,
    "ridge": 6.635032646706886,
    "seed": 1234
  }
}