{
  "returned_dict": {
    "loss": 0.04623524954756906,
    "r2": 0.9239822787022265,
    "status": "ok",
    "start_time": 1768139328.796426,
    "duration": 25.42845892906189
  },
  "current_params": {
    "N": 750,
    "sr": 1.6020626182814177,
    "lr": 0.004047750912645032,
    "input_scaling": 1.0,
    "ridge": 0.017913611834614887,
    "seed": 1234
  }
}