{
  "returned_dict": {
    "loss": 0.04574317130523971,
    "r2": 0.9440260909724912,
    "status": "ok",
    "start_time": 1768138869.649865,
    "duration": 24.017364978790283
  },
  "current_params": {
    "N": 750,
    "sr": 1.2569784548823897,
    "lr": 0.08865423073743597,
    "input_scaling": 1.0,
    "ridge": 2.9197770274829815,
    "seed": 1234
  }
}