{
  "returned_dict": {
    "loss": 0.0406441831747929,
    "r2": 0.9357094082409574,
    "status": "ok",
    "start_time": 1768164300.24642,
    "duration": 13.793130159378052
  },
  "current_params": {
    "N": 500,
    "sr": 0.017383925452797502,
    "lr": 0.18449751388235056,
    "input_scaling": 1.0,
    "ridge": 8.016988228288247e-05,
    "seed": 1234
  }
}