{
  "returned_dict": {
    "loss": 0.04572785908923041,
    "r2": 0.9247680972455881,
    "status": "ok",
    "start_time": 1768139280.849567,
    "duration": 24.715641021728516
  },
  "current_params": {
    "N": 750,
    "sr": 0.5935146568548989,
    "lr": 0.11019035453462898,
    "input_scaling": 1.0,
    "ridge": 3.4887842373588804e-05,
    "seed": 1234
  }
}