{
  "returned_dict": {
    "loss": 0.04472124879276953,
    "r2": 0.9029327338445906,
    "status": "ok",
    "start_time": 1768162621.8960042,
    "duration": 12.713425874710083
  },
  "current_params": {
    "N": 500,
    "sr": 0.16810705158715594,
    "lr": 0.3632530084552647,
    "input_scaling": 1.0,
    "ridge": 1.2748390933572839e-06,
    "seed": 1234
  }
}