{
  "returned_dict": {
    "loss": 0.04259397438928626,
    "r2": 0.9275745294000514,
    "status": "ok",
    "start_time": 1768164333.1054342,
    "duration": 5.044182062149048
  },
  "current_params": {
    "N": 250,
    "sr": 7.544454063045479,
    "lr": 0.18025584857541702,
    "input_scaling": 1.0,
    "ridge": 0.0007374112050985412,
    "seed": 1234
  }
}