{
  "returned_dict": {
    "loss": 0.04061284221077754,
    "r2": 0.9324223282952652,
    "status": "ok",
    "start_time": 1768162692.1293561,
    "duration": 4.623048782348633
  },
  "current_params": {
    "N": 150,
    "sr": 0.01283772686709295,
    "lr": 0.0010382202668538514,
    "input_scaling": 1.0,
    "ridge": 2.916898070094188e-08,
    "seed": 1234
  }
}