{
  "returned_dict": {
    "loss": 0.05191518112068984,
    "r2": 0.9291546250868861,
    "status": "ok",
    "start_time": 1768138616.877196,
    "duration": 25.717938899993896
  },
  "current_params": {
    "N": 750,
    "sr": 9.486951758165583,
    "lr": 0.47318590406296573,
    "input_scaling": 1.0,
    "ridge": 0.0546351544469914,
    "seed": 1234
  }
}