{
  "returned_dict": {
    "loss": 0.05064405936148918,
    "r2": 0.9012437144274484,
    "status": "ok",
    "start_time": 1768140697.674051,
    "duration": 12.434529066085815
  },
  "current_params": {
    "N": 500,
    "sr": 2.192322705170568,
    "lr": 0.027422604009936454,
    "input_scaling": 1.0,
    "ridge": 2.439131760730144e-05,
    "seed": 1234
  }
}