{
  "returned_dict": {
    "loss": 0.052358761413347985,
    "r2": 0.8985762420750525,
    "status": "ok",
    "start_time": 1768140657.171317,
    "duration": 12.877670764923096
  },
  "current_params": {
    "N": 500,
    "sr": 7.02382657923694,
    "lr": 0.5611048965125561,
    "input_scaling": 1.0,
    "ridge": 0.00021290891889456224,
    "seed": 1234
  }
}