{
  "returned_dict": {
    "loss": 0.050142499346971035,
    "r2": 0.9311343148158514,
    "status": "ok",
    "start_time": 1768138484.270368,
    "duration": 28.21528172492981
  },
  "current_params": {
    "N": 750,
    "sr": 0.22446974525094107,
    "lr": 0.01295370709482183,
    "input_scaling": 1.0,
    "ridge": 2.192223856817341,
    "seed": 1234
  }
}