{
  "returned_dict": {
    "loss": 0.05753758269707426,
    "r2": 0.877952624995346,
    "status": "ok",
    "start_time": 1768139479.493771,
    "duration": 25.205060720443726
  },
  "current_params": {
    "N": 750,
    "sr": 3.030541765030233,
    "lr": 0.3712308593750513,
    "input_scaling": 1.0,
    "ridge": 2.2405475168086034e-05,
    "seed": 1234
  }
}