{
  "returned_dict": {
    "loss": 0.050630720532714925,
    "r2": 0.9115832622115402,
    "status": "ok",
    "start_time": 1768140901.8410602,
    "duration": 20.06709384918213
  },
  "current_params": {
    "N": 750,
    "sr": 5.335737348084199,
    "lr": 0.03878163957642964,
    "input_scaling": 1.0,
    "ridge": 0.047958053160681406,
    "seed": 1234
  }
}