{
  "returned_dict": {
    "loss": 0.05428398741553757,
    "r2": 0.892521034528636,
    "status": "ok",
    "start_time": 1768140893.283495,
    "duration": 5.573133945465088
  },
  "current_params": {
    "N": 250,
    "sr": 1.2666103437451035,
    "lr": 0.06104337276725842,
    "input_scaling": 1.0,
    "ridge": 3.39877047030188e-05,
    "seed": 1234
  }
}