{
  "returned_dict": {
    "loss": 0.057381774158299245,
    "r2": 0.80064511074359,
    "status": "ok",
    "start_time": 1768163042.481645,
    "duration": 4.514080047607422
  },
  "current_params": {
    "N": 150,
    "sr": 7.02382657923694,
    "lr": 0.5611048965125561,
    "input_scaling": 1.0,
    "ridge": 0.00021290891889456224,
    "seed": 1234
  }
}