{
  "returned_dict": {
    "loss": 0.05120291132372432,
    "r2": 0.9023983637972728,
    "status": "ok",
    "start_time": 1768139457.4588768,
    "duration": 25.776057243347168
  },
  "current_params": {
    "N": 750,
    "sr": 4.562560750885811,
    "lr": 0.5796576767870102,
    "input_scaling": 1.0,
    "ridge": 0.00034095442141833727,
    "seed": 1234
  }
}