{
  "returned_dict": {
    "loss": 0.05951229816300911,
    "r2": 0.8393543868267214,
    "status": "ok",
    "start_time": 1768162660.0114229,
    "duration": 5.27632212638855
  },
  "current_params": {
    "N": 150,
    "sr": 0.02889616347437487,
    "lr": 0.0022205992612427225,
    "input_scaling": 1.0,
    "ridge": 1.550001601976941e-08,
    "seed": 1234
  }
}