{
  "returned_dict": {
    "loss": 0.05364043179581275,
    "r2": 0.8948819414695063,
    "status": "ok",
    "start_time": 1768164249.501809,
    "duration": 4.333420038223267
  },
  "current_params": {
    "N": 150,
    "sr": 0.0498551263892747,
    "lr": 0.012662965695252416,
    "input_scaling": 1.0,
    "ridge": 1.9839560559869082e-05,
    "seed": 1234
  }
}