{
  "returned_dict": {
    "loss": 0.05281615218410403,
    "r2": 0.9268740872904878,
    "status": "ok",
    "start_time": 1768138565.501921,
    "duration": 23.031113147735596
  },
  "current_params": {
    "N": 750,
    "sr": 7.685869277637152,
    "lr": 0.5317923335242433,
    "input_scaling": 1.0,
    "ridge": 0.01983189453895751,
    "seed": 1234
  }
}