{
  "returned_dict": {
    "loss": 0.054529668639092664,
    "r2": 0.9168102547598368,
    "status": "ok",
    "start_time": 1768138969.458912,
    "duration": 23.29150390625
  },
  "current_params": {
    "N": 750,
    "sr": 0.0206509077992012,
    "lr": 0.015691249214948737,
    "input_scaling": 1.0,
    "ridge": 1.8031798805085524,
    "seed": 1234
  }
}