{
  "returned_dict": {
    "loss": 0.054170075909710014,
    "r2": 0.8895210492861703,
    "status": "ok",
    "start_time": 1768164302.83584,
    "duration": 5.764157056808472
  },
  "current_params": {
    "N": 250,
    "sr": 0.12584186755262014,
    "lr": 0.04155107897539692,
    "input_scaling": 1.0,
    "ridge": 1.1120091215487554e-05,
    "seed": 1234
  }
}