{
  "returned_dict": {
    "loss": 0.0510013224436063,
    "r2": 0.9084815957542542,
    "status": "ok",
    "start_time": 1768139133.5854778,
    "duration": 26.270427227020264
  },
  "current_params": {
    "N": 750,
    "sr": 1.4400874573494151,
    "lr": 0.019782406389761847,
    "input_scaling": 1.0,
    "ridge": 0.004423637859781942,
    "seed": 1234
  }
}