{
  "returned_dict": {
    "loss": 0.05120845963069347,
    "r2": 0.9023770027344368,
    "status": "ok",
    "start_time": 1768140768.8355808,
    "duration": 26.28408122062683
  },
  "current_params": {
    "N": 750,
    "sr": 4.562560750885811,
    "lr": 0.5796576767870102,
    "input_scaling": 1.0,
    "ridge": 0.00034095442141833727,
    "seed": 1234
  }
}