{
  "returned_dict": {
    "loss": 0.05385755187926705,
    "r2": 0.8969471158401175,
    "status": "ok",
    "start_time": 1768140772.9812381,
    "duration": 43.929672956466675
  },
  "current_params": {
    "N": 1000,
    "sr": 0.014679246071636424,
    "lr": 0.006947592031783374,
    "input_scaling": 1.0,
    "ridge": 1.0166474238801299e-05,
    "seed": 1234
  }
}