{
  "returned_dict": {
    "loss": 0.05222064364865657,
    "r2": 0.872674077999033,
    "status": "ok",
    "start_time": 1768162682.836216,
    "duration": 6.494029998779297
  },
  "current_params": {
    "N": 250,
    "sr": 0.12375878964020982,
    "lr": 0.008776471373427465,
    "input_scaling": 1.0,
    "ridge": 2.6212282364471933e-07,
    "seed": 1234
  }
}