{
  "returned_dict": {
    "loss": 0.0554483209829293,
    "r2": 0.8887869322885542,
    "status": "ok",
    "start_time": 1768140746.8538618,
    "duration": 25.24385118484497
  },
  "current_params": {
    "N": 750,
    "sr": 0.025251305117962336,
    "lr": 0.006826948667230224,
    "input_scaling": 1.0,
    "ridge": 5.525116424497487e-06,
    "seed": 1234
  }
}