{
  "returned_dict": {
    "loss": 0.058410477401862705,
    "r2": 0.9101740741464637,
    "status": "ok",
    "start_time": 1768138638.187965,
    "duration": 25.519267082214355
  },
  "current_params": {
    "N": 750,
    "sr": 4.703027006550762,
    "lr": 0.4790048592166045,
    "input_scaling": 1.0,
    "ridge": 0.0004674393221079045,
    "seed": 1234
  }
}