{
  "returned_dict": {
    "loss": 0.057214666644083235,
    "r2": 0.8857419339920296,
    "status": "ok",
    "start_time": 1768140770.014336,
    "duration": 25.377574920654297
  },
  "current_params": {
    "N": 750,
    "sr": 2.5096388704240224,
    "lr": 0.008777120792236448,
    "input_scaling": 1.0,
    "ridge": 0.3439071943389631,
    "seed": 1234
  }
}