{
  "returned_dict": {
    "loss": 0.05602560450312897,
    "r2": 0.9164185718057952,
    "status": "ok",
    "start_time": 1768138484.244628,
    "duration": 30.189327001571655
  },
  "current_params": {
    "N": 750,
    "sr": 0.11576516747459555,
    "lr": 0.8167592716599775,
    "input_scaling": 1.0,
    "ridge": 1.0916667729732807,
    "seed": 1234
  }
}