{
  "returned_dict": {
    "loss": 0.050578685771650866,
    "r2": 0.9312727297525756,
    "status": "ok",
    "start_time": 1768138743.247595,
    "duration": 24.40193796157837
  },
  "current_params": {
    "N": 750,
    "sr": 0.07773729485018732,
    "lr": 0.7023826579236938,
    "input_scaling": 1.0,
    "ridge": 1.7665753892565634,
    "seed": 1234
  }
}