{
  "returned_dict": {
    "loss": 0.05637279248546286,
    "r2": 0.8903533044864483,
    "status": "ok",
    "start_time": 1768139406.010483,
    "duration": 24.81502676010132
  },
  "current_params": {
    "N": 750,
    "sr": 0.040303831284081194,
    "lr": 0.0023701238358451266,
    "input_scaling": 1.0,
    "ridge": 0.0003473592846576221,
    "seed": 1234
  }
}