{
  "returned_dict": {
    "loss": 0.05762947435949932,
    "r2": 0.8651619836935509,
    "status": "ok",
    "start_time": 1768162685.854691,
    "duration": 5.907073974609375
  },
  "current_params": {
    "N": 250,
    "sr": 1.1436393639538363,
    "lr": 0.001088699585736292,
    "input_scaling": 1.0,
    "ridge": 0.0001227048295721046,
    "seed": 1234
  }
}