{
  "returned_dict": {
    "loss": 0.055108808937778586,
    "r2": 0.9179012824125286,
    "status": "ok",
    "start_time": 1768138813.278542,
    "duration": 27.742488861083984
  },
  "current_params": {
    "N": 750,
    "sr": 0.2122962785211374,
    "lr": 0.008049745951448252,
    "input_scaling": 1.0,
    "ridge": 1.8449179641072369,
    "seed": 1234
  }
}