{
  "returned_dict": {
    "loss": 0.05428670711330382,
    "r2": 0.895041234396972,
    "status": "ok",
    "start_time": 1768140760.53499,
    "duration": 24.526422023773193
  },
  "current_params": {
    "N": 750,
    "sr": 0.8787097526805041,
    "lr": 0.09063567418648887,
    "input_scaling": 1.0,
    "ridge": 7.013379933333821e-06,
    "seed": 1234
  }
}