{
  "returned_dict": {
    "loss": 0.05274094581501183,
    "r2": 0.894165837227035,
    "status": "ok",
    "start_time": 1768164213.336585,
    "duration": 5.568325042724609
  },
  "current_params": {
    "N": 250,
    "sr": 0.17677555381707633,
    "lr": 0.001333037975016116,
    "input_scaling": 1.0,
    "ridge": 0.0002792012595686343,
    "seed": 1234
  }
}