{
  "returned_dict": {
    "loss": 0.059595507683742735,
    "r2": 0.8715379555680782,
    "status": "ok",
    "start_time": 1768140902.371959,
    "duration": 10.866249084472656
  },
  "current_params": {
    "N": 500,
    "sr": 0.5918809776537992,
    "lr": 0.09126780945506031,
    "input_scaling": 1.0,
    "ridge": 4.948227102001135e-06,
    "seed": 1234
  }
}