{
  "returned_dict": {
    "loss": 0.06406555261600666,
    "r2": 0.8445202343389144,
    "status": "ok",
    "start_time": 1768162980.0075788,
    "duration": 13.945033311843872
  },
  "current_params": {
    "N": 500,
    "sr": 0.02422930171575036,
    "lr": 0.0224469745250941,
    "input_scaling": 1.0,
    "ridge": 2.1736129761571646e-05,
    "seed": 1234
  }
}