{
  "returned_dict": {
    "loss": 0.06380466383397435,
    "r2": 0.8578488772300477,
    "status": "ok",
    "start_time": 1768139334.033875,
    "duration": 24.44197916984558
  },
  "current_params": {
    "N": 750,
    "sr": 2.498815260366729,
    "lr": 0.029954332532851912,
    "input_scaling": 1.0,
    "ridge": 0.0024908121396315635,
    "seed": 1234
  }
}