{
  "returned_dict": {
    "loss": 0.06214234655367974,
    "r2": 0.839052119124716,
    "status": "ok",
    "start_time": 1768162727.585231,
    "duration": 6.029847860336304
  },
  "current_params": {
    "N": 250,
    "sr": 0.7807225456920129,
    "lr": 0.003408158212969955,
    "input_scaling": 1.0,
    "ridge": 1.1212455191713488e-05,
    "seed": 1234
  }
}