{
  "returned_dict": {
    "loss": 0.062229820149948434,
    "r2": 0.8658946036303513,
    "status": "ok",
    "start_time": 1768163070.738902,
    "duration": 12.526420831680298
  },
  "current_params": {
    "N": 500,
    "sr": 8.711271284682779,
    "lr": 0.023751001515757215,
    "input_scaling": 1.0,
    "ridge": 0.11395372730872567,
    "seed": 1234
  }
}