{
  "returned_dict": {
    "loss": 0.06344932376845192,
    "r2": 0.8247269219469239,
    "status": "ok",
    "start_time": 1768140899.093143,
    "duration": 11.853631019592285
  },
  "current_params": {
    "N": 500,
    "sr": 7.544454063045479,
    "lr": 0.18025584857541702,
    "input_scaling": 1.0,
    "ridge": 0.0007374112050985412,
    "seed": 1234
  }
}