{
  "returned_dict": {
    "loss": 0.0632741205371171,
    "r2": 0.8526853517099378,
    "status": "ok",
    "start_time": 1768140590.8341691,
    "duration": 5.7239768505096436
  },
  "current_params": {
    "N": 250,
    "sr": 1.0788871508457576,
    "lr": 0.0023200509044234816,
    "input_scaling": 1.0,
    "ridge": 0.00036055322507158827,
    "seed": 1234
  }
}