{
  "returned_dict": {
    "loss": 0.06554224775524022,
    "r2": 0.8346101784114677,
    "status": "ok",
    "start_time": 1768140814.291785,
    "duration": 25.694562911987305
  },
  "current_params": {
    "N": 750,
    "sr": 0.12584186755262014,
    "lr": 0.04155107897539692,
    "input_scaling": 1.0,
    "ridge": 1.1120091215487554e-05,
    "seed": 1234
  }
}