{
  "returned_dict": {
    "loss": 0.06460955259030159,
    "r2": 0.8203296065376897,
    "status": "ok",
    "start_time": 1768162691.769331,
    "duration": 12.476612091064453
  },
  "current_params": {
    "N": 500,
    "sr": 0.0122179546727092,
    "lr": 0.005278179725185935,
    "input_scaling": 1.0,
    "ridge": 1.9372999912277716e-07,
    "seed": 1234
  }
}