{
  "returned_dict": {
    "loss": 0.06191133744928691,
    "r2": 0.8955351787440664,
    "status": "ok",
    "start_time": 1768138616.397144,
    "duration": 25.67877984046936
  },
  "current_params": {
    "N": 750,
    "sr": 0.35089032014738814,
    "lr": 0.005859968367890802,
    "input_scaling": 1.0,
    "ridge": 2.6570035241381884,
    "seed": 1234
  }
}