{
  "returned_dict": {
    "loss": 0.06785101405139346,
    "r2": 0.8775476850086866,
    "status": "ok",
    "start_time": 1768138666.0964322,
    "duration": 24.067274570465088
  },
  "current_params": {
    "N": 750,
    "sr": 0.024727103956002354,
    "lr": 0.002351047539820907,
    "input_scaling": 1.0,
    "ridge": 2.2287582257886065,
    "seed": 1234
  }
}