{
  "returned_dict": {
    "loss": 0.06332793312179681,
    "r2": 0.7906596389490672,
    "status": "ok",
    "start_time": 1768164289.477911,
    "duration": 5.556582927703857
  },
  "current_params": {
    "N": 250,
    "sr": 4.562560750885811,
    "lr": 0.5796576767870102,
    "input_scaling": 1.0,
    "ridge": 0.00034095442141833727,
    "seed": 1234
  }
}