{
  "returned_dict": {
    "loss": 0.06615903389636496,
    "r2": 0.8842789116601224,
    "status": "ok",
    "start_time": 1768138896.992901,
    "duration": 25.728393077850342
  },
  "current_params": {
    "N": 750,
    "sr": 4.562560750885811,
    "lr": 0.5796576767870102,
    "input_scaling": 1.0,
    "ridge": 0.00034095442141833727,
    "seed": 1234
  }
}