{
  "returned_dict": {
    "loss": 0.06041138518599405,
    "r2": 0.8729651887031403,
    "status": "ok",
    "start_time": 1768139181.728533,
    "duration": 26.332595825195312
  },
  "current_params": {
    "N": 750,
    "sr": 0.049050334418268435,
    "lr": 0.0012949042865580272,
    "input_scaling": 1.0,
    "ridge": 0.0009855353908323472,
    "seed": 1234
  }
}