{
  "returned_dict": {
    "loss": 0.06252069392472322,
    "r2": 0.8613397331533831,
    "status": "ok",
    "start_time": 1768139158.503443,
    "duration": 24.031860828399658
  },
  "current_params": {
    "N": 750,
    "sr": 0.2633105154074936,
    "lr": 0.006323055434023884,
    "input_scaling": 1.0,
    "ridge": 9.640975430416673e-06,
    "seed": 1234
  }
}