{
  "returned_dict": {
    "loss": 0.06421660973076204,
    "r2": 0.8378259684028088,
    "status": "ok",
    "start_time": 1768162736.795083,
    "duration": 12.195801973342896
  },
  "current_params": {
    "N": 500,
    "sr": 8.585210285849461,
    "lr": 0.017168328186110398,
    "input_scaling": 1.0,
    "ridge": 0.13903987063812404,
    "seed": 1234
  }
}