{
  "returned_dict": {
    "loss": 0.06699208306450175,
    "r2": 0.874153303710808,
    "status": "ok",
    "start_time": 1768138842.866514,
    "duration": 26.774587154388428
  },
  "current_params": {
    "N": 750,
    "sr": 1.720142336723234,
    "lr": 0.07763106313276408,
    "input_scaling": 1.0,
    "ridge": 0.4572775685331979,
    "seed": 1234
  }
}