{
  "returned_dict": {
    "loss": 0.06477204698327273,
    "r2": 0.8347418231179136,
    "status": "ok",
    "start_time": 1768164235.3423512,
    "duration": 11.979793787002563
  },
  "current_params": {
    "N": 500,
    "sr": 0.6446462668656681,
    "lr": 0.017286803995358296,
    "input_scaling": 1.0,
    "ridge": 2.3316125843766494e-05,
    "seed": 1234
  }
}