{
  "returned_dict": {
    "loss": 0.06613184692881216,
    "r2": 0.878032689564183,
    "status": "ok",
    "start_time": 1768138641.085664,
    "duration": 25.21893811225891
  },
  "current_params": {
    "N": 750,
    "sr": 0.034498874317435556,
    "lr": 0.06282729685044822,
    "input_scaling": 1.0,
    "ridge": 0.7431190035716195,
    "seed": 1234
  }
}