{
  "returned_dict": {
    "loss": 0.06379751848815185,
    "r2": 0.8567838786309372,
    "status": "ok",
    "start_time": 1768139156.021968,
    "duration": 24.934920072555542
  },
  "current_params": {
    "N": 750,
    "sr": 0.17677555381707633,
    "lr": 0.001333037975016116,
    "input_scaling": 1.0,
    "ridge": 0.0002792012595686343,
    "seed": 1234
  }
}