{
  "returned_dict": {
    "loss": 0.06326238999572942,
    "r2": 0.8563100035752269,
    "status": "ok",
    "start_time": 1768139208.2585118,
    "duration": 24.329191207885742
  },
  "current_params": {
    "N": 750,
    "sr": 1.0788871508457576,
    "lr": 0.0023200509044234816,
    "input_scaling": 1.0,
    "ridge": 0.00036055322507158827,
    "seed": 1234
  }
}