{
  "returned_dict": {
    "loss": 0.0662280597250629,
    "r2": 0.8299900182557416,
    "status": "ok",
    "start_time": 1768139231.916378,
    "duration": 24.717110872268677
  },
  "current_params": {
    "N": 750,
    "sr": 0.9740755408344522,
    "lr": 0.7359863692998211,
    "input_scaling": 1.0,
    "ridge": 3.7845656386038534e-06,
    "seed": 1234
  }
}