{
  "returned_dict": {
    "loss": 0.06312828035845558,
    "r2": 0.8625413040900956,
    "status": "ok",
    "start_time": 1768139480.955223,
    "duration": 25.482221126556396
  },
  "current_params": {
    "N": 750,
    "sr": 2.071641841826391,
    "lr": 0.00856810006257189,
    "input_scaling": 1.0,
    "ridge": 0.015452026436408972,
    "seed": 1234
  }
}