{
  "returned_dict": {
    "loss": 0.06252474597961255,
    "r2": 0.8530592458387204,
    "status": "ok",
    "start_time": 1768140727.791899,
    "duration": 12.904746055603027
  },
  "current_params": {
    "N": 500,
    "sr": 0.040303831284081194,
    "lr": 0.0023701238358451266,
    "input_scaling": 1.0,
    "ridge": 0.0003473592846576221,
    "seed": 1234
  }
}