{
  "returned_dict": {
    "loss": 0.06428427683071829,
    "r2": 0.8236239086097769,
    "status": "ok",
    "start_time": 1768164335.7326741,
    "duration": 3.822007894515991
  },
  "current_params": {
    "N": 150,
    "sr": 0.5918809776537992,
    "lr": 0.09126780945506031,
    "input_scaling": 1.0,
    "ridge": 4.948227102001135e-06,
    "seed": 1234
  }
}