{
  "returned_dict": {
    "loss": 0.06104633640304644,
    "r2": 0.8321298329940741,
    "status": "ok",
    "start_time": 1768162716.245497,
    "duration": 5.5174720287323
  },
  "current_params": {
    "N": 250,
    "sr": 0.3760667257505617,
    "lr": 0.003099230752769932,
    "input_scaling": 1.0,
    "ridge": 3.1128759267818813e-07,
    "seed": 1234
  }
}