{
  "returned_dict": {
    "loss": 0.06996342232700314,
    "r2": 0.8270976516139875,
    "status": "ok",
    "start_time": 1768164289.7265081,
    "duration": 12.409169912338257
  },
  "current_params": {
    "N": 500,
    "sr": 0.014679246071636424,
    "lr": 0.006947592031783374,
    "input_scaling": 1.0,
    "ridge": 1.0166474238801299e-05,
    "seed": 1234
  }
}