{
  "returned_dict": {
    "loss": 0.061219890582539446,
    "r2": 0.8633071850899027,
    "status": "ok",
    "start_time": 1768140654.360734,
    "duration": 13.090466976165771
  },
  "current_params": {
    "N": 500,
    "sr": 0.0498551263892747,
    "lr": 0.012662965695252416,
    "input_scaling": 1.0,
    "ridge": 1.9839560559869082e-05,
    "seed": 1234
  }
}