{
  "returned_dict": {
    "loss": 0.06032013718528896,
    "r2": 0.8733519384311282,
    "status": "ok",
    "start_time": 1768140565.0125802,
    "duration": 28.094098806381226
  },
  "current_params": {
    "N": 750,
    "sr": 0.049050334418268435,
    "lr": 0.0012949042865580272,
    "input_scaling": 1.0,
    "ridge": 0.0009855353908323472,
    "seed": 1234
  }
}