{
  "returned_dict": {
    "loss": 0.06373398057617041,
    "r2": 0.8570897994288804,
    "status": "ok",
    "start_time": 1768140546.383758,
    "duration": 25.35840892791748
  },
  "current_params": {
    "N": 750,
    "sr": 0.17677555381707633,
    "lr": 0.001333037975016116,
    "input_scaling": 1.0,
    "ridge": 0.0002792012595686343,
    "seed": 1234
  }
}