{
  "returned_dict": {
    "loss": 0.07683226335834058,
    "r2": 0.7579942534655943,
    "status": "ok",
    "start_time": 1768163077.123352,
    "duration": 5.5449628829956055
  },
  "current_params": {
    "N": 250,
    "sr": 0.8787097526805041,
    "lr": 0.09063567418648887,
    "input_scaling": 1.0,
    "ridge": 7.013379933333821e-06,
    "seed": 1234
  }
}