{
  "returned_dict": {
    "loss": 0.07429973542231276,
    "r2": 0.8374578207141617,
    "status": "ok",
    "start_time": 1768138690.814504,
    "duration": 22.557202100753784
  },
  "current_params": {
    "N": 750,
    "sr": 0.1895161648199892,
    "lr": 0.09032190248808257,
    "input_scaling": 1.0,
    "ridge": 0.6418236053362216,
    "seed": 1234
  }
}