{
  "returned_dict": {
    "loss": 0.07046503524782836,
    "r2": 0.8203795160680102,
    "status": "ok",
    "start_time": 1768140631.034981,
    "duration": 31.585941076278687
  },
  "current_params": {
    "N": 750,
    "sr": 0.0350344439355075,
    "lr": 0.005131385153387444,
    "input_scaling": 1.0,
    "ridge": 1.7558531153415002e-06,
    "seed": 1234
  }
}