{
  "returned_dict": {
    "loss": 0.07646773525587612,
    "r2": 0.7488021942946894,
    "status": "ok",
    "start_time": 1768162679.5146601,
    "duration": 13.729293823242188
  },
  "current_params": {
    "N": 500,
    "sr": 0.02286655633458983,
    "lr": 0.002245487788978302,
    "input_scaling": 1.0,
    "ridge": 6.157169468792704e-08,
    "seed": 1234
  }
}