{
  "returned_dict": {
    "loss": 0.07265719948856446,
    "r2": 0.8067508590764014,
    "status": "ok",
    "start_time": 1768162993.962722,
    "duration": 5.982627868652344
  },
  "current_params": {
    "N": 150,
    "sr": 0.014959195055913567,
    "lr": 0.0069847630227135365,
    "input_scaling": 1.0,
    "ridge": 4.388780088400756e-06,
    "seed": 1234
  }
}