{
  "returned_dict": {
    "loss": 0.07181127078564731,
    "r2": 0.8078808895966866,
    "status": "ok",
    "start_time": 1768140898.877302,
    "duration": 11.67611813545227
  },
  "current_params": {
    "N": 500,
    "sr": 0.2290022500506438,
    "lr": 0.080097838200115,
    "input_scaling": 1.0,
    "ridge": 1.2292271993522633e-05,
    "seed": 1234
  }
}