{
  "returned_dict": {
    "loss": 0.0767242467577901,
    "r2": 0.792479276051061,
    "status": "ok",
    "start_time": 1768140875.383323,
    "duration": 39.90515112876892
  },
  "current_params": {
    "N": 1000,
    "sr": 0.11068640195885193,
    "lr": 0.36310649172916704,
    "input_scaling": 1.0,
    "ridge": 4.903349614737057e-06,
    "seed": 1234
  }
}