{
  "returned_dict": {
    "loss": 0.07285423164046688,
    "r2": 0.8004146206361519,
    "status": "ok",
    "start_time": 1768163041.755818,
    "duration": 12.492111206054688
  },
  "current_params": {
    "N": 500,
    "sr": 0.13752835209587433,
    "lr": 0.1140853913125228,
    "input_scaling": 1.0,
    "ridge": 4.6977323675028895e-06,
    "seed": 1234
  }
}