{
  "returned_dict": {
    "loss": 0.07019751224797333,
    "r2": 0.7863167331225751,
    "status": "ok",
    "start_time": 1768162696.76405,
    "duration": 5.991589069366455
  },
  "current_params": {
    "N": 250,
    "sr": 1.5990545364669002,
    "lr": 0.0037942371555530034,
    "input_scaling": 1.0,
    "ridge": 2.734190448730402e-06,
    "seed": 1234
  }
}