{
  "returned_dict": {
    "loss": 0.07245983033105544,
    "r2": 0.847126879790598,
    "status": "ok",
    "start_time": 1768138715.266371,
    "duration": 25.47452187538147
  },
  "current_params": {
    "N": 750,
    "sr": 0.08994422640610097,
    "lr": 0.03262711780748035,
    "input_scaling": 1.0,
    "ridge": 0.7499710168618902,
    "seed": 1234
  }
}