{
  "returned_dict": {
    "loss": 0.07348700007261803,
    "r2": 0.8567614836646177,
    "status": "ok",
    "start_time": 1768138719.0960672,
    "duration": 25.207692623138428
  },
  "current_params": {
    "N": 750,
    "sr": 2.5472856018371233,
    "lr": 0.21798801781151933,
    "input_scaling": 1.0,
    "ridge": 0.006058281986305755,
    "seed": 1234
  }
}