{
  "returned_dict": {
    "loss": 0.07445522193734169,
    "r2": 0.7759626860397968,
    "status": "ok",
    "start_time": 1768164291.6185951,
    "duration": 11.984181880950928
  },
  "current_params": {
    "N": 500,
    "sr": 3.030541765030233,
    "lr": 0.3712308593750513,
    "input_scaling": 1.0,
    "ridge": 2.2405475168086034e-05,
    "seed": 1234
  }
}