{
  "returned_dict": {
    "loss": 0.074684747120389,
    "r2": 0.8335198689613363,
    "status": "ok",
    "start_time": 1768138689.2668202,
    "duration": 25.98794960975647
  },
  "current_params": {
    "N": 750,
    "sr": 0.3911188720535743,
    "lr": 0.0657729713764254,
    "input_scaling": 1.0,
    "ridge": 0.6451349703129058,
    "seed": 1234
  }
}