{
  "returned_dict": {
    "loss": 0.0738193267584676,
    "r2": 0.7954957734565706,
    "status": "ok",
    "start_time": 1768139229.873696,
    "duration": 23.896784782409668
  },
  "current_params": {
    "N": 750,
    "sr": 1.2100053956614596,
    "lr": 0.0553796016700982,
    "input_scaling": 1.0,
    "ridge": 6.280306871071298e-07,
    "seed": 1234
  }
}