{
  "returned_dict": {
    "loss": 0.07975166829707817,
    "r2": 0.7751455189260072,
    "status": "ok",
    "start_time": 1768139233.311101,
    "duration": 24.739293813705444
  },
  "current_params": {
    "N": 750,
    "sr": 6.296071694966024,
    "lr": 0.25887060985807486,
    "input_scaling": 1.0,
    "ridge": 0.00016085494406692955,
    "seed": 1234
  }
}