{
  "returned_dict": {
    "loss": 0.07474144579944819,
    "r2": 0.7164198164135945,
    "status": "ok",
    "start_time": 1768162733.616349,
    "duration": 5.297853231430054
  },
  "current_params": {
    "N": 250,
    "sr": 8.989473247351684,
    "lr": 0.007322927533722021,
    "input_scaling": 1.0,
    "ridge": 0.040158869344907526,
    "seed": 1234
  }
}