{
  "returned_dict": {
    "loss": 0.0752161567813797,
    "r2": 0.7903138743385492,
    "status": "ok",
    "start_time": 1768140522.52778,
    "duration": 5.785613775253296
  },
  "current_params": {
    "N": 250,
    "sr": 0.014959195055913567,
    "lr": 0.0069847630227135365,
    "input_scaling": 1.0,
    "ridge": 4.388780088400756e-06,
    "seed": 1234
  }
}