{
  "returned_dict": {
    "loss": 0.07132562979646921,
    "r2": 0.8620939885542095,
    "status": "ok",
    "start_time": 1768138950.2778082,
    "duration": 24.506353855133057
  },
  "current_params": {
    "N": 750,
    "sr": 0.8860273958095527,
    "lr": 0.10247307438515181,
    "input_scaling": 1.0,
    "ridge": 0.07347289821082036,
    "seed": 1234
  }
}