{
  "returned_dict": {
    "loss": 0.0764544267648447,
    "r2": 0.7810098334582092,
    "status": "ok",
    "start_time": 1768163074.504095,
    "duration": 5.899991989135742
  },
  "current_params": {
    "N": 250,
    "sr": 0.025251305117962336,
    "lr": 0.006826948667230224,
    "input_scaling": 1.0,
    "ridge": 5.525116424497487e-06,
    "seed": 1234
  }
}