{
  "returned_dict": {
    "loss": 0.07021207671703425,
    "r2": 0.7978888839516207,
    "status": "ok",
    "start_time": 1768140555.600048,
    "duration": 13.331614971160889
  },
  "current_params": {
    "N": 500,
    "sr": 0.2633105154074936,
    "lr": 0.006323055434023884,
    "input_scaling": 1.0,
    "ridge": 9.640975430416673e-06,
    "seed": 1234
  }
}