{
  "returned_dict": {
    "loss": 0.07711081838615544,
    "r2": 0.7910183310647618,
    "status": "ok",
    "start_time": 1768163057.5087948,
    "duration": 5.238145112991333
  },
  "current_params": {
    "N": 250,
    "sr": 2.9936328346131766,
    "lr": 0.007692669531503114,
    "input_scaling": 1.0,
    "ridge": 0.00013394692134927676,
    "seed": 1234
  }
}