{
  "returned_dict": {
    "loss": 0.07144120638372059,
    "r2": 0.7797235546783441,
    "status": "ok",
    "start_time": 1768140515.3675141,
    "duration": 44.24934101104736
  },
  "current_params": {
    "N": 1000,
    "sr": 0.08163009354557892,
    "lr": 0.0012372387219901177,
    "input_scaling": 1.0,
    "ridge": 8.520331714391072e-05,
    "seed": 1234
  }
}