{
  "returned_dict": {
    "loss": 0.07195450811735932,
    "r2": 0.789618450738303,
    "status": "ok",
    "start_time": 1768162686.535645,
    "duration": 6.074927091598511
  },
  "current_params": {
    "N": 250,
    "sr": 2.9936328346131766,
    "lr": 0.007692669531503114,
    "input_scaling": 1.0,
    "ridge": 0.00013394692134927676,
    "seed": 1234
  }
}