{
  "returned_dict": {
    "loss": 0.07379003574308918,
    "r2": 0.791944592093639,
    "status": "ok",
    "start_time": 1768139282.0862238,
    "duration": 25.00971221923828
  },
  "current_params": {
    "N": 750,
    "sr": 0.17733206733987247,
    "lr": 0.0014052783639104387,
    "input_scaling": 1.0,
    "ridge": 2.3042375314273655e-05,
    "seed": 1234
  }
}