{
  "returned_dict": {
    "loss": 0.07463500164555602,
    "r2": 0.7574667208244368,
    "status": "ok",
    "start_time": 1768162721.042455,
    "duration": 5.779476165771484
  },
  "current_params": {
    "N": 250,
    "sr": 0.2558472790408131,
    "lr": 0.002831515357210323,
    "input_scaling": 1.0,
    "ridge": 4.2495199268804934e-07,
    "seed": 1234
  }
}