{
  "returned_dict": {
    "loss": 0.07664399121149826,
    "r2": 0.7929884518882677,
    "status": "ok",
    "start_time": 1768140609.668788,
    "duration": 47.492027044296265
  },
  "current_params": {
    "N": 1000,
    "sr": 0.6446462668656681,
    "lr": 0.017286803995358296,
    "input_scaling": 1.0,
    "ridge": 2.3316125843766494e-05,
    "seed": 1234
  }
}