{
  "returned_dict": {
    "loss": 0.07964745033510376,
    "r2": 0.7704419831405748,
    "status": "ok",
    "start_time": 1768164300.894282,
    "duration": 4.345224857330322
  },
  "current_params": {
    "N": 150,
    "sr": 0.013612793826244545,
    "lr": 0.004995245702312712,
    "input_scaling": 1.0,
    "ridge": 4.2514196237574586e-06,
    "seed": 1234
  }
}