{
  "returned_dict": {
    "loss": 0.0785658318219122,
    "r2": 0.7707470541857975,
    "status": "ok",
    "start_time": 1768162997.657872,
    "duration": 7.40248703956604
  },
  "current_params": {
    "N": 250,
    "sr": 0.21800619086334375,
    "lr": 0.013901564475150452,
    "input_scaling": 1.0,
    "ridge": 5.171407992803939e-06,
    "seed": 1234
  }
}