{
  "returned_dict": {
    "loss": 0.08190881347478733,
    "r2": 0.7253329794663552,
    "status": "ok",
    "start_time": 1768139428.3254242,
    "duration": 24.56830596923828
  },
  "current_params": {
    "N": 750,
    "sr": 0.033066142975337096,
    "lr": 0.001884356271746419,
    "input_scaling": 1.0,
    "ridge": 4.4853781171139313e-07,
    "seed": 1234
  }
}