{
  "returned_dict": {
    "loss": 0.0882319973391462,
    "r2": 0.7210875897653254,
    "status": "ok",
    "start_time": 1768140883.564239,
    "duration": 26.038898944854736
  },
  "current_params": {
    "N": 750,
    "sr": 0.03654105195663,
    "lr": 0.001796531240519663,
    "input_scaling": 1.0,
    "ridge": 1.1949299510687251e-05,
    "seed": 1234
  }
}