{
  "returned_dict": {
    "loss": 0.0826104164929055,
    "r2": 0.7966100454174649,
    "status": "ok",
    "start_time": 1768138615.155945,
    "duration": 25.575987815856934
  },
  "current_params": {
    "N": 750,
    "sr": 0.12964830748893102,
    "lr": 0.3085810336068818,
    "input_scaling": 1.0,
    "ridge": 0.18804563142456526,
    "seed": 1234
  }
}