{
  "returned_dict": {
    "loss": 0.08191072057120731,
    "r2": 0.7463116038197415,
    "status": "ok",
    "start_time": 1768140616.4902458,
    "duration": 13.98448920249939
  },
  "current_params": {
    "N": 500,
    "sr": 0.02744857055806261,
    "lr": 0.29784654821777334,
    "input_scaling": 1.0,
    "ridge": 6.208862830920144e-06,
    "seed": 1234
  }
}