{
  "returned_dict": {
    "loss": 0.08854342633329476,
    "r2": 0.729049262783284,
    "status": "ok",
    "start_time": 1768139429.707149,
    "duration": 24.258349895477295
  },
  "current_params": {
    "N": 750,
    "sr": 8.711271284682779,
    "lr": 0.023751001515757215,
    "input_scaling": 1.0,
    "ridge": 0.11395372730872567,
    "seed": 1234
  }
}