{
  "returned_dict": {
    "loss": 0.08435805264580545,
    "r2": 0.7539609615999869,
    "status": "ok",
    "start_time": 1768139182.683887,
    "duration": 25.567707061767578
  },
  "current_params": {
    "N": 750,
    "sr": 0.03117621966130656,
    "lr": 0.001363740876576532,
    "input_scaling": 1.0,
    "ridge": 8.238981734167042e-05,
    "seed": 1234
  }
}