{
  "returned_dict": {
    "loss": 0.08028896293122849,
    "r2": 0.7235465011584798,
    "status": "ok",
    "start_time": 1768140784.019232,
    "duration": 43.485902070999146
  },
  "current_params": {
    "N": 1000,
    "sr": 3.030541765030233,
    "lr": 0.3712308593750513,
    "input_scaling": 1.0,
    "ridge": 2.2405475168086034e-05,
    "seed": 1234
  }
}