{
  "returned_dict": {
    "loss": 0.08006338296606134,
    "r2": 0.7781803045036602,
    "status": "ok",
    "start_time": 1768139453.400191,
    "duration": 25.20150089263916
  },
  "current_params": {
    "N": 750,
    "sr": 0.08935579723335595,
    "lr": 0.0012828607057795718,
    "input_scaling": 1.0,
    "ridge": 5.8290851227162094e-05,
    "seed": 1234
  }
}