{
  "returned_dict": {
    "loss": 0.08757962893601828,
    "r2": 0.63642810605317,
    "status": "ok",
    "start_time": 1768163030.857074,
    "duration": 5.584859132766724
  },
  "current_params": {
    "N": 250,
    "sr": 0.02744857055806261,
    "lr": 0.29784654821777334,
    "input_scaling": 1.0,
    "ridge": 6.208862830920144e-06,
    "seed": 1234
  }
}