{
  "returned_dict": {
    "loss": 0.08173401380155088,
    "r2": 0.7503623240100168,
    "status": "ok",
    "start_time": 1768140803.291531,
    "duration": 5.729350805282593
  },
  "current_params": {
    "N": 250,
    "sr": 0.013612793826244545,
    "lr": 0.004995245702312712,
    "input_scaling": 1.0,
    "ridge": 4.2514196237574586e-06,
    "seed": 1234
  }
}