{
  "returned_dict": {
    "loss": 0.08869799574492948,
    "r2": 0.779363452923156,
    "status": "ok",
    "start_time": 1768138814.168698,
    "duration": 25.10011386871338
  },
  "current_params": {
    "N": 750,
    "sr": 2.207405428763886,
    "lr": 0.0021466697329771325,
    "input_scaling": 1.0,
    "ridge": 9.40398484440116,
    "seed": 1234
  }
}