{
  "returned_dict": {
    "loss": 0.0884044198938723,
    "r2": 0.6433736715897658,
    "status": "ok",
    "start_time": 1768164277.1994371,
    "duration": 6.432739019393921
  },
  "current_params": {
    "N": 250,
    "sr": 1.5990545364669002,
    "lr": 0.0037942371555530034,
    "input_scaling": 1.0,
    "ridge": 2.734190448730402e-06,
    "seed": 1234
  }
}