{
  "returned_dict": {
    "loss": 0.0843695121292914,
    "r2": 0.7523338752961,
    "status": "ok",
    "start_time": 1768139131.971649,
    "duration": 25.045613050460815
  },
  "current_params": {
    "N": 750,
    "sr": 1.4147202418743061,
    "lr": 0.022288688076120708,
    "input_scaling": 1.0,
    "ridge": 2.81951270957204e-06,
    "seed": 1234
  }
}