{
  "returned_dict": {
    "loss": 0.0841842504025308,
    "r2": 0.7407979961512707,
    "status": "ok",
    "start_time": 1768163098.438703,
    "duration": 5.613397121429443
  },
  "current_params": {
    "N": 250,
    "sr": 0.7807225456920129,
    "lr": 0.003408158212969955,
    "input_scaling": 1.0,
    "ridge": 1.1212455191713488e-05,
    "seed": 1234
  }
}