{
  "returned_dict": {
    "loss": 0.08680971702804822,
    "r2": 0.6601225484722351,
    "status": "ok",
    "start_time": 1768162618.218576,
    "duration": 6.443099021911621
  },
  "current_params": {
    "N": 250,
    "sr": 0.5084211256775242,
    "lr": 0.0026265821854959317,
    "input_scaling": 1.0,
    "ridge": 1.0734224197563891e-07,
    "seed": 1234
  }
}