{
  "returned_dict": {
    "loss": 0.08145061397089326,
    "r2": 0.7274025825192588,
    "status": "ok",
    "start_time": 1768139358.0434601,
    "duration": 24.805126905441284
  },
  "current_params": {
    "N": 750,
    "sr": 6.4330949359083744,
    "lr": 0.21923227051705674,
    "input_scaling": 1.0,
    "ridge": 0.00020621776570420983,
    "seed": 1234
  }
}