{
  "returned_dict": {
    "loss": 0.08215510444756723,
    "r2": 0.7143945833228599,
    "status": "ok",
    "start_time": 1768162743.828407,
    "duration": 5.608299970626831
  },
  "current_params": {
    "N": 250,
    "sr": 1.0761237047373702,
    "lr": 0.001226935881165515,
    "input_scaling": 1.0,
    "ridge": 4.094491915845438e-05,
    "seed": 1234
  }
}