{
  "returned_dict": {
    "loss": 0.08865493614072961,
    "r2": 0.7921426601823748,
    "status": "ok",
    "start_time": 1768138664.838906,
    "duration": 24.422208070755005
  },
  "current_params": {
    "N": 750,
    "sr": 2.584482397166098,
    "lr": 0.14003009674078482,
    "input_scaling": 1.0,
    "ridge": 0.044756491579201446,
    "seed": 1234
  }
}