{
  "returned_dict": {
    "loss": 0.0881997190353068,
    "r2": 0.6916231595182813,
    "status": "ok",
    "start_time": 1768163009.1408021,
    "duration": 5.945694923400879
  },
  "current_params": {
    "N": 250,
    "sr": 0.2633105154074936,
    "lr": 0.006323055434023884,
    "input_scaling": 1.0,
    "ridge": 9.640975430416673e-06,
    "seed": 1234
  }
}