{
  "returned_dict": {
    "loss": 0.08619975457041251,
    "r2": 0.6740183137356149,
    "status": "ok",
    "start_time": 1768163020.07664,
    "duration": 4.455389976501465
  },
  "current_params": {
    "N": 150,
    "sr": 1.0788871508457576,
    "lr": 0.0023200509044234816,
    "input_scaling": 1.0,
    "ridge": 0.00036055322507158827,
    "seed": 1234
  }
}