{
  "returned_dict": {
    "loss": 0.09807156918055271,
    "r2": 0.6564009281609824,
    "status": "ok",
    "start_time": 1768140529.1504252,
    "duration": 12.207639694213867
  },
  "current_params": {
    "N": 500,
    "sr": 0.21800619086334375,
    "lr": 0.013901564475150452,
    "input_scaling": 1.0,
    "ridge": 5.171407992803939e-06,
    "seed": 1234
  }
}