{
  "returned_dict": {
    "loss": 0.09975446061944102,
    "r2": 0.6359381141445988,
    "status": "ok",
    "start_time": 1768139256.6374521,
    "duration": 25.270147800445557
  },
  "current_params": {
    "N": 750,
    "sr": 0.22998030533306218,
    "lr": 0.005540113840184696,
    "input_scaling": 1.0,
    "ridge": 1.348842579246839e-06,
    "seed": 1234
  }
}