{
  "returned_dict": {
    "loss": 0.09089403393357365,
    "r2": 0.693649203404328,
    "status": "ok",
    "start_time": 1768164201.909688,
    "duration": 12.830162048339844
  },
  "current_params": {
    "N": 500,
    "sr": 0.08163009354557892,
    "lr": 0.0012372387219901177,
    "input_scaling": 1.0,
    "ridge": 8.520331714391072e-05,
    "seed": 1234
  }
}