{
  "returned_dict": {
    "loss": 0.09732814221991762,
    "r2": 0.6487858841678876,
    "status": "ok",
    "start_time": 1768164266.619414,
    "duration": 5.827779054641724
  },
  "current_params": {
    "N": 250,
    "sr": 1.1436393639538363,
    "lr": 0.001088699585736292,
    "input_scaling": 1.0,
    "ridge": 0.0001227048295721046,
    "seed": 1234
  }
}