{
  "returned_dict": {
    "loss": 0.09665311048155678,
    "r2": 0.5417275353117594,
    "status": "ok",
    "start_time": 1768162689.996755,
    "duration": 14.5343759059906
  },
  "current_params": {
    "N": 500,
    "sr": 3.241079910975608,
    "lr": 0.0020857324386248078,
    "input_scaling": 1.0,
    "ridge": 9.816181373943152,
    "seed": 1234
  }
}