{
  "returned_dict": {
    "loss": 0.09782510428255672,
    "r2": 0.7449754640455873,
    "status": "ok",
    "start_time": 1768138764.8919969,
    "duration": 24.175806045532227
  },
  "current_params": {
    "N": 750,
    "sr": 2.5272751567886145,
    "lr": 0.06040126209826847,
    "input_scaling": 1.0,
    "ridge": 0.11056481451196341,
    "seed": 1234
  }
}