{
  "returned_dict": {
    "loss": 0.090298969788808,
    "r2": 0.7628423717963005,
    "status": "ok",
    "start_time": 1768138839.29827,
    "duration": 29.198065042495728
  },
  "current_params": {
    "N": 750,
    "sr": 0.014288075981176153,
    "lr": 0.06573180117712059,
    "input_scaling": 1.0,
    "ridge": 0.16343169981839412,
    "seed": 1234
  }
}