{
  "returned_dict": {
    "loss": 0.09005107370225365,
    "r2": 0.7196497726207893,
    "status": "ok",
    "start_time": 1768164314.968655,
    "duration": 12.237451076507568
  },
  "current_params": {
    "N": 500,
    "sr": 8.585210285849461,
    "lr": 0.017168328186110398,
    "input_scaling": 1.0,
    "ridge": 0.13903987063812404,
    "seed": 1234
  }
}