{
  "returned_dict": {
    "loss": 0.09793033017971256,
    "r2": 0.6532433575782064,
    "status": "ok",
    "start_time": 1768140485.31809,
    "duration": 50.242100954055786
  },
  "current_params": {
    "N": 1000,
    "sr": 0.024533782794538352,
    "lr": 0.026737129446658965,
    "input_scaling": 1.0,
    "ridge": 1.1020064627542845e-06,
    "seed": 1234
  }
}