{
  "returned_dict": {
    "loss": 0.0964715928170227,
    "r2": 0.630370100542099,
    "status": "ok",
    "start_time": 1768139255.852372,
    "duration": 25.13278603553772
  },
  "current_params": {
    "N": 750,
    "sr": 0.6446462668656681,
    "lr": 0.017286803995358296,
    "input_scaling": 1.0,
    "ridge": 2.3316125843766494e-05,
    "seed": 1234
  }
}