{
  "returned_dict": {
    "loss": 0.09344909390799025,
    "r2": 0.7667403050179151,
    "status": "ok",
    "start_time": 1768138565.937192,
    "duration": 25.326546907424927
  },
  "current_params": {
    "N": 750,
    "sr": 0.06274944433721241,
    "lr": 0.8082191418328011,
    "input_scaling": 1.0,
    "ridge": 0.10203710673780302,
    "seed": 1234
  }
}