{
  "returned_dict": {
    "loss": 0.097525887309906,
    "r2": 0.6110369522924229,
    "status": "ok",
    "start_time": 1768163036.443247,
    "duration": 6.029872894287109
  },
  "current_params": {
    "N": 250,
    "sr": 0.0350344439355075,
    "lr": 0.005131385153387444,
    "input_scaling": 1.0,
    "ridge": 1.7558531153415002e-06,
    "seed": 1234
  }
}