{
  "returned_dict": {
    "loss": 0.10848428243443135,
    "r2": 0.5709536418564143,
    "status": "ok",
    "start_time": 1768164295.454537,
    "duration": 5.432053089141846
  },
  "current_params": {
    "N": 250,
    "sr": 0.3760667257505617,
    "lr": 0.003099230752769932,
    "input_scaling": 1.0,
    "ridge": 3.1128759267818813e-07,
    "seed": 1234
  }
}