{
  "returned_dict": {
    "loss": 0.10955142853101647,
    "r2": 0.530793255242882,
    "status": "ok",
    "start_time": 1768140656.4671948,
    "duration": 25.59507918357849
  },
  "current_params": {
    "N": 750,
    "sr": 0.13752835209587433,
    "lr": 0.1140853913125228,
    "input_scaling": 1.0,
    "ridge": 4.6977323675028895e-06,
    "seed": 1234
  }
}