{
  "returned_dict": {
    "loss": 0.10261924149791131,
    "r2": 0.6786286629141607,
    "status": "ok",
    "start_time": 1768138923.193485,
    "duration": 27.232414960861206
  },
  "current_params": {
    "N": 750,
    "sr": 0.030992307527699325,
    "lr": 0.003145723912100102,
    "input_scaling": 1.0,
    "ridge": 0.33630909701617645,
    "seed": 1234
  }
}