{
  "returned_dict": {
    "loss": 0.10636277372174537,
    "r2": 0.5139996284289607,
    "status": "ok",
    "start_time": 1768139457.5660748,
    "duration": 24.29960322380066
  },
  "current_params": {
    "N": 750,
    "sr": 0.36376871355665313,
    "lr": 0.2509638870424022,
    "input_scaling": 1.0,
    "ridge": 6.761705097711677e-06,
    "seed": 1234
  }
}