{
  "returned_dict": {
    "loss": 0.10396206255737814,
    "r2": 0.7151127509188544,
    "status": "ok",
    "start_time": 1768138968.6940181,
    "duration": 23.743469953536987
  },
  "current_params": {
    "N": 750,
    "sr": 5.353733286565295,
    "lr": 0.057726047396179175,
    "input_scaling": 1.0,
    "ridge": 0.4492299362334677,
    "seed": 1234
  }
}