{
  "returned_dict": {
    "loss": 0.10289864622665282,
    "r2": 0.6838830577299085,
    "status": "ok",
    "start_time": 1768138484.249829,
    "duration": 30.21712589263916
  },
  "current_params": {
    "N": 750,
    "sr": 2.0983027299866137,
    "lr": 0.020731719263694527,
    "input_scaling": 1.0,
    "ridge": 0.533803330619273,
    "seed": 1234
  }
}