{
  "returned_dict": {
    "loss": 0.10548059906180647,
    "r2": 0.5770138297672627,
    "status": "ok",
    "start_time": 1768140628.480211,
    "duration": 12.275623798370361
  },
  "current_params": {
    "N": 500,
    "sr": 1.10190354534629,
    "lr": 0.015166709571116129,
    "input_scaling": 1.0,
    "ridge": 7.276455413820774e-06,
    "seed": 1234
  }
}