{
  "returned_dict": {
    "loss": 0.1035978596597595,
    "r2": 0.5903129835923757,
    "status": "ok",
    "start_time": 1768164327.211324,
    "duration": 5.987233877182007
  },
  "current_params": {
    "N": 250,
    "sr": 0.03654105195663,
    "lr": 0.001796531240519663,
    "input_scaling": 1.0,
    "ridge": 1.1949299510687251e-05,
    "seed": 1234
  }
}