{
  "returned_dict": {
    "loss": 0.10060294529056335,
    "r2": 0.7341285994701179,
    "status": "ok",
    "start_time": 1768138667.9075782,
    "duration": 24.145557641983032
  },
  "current_params": {
    "N": 750,
    "sr": 6.296071694966024,
    "lr": 0.25887060985807486,
    "input_scaling": 1.0,
    "ridge": 0.00016085494406692955,
    "seed": 1234
  }
}