{
  "returned_dict": {
    "loss": 0.10708231713586236,
    "r2": 0.5444565065611489,
    "status": "ok",
    "start_time": 1768163116.242156,
    "duration": 12.823391914367676
  },
  "current_params": {
    "N": 500,
    "sr": 0.11068640195885193,
    "lr": 0.36310649172916704,
    "input_scaling": 1.0,
    "ridge": 4.903349614737057e-06,
    "seed": 1234
  }
}