{
  "returned_dict": {
    "loss": 0.1009735859511397,
    "r2": 0.7134586589763086,
    "status": "ok",
    "start_time": 1768138590.188919,
    "duration": 24.852898120880127
  },
  "current_params": {
    "N": 750,
    "sr": 0.579340268842185,
    "lr": 0.0032492184125318055,
    "input_scaling": 1.0,
    "ridge": 2.1187565853621826,
    "seed": 1234
  }
}