{
  "returned_dict": {
    "loss": 0.10522395829465794,
    "r2": 0.5555029545117184,
    "status": "ok",
    "start_time": 1768164269.412854,
    "duration": 13.10179615020752
  },
  "current_params": {
    "N": 500,
    "sr": 3.241079910975608,
    "lr": 0.0020857324386248078,
    "input_scaling": 1.0,
    "ridge": 9.816181373943152,
    "seed": 1234
  }
}