{
  "returned_dict": {
    "loss": 0.10050680781669834,
    "r2": 0.7316920253991821,
    "status": "ok",
    "start_time": 1768138743.6287858,
    "duration": 23.77527618408203
  },
  "current_params": {
    "N": 750,
    "sr": 3.513026827442706,
    "lr": 0.09073232122694608,
    "input_scaling": 1.0,
    "ridge": 0.173590698833755,
    "seed": 1234
  }
}