{
  "returned_dict": {
    "loss": 0.10132395111587351,
    "r2": 0.7068910320062368,
    "status": "ok",
    "start_time": 1768138514.4539368,
    "duration": 25.867583990097046
  },
  "current_params": {
    "N": 750,
    "sr": 1.0219790287083488,
    "lr": 0.02048593340612814,
    "input_scaling": 1.0,
    "ridge": 0.311963485892655,
    "seed": 1234
  }
}