{
  "returned_dict": {
    "loss": 0.1054675866490059,
    "r2": 0.10858737104496789,
    "status": "ok",
    "start_time": 1768162698.99864,
    "duration": 4.760799884796143
  },
  "current_params": {
    "N": 150,
    "sr": 1.3450389325474623,
    "lr": 0.003306614297533709,
    "input_scaling": 1.0,
    "ridge": 6.69096953411494e-08,
    "seed": 1234
  }
}