{
  "returned_dict": {
    "loss": 0.11429120226699192,
    "r2": 0.6315145391919852,
    "status": "ok",
    "start_time": 1768138566.477914,
    "duration": 25.083590984344482
  },
  "current_params": {
    "N": 750,
    "sr": 0.033909262851589204,
    "lr": 0.3714008148792368,
    "input_scaling": 1.0,
    "ridge": 0.06709277709678035,
    "seed": 1234
  }
}