{
  "returned_dict": {
    "loss": 0.1145437953648705,
    "r2": 0.5841404901252308,
    "status": "ok",
    "start_time": 1768138974.815315,
    "duration": 22.400600910186768
  },
  "current_params": {
    "N": 750,
    "sr": 0.7967266039989561,
    "lr": 0.8818969540804086,
    "input_scaling": 1.0,
    "ridge": 0.003830181787910786,
    "seed": 1234
  }
}