{
  "returned_dict": {
    "loss": 0.11362075895822446,
    "r2": 0.6381877315690867,
    "status": "ok",
    "start_time": 1768138791.972289,
    "duration": 24.813452005386353
  },
  "current_params": {
    "N": 750,
    "sr": 0.13461033976551293,
    "lr": 0.911789601055018,
    "input_scaling": 1.0,
    "ridge": 0.02882983282316683,
    "seed": 1234
  }
}