{
  "returned_dict": {
    "loss": 0.11899278656282875,
    "r2": 0.47277189281777154,
    "status": "ok",
    "start_time": 1768164272.774261,
    "duration": 5.31664514541626
  },
  "current_params": {
    "N": 250,
    "sr": 0.6573180117712061,
    "lr": 0.25377301099593236,
    "input_scaling": 1.0,
    "ridge": 1.4027342000428403e-06,
    "seed": 1234
  }
}