{
  "returned_dict": {
    "loss": 0.11951257089563186,
    "r2": 0.5037616968730785,
    "status": "ok",
    "start_time": 1768140740.7015412,
    "duration": 43.30918884277344
  },
  "current_params": {
    "N": 1000,
    "sr": 8.711271284682779,
    "lr": 0.023751001515757215,
    "input_scaling": 1.0,
    "ridge": 0.11395372730872567,
    "seed": 1234
  }
}