{
  "returned_dict": {
    "loss": 0.11538374478744409,
    "r2": 0.5022429811889249,
    "status": "ok",
    "start_time": 1768139308.251904,
    "duration": 25.583046913146973
  },
  "current_params": {
    "N": 750,
    "sr": 0.39643028820321224,
    "lr": 0.07920505279755201,
    "input_scaling": 1.0,
    "ridge": 3.921033273015646e-06,
    "seed": 1234
  }
}