{
  "returned_dict": {
    "loss": 0.11580829018156061,
    "r2": 0.18211961764179604,
    "status": "ok",
    "start_time": 1768164327.39662,
    "duration": 5.705729961395264
  },
  "current_params": {
    "N": 250,
    "sr": 2.6442031479688675,
    "lr": 0.9913570746384139,
    "input_scaling": 1.0,
    "ridge": 4.647918595124648e-06,
    "seed": 1234
  }
}