{
  "returned_dict": {
    "loss": 0.11074680293894494,
    "r2": 0.5124061346953978,
    "status": "ok",
    "start_time": 1768139182.478217,
    "duration": 25.439942121505737
  },
  "current_params": {
    "N": 750,
    "sr": 0.08941629659134291,
    "lr": 0.7222676861585459,
    "input_scaling": 1.0,
    "ridge": 4.152030578080214e-06,
    "seed": 1234
  }
}