{
  "returned_dict": {
    "loss": 0.11136471099436589,
    "r2": 0.6721697823143399,
    "status": "ok",
    "start_time": 1768138971.088184,
    "duration": 24.366177082061768
  },
  "current_params": {
    "N": 750,
    "sr": 0.03756721747628205,
    "lr": 0.0011870510469582862,
    "input_scaling": 1.0,
    "ridge": 2.2240478487503768,
    "seed": 1234
  }
}