{
  "returned_dict": {
    "loss": 0.11846295308641216,
    "r2": 0.26960306981124554,
    "status": "ok",
    "start_time": 1768164230.1613061,
    "duration": 12.75384783744812
  },
  "current_params": {
    "N": 500,
    "sr": 1.4003009674078484,
    "lr": 0.16479802845263086,
    "input_scaling": 1.0,
    "ridge": 1.511888501313396e-07,
    "seed": 1234
  }
}