{
  "returned_dict": {
    "loss": 0.11535075502918406,
    "r2": 0.5591015588557801,
    "status": "ok",
    "start_time": 1768138819.680032,
    "duration": 26.85937190055847
  },
  "current_params": {
    "N": 750,
    "sr": 2.1394582801523425,
    "lr": 0.003931992507823152,
    "input_scaling": 1.0,
    "ridge": 1.5694375678920185,
    "seed": 1234
  }
}