{
  "returned_dict": {
    "loss": 0.12895334582002804,
    "r2": 0.30923214908431096,
    "status": "ok",
    "start_time": 1768140718.294312,
    "duration": 25.345438957214355
  },
  "current_params": {
    "N": 750,
    "sr": 0.0122179546727092,
    "lr": 0.005278179725185935,
    "input_scaling": 1.0,
    "ridge": 1.9372999912277716e-07,
    "seed": 1234
  }
}