{
  "returned_dict": {
    "loss": 0.12979420784699314,
    "r2": 0.5524214275781766,
    "status": "ok",
    "start_time": 1768138941.89993,
    "duration": 25.355382919311523
  },
  "current_params": {
    "N": 750,
    "sr": 9.276817395591861,
    "lr": 0.046548777971155246,
    "input_scaling": 1.0,
    "ridge": 0.35614559566344134,
    "seed": 1234
  }
}