{
  "returned_dict": {
    "loss": 0.12174833342692423,
    "r2": 0.4518482591495151,
    "status": "ok",
    "start_time": 1768140745.009857,
    "duration": 42.97057008743286
  },
  "current_params": {
    "N": 1000,
    "sr": 0.88654230737436,
    "lr": 0.6634118566842103,
    "input_scaling": 1.0,
    "ridge": 2.167459091022627e-07,
    "seed": 1234
  }
}