{
  "returned_dict": {
    "loss": 0.12272588158480205,
    "r2": 0.4188780985522705,
    "status": "ok",
    "start_time": 1768164314.137374,
    "duration": 5.8576340675354
  },
  "current_params": {
    "N": 250,
    "sr": 8.989473247351684,
    "lr": 0.007322927533722021,
    "input_scaling": 1.0,
    "ridge": 0.040158869344907526,
    "seed": 1234
  }
}