{
  "returned_dict": {
    "loss": 0.12452253898029217,
    "r2": 0.38190883929734953,
    "status": "ok",
    "start_time": 1768163115.0648808,
    "duration": 5.6404852867126465
  },
  "current_params": {
    "N": 250,
    "sr": 1.0761237047373702,
    "lr": 0.001226935881165515,
    "input_scaling": 1.0,
    "ridge": 4.094491915845438e-05,
    "seed": 1234
  }
}