{
  "returned_dict": {
    "loss": 0.12894996857239588,
    "r2": 0.30931812549049925,
    "status": "ok",
    "start_time": 1768139382.855933,
    "duration": 25.171753883361816
  },
  "current_params": {
    "N": 750,
    "sr": 0.0122179546727092,
    "lr": 0.005278179725185935,
    "input_scaling": 1.0,
    "ridge": 1.9372999912277716e-07,
    "seed": 1234
  }
}