{
  "returned_dict": {
    "loss": 0.12000024168268311,
    "r2": 0.4419315101042832,
    "status": "ok",
    "start_time": 1768139430.0735471,
    "duration": 24.715699911117554
  },
  "current_params": {
    "N": 750,
    "sr": 0.8113813599259383,
    "lr": 0.052148215297897024,
    "input_scaling": 1.0,
    "ridge": 2.0238219039082883e-07,
    "seed": 1234
  }
}