{
  "returned_dict": {
    "loss": 0.12513756858132297,
    "r2": 0.5735334798999665,
    "status": "ok",
    "start_time": 1768138484.2542348,
    "duration": 29.917304039001465
  },
  "current_params": {
    "N": 750,
    "sr": 1.236243687952708,
    "lr": 0.0019166024706981722,
    "input_scaling": 1.0,
    "ridge": 6.033942464552087,
    "seed": 1234
  }
}