{
  "returned_dict": {
    "loss": 0.1252918302294991,
    "r2": 0.5590024503273414,
    "status": "ok",
    "start_time": 1768138514.644577,
    "duration": 27.273382902145386
  },
  "current_params": {
    "N": 750,
    "sr": 1.2612329434360228,
    "lr": 0.008651669568208025,
    "input_scaling": 1.0,
    "ridge": 0.3092702978179818,
    "seed": 1234
  }
}