{
  "returned_dict": {
    "loss": 0.12624582047642302,
    "r2": 0.31986226812473983,
    "status": "ok",
    "start_time": 1768162710.367122,
    "duration": 5.870018005371094
  },
  "current_params": {
    "N": 250,
    "sr": 0.3036861176551762,
    "lr": 0.002226230728574318,
    "input_scaling": 1.0,
    "ridge": 4.4517659527720593e-08,
    "seed": 1234
  }
}