{
  "returned_dict": {
    "loss": 0.13894208035446648,
    "r2": 0.3027654733522672,
    "status": "ok",
    "start_time": 1768140820.9780638,
    "duration": 25.052109003067017
  },
  "current_params": {
    "N": 750,
    "sr": 0.7807225456920129,
    "lr": 0.003408158212969955,
    "input_scaling": 1.0,
    "ridge": 1.1212455191713488e-05,
    "seed": 1234
  }
}