{
  "returned_dict": {
    "loss": 0.13414954193260778,
    "r2": 0.36622068752064274,
    "status": "ok",
    "start_time": 1768140681.911211,
    "duration": 41.60822296142578
  },
  "current_params": {
    "N": 1000,
    "sr": 0.02286655633458983,
    "lr": 0.002245487788978302,
    "input_scaling": 1.0,
    "ridge": 6.157169468792704e-08,
    "seed": 1234
  }
}