{
  "returned_dict": {
    "loss": 0.1324227519367655,
    "r2": 0.3010692993741826,
    "status": "ok",
    "start_time": 1768140518.6154299,
    "duration": 43.80839800834656
  },
  "current_params": {
    "N": 1000,
    "sr": 0.16810705158715594,
    "lr": 0.3632530084552647,
    "input_scaling": 1.0,
    "ridge": 1.2748390933572839e-06,
    "seed": 1234
  }
}