{
  "returned_dict": {
    "loss": 0.13891797814080292,
    "r2": 0.18783695477746354,
    "status": "ok",
    "start_time": 1768139208.071264,
    "duration": 25.233491897583008
  },
  "current_params": {
    "N": 750,
    "sr": 0.011010546189317025,
    "lr": 0.004886164566862709,
    "input_scaling": 1.0,
    "ridge": 1.5360309271896526e-07,
    "seed": 1234
  }
}