{
  "returned_dict": {
    "loss": 0.13681952087746171,
    "r2": 0.24227137264748427,
    "status": "ok",
    "start_time": 1768162989.5927281,
    "duration": 6.634200811386108
  },
  "current_params": {
    "N": 250,
    "sr": 0.5084211256775242,
    "lr": 0.0026265821854959317,
    "input_scaling": 1.0,
    "ridge": 1.0734224197563891e-07,
    "seed": 1234
  }
}