{
  "returned_dict": {
    "loss": 0.1365250229723296,
    "r2": 0.1721325306292086,
    "status": "ok",
    "start_time": 1768162643.5672839,
    "duration": 4.797789096832275
  },
  "current_params": {
    "N": 150,
    "sr": 3.114139164343731,
    "lr": 0.0028830551485457827,
    "input_scaling": 1.0,
    "ridge": 4.1059605600132664e-07,
    "seed": 1234
  }
}