{
  "returned_dict": {
    "loss": 0.1388436196366078,
    "r2": 0.47871617848290093,
    "status": "ok",
    "start_time": 1768138484.257038,
    "duration": 30.576042890548706
  },
  "current_params": {
    "N": 750,
    "sr": 3.040139526967998,
    "lr": 0.07852233350555968,
    "input_scaling": 1.0,
    "ridge": 0.0664951026473324,
    "seed": 1234
  }
}