{
  "returned_dict": {
    "loss": 0.1391507567479842,
    "r2": 0.30112654790705395,
    "status": "ok",
    "start_time": 1768139530.365168,
    "duration": 24.261034727096558
  },
  "current_params": {
    "N": 750,
    "sr": 0.7807225456920129,
    "lr": 0.003408158212969955,
    "input_scaling": 1.0,
    "ridge": 1.1212455191713488e-05,
    "seed": 1234
  }
}