{
  "returned_dict": {
    "loss": 0.1360019689243364,
    "r2": 0.40049270123395975,
    "status": "ok",
    "start_time": 1768138614.926071,
    "duration": 26.152837991714478
  },
  "current_params": {
    "N": 750,
    "sr": 2.022751238483017,
    "lr": 0.0021048581720989976,
    "input_scaling": 1.0,
    "ridge": 1.7543110796202546,
    "seed": 1234
  }
}