{
  "returned_dict": {
    "loss": 0.13479148959909665,
    "r2": 0.15395626824708686,
    "status": "ok",
    "start_time": 1768139379.543954,
    "duration": 24.45837688446045
  },
  "current_params": {
    "N": 750,
    "sr": 1.1436393639538363,
    "lr": 0.001088699585736292,
    "input_scaling": 1.0,
    "ridge": 0.0001227048295721046,
    "seed": 1234
  }
}