{
  "returned_dict": {
    "loss": 0.13515012807530438,
    "r2": 0.519087797245225,
    "status": "ok",
    "start_time": 1768138791.570973,
    "duration": 23.78749108314514
  },
  "current_params": {
    "N": 750,
    "sr": 6.4330949359083744,
    "lr": 0.21923227051705674,
    "input_scaling": 1.0,
    "ridge": 0.00020621776570420983,
    "seed": 1234
  }
}