{
  "returned_dict": {
    "loss": 0.14265525646013452,
    "r2": 0.4420298688690096,
    "status": "ok",
    "start_time": 1768138866.065099,
    "duration": 25.825658798217773
  },
  "current_params": {
    "N": 750,
    "sr": 0.013398360372911417,
    "lr": 0.44919729682102527,
    "input_scaling": 1.0,
    "ridge": 0.024333499209711014,
    "seed": 1234
  }
}