{
  "returned_dict": {
    "loss": 0.1484037057529181,
    "r2": -0.2268460797824874,
    "status": "ok",
    "start_time": 1768139253.777459,
    "duration": 24.958309173583984
  },
  "current_params": {
    "N": 750,
    "sr": 3.0781221115770623,
    "lr": 0.24572608704277726,
    "input_scaling": 1.0,
    "ridge": 1.2409854159334892e-06,
    "seed": 1234
  }
}