{
  "returned_dict": {
    "loss": 0.1418431439834133,
    "r2": 0.24321498793511948,
    "status": "ok",
    "start_time": 1768139079.8623528,
    "duration": 24.642027139663696
  },
  "current_params": {
    "N": 750,
    "sr": 0.024533782794538352,
    "lr": 0.026737129446658965,
    "input_scaling": 1.0,
    "ridge": 1.1020064627542845e-06,
    "seed": 1234
  }
}