{
  "returned_dict": {
    "loss": 0.14555854665277038,
    "r2": 0.1697496383368923,
    "status": "ok",
    "start_time": 1768139305.637407,
    "duration": 24.94441795349121
  },
  "current_params": {
    "N": 750,
    "sr": 0.14297775983881209,
    "lr": 0.08292582745449953,
    "input_scaling": 1.0,
    "ridge": 2.501323466445205e-06,
    "seed": 1234
  }
}