{
  "returned_dict": {
    "loss": 0.14182152678555995,
    "r2": 0.25420265705240147,
    "status": "ok",
    "start_time": 1768140866.9176042,
    "duration": 25.576342582702637
  },
  "current_params": {
    "N": 750,
    "sr": 1.0761237047373702,
    "lr": 0.001226935881165515,
    "input_scaling": 1.0,
    "ridge": 4.094491915845438e-05,
    "seed": 1234
  }
}