{
  "returned_dict": {
    "loss": 0.15666901587463938,
    "r2": 0.05951346578518448,
    "status": "ok",
    "start_time": 1768164202.014126,
    "duration": 11.804705142974854
  },
  "current_params": {
    "N": 500,
    "sr": 0.16810705158715594,
    "lr": 0.3632530084552647,
    "input_scaling": 1.0,
    "ridge": 1.2748390933572839e-06,
    "seed": 1234
  }
}