{
  "returned_dict": {
    "loss": 0.15884723656993283,
    "r2": 0.31551483741162695,
    "status": "ok",
    "start_time": 1768138540.9206212,
    "duration": 25.40871286392212
  },
  "current_params": {
    "N": 750,
    "sr": 0.46891751739810106,
    "lr": 0.22474737466287847,
    "input_scaling": 1.0,
    "ridge": 0.009524054303075397,
    "seed": 1234
  }
}