{
  "returned_dict": {
    "loss": 0.15850173633301812,
    "r2": 0.10782160741119813,
    "status": "ok",
    "start_time": 1768140593.1205251,
    "duration": 27.037288904190063
  },
  "current_params": {
    "N": 750,
    "sr": 1.4003009674078484,
    "lr": 0.16479802845263086,
    "input_scaling": 1.0,
    "ridge": 1.511888501313396e-07,
    "seed": 1234
  }
}