{
  "returned_dict": {
    "loss": 0.15480761214646693,
    "r2": 0.3583566003985827,
    "status": "ok",
    "start_time": 1768138968.433434,
    "duration": 23.581788063049316
  },
  "current_params": {
    "N": 750,
    "sr": 2.0224731671056975,
    "lr": 0.35978789760884294,
    "input_scaling": 1.0,
    "ridge": 0.0003492394906355361,
    "seed": 1234
  }
}