{
  "returned_dict": {
    "loss": 0.15583481816808065,
    "r2": 0.26475297409604215,
    "status": "ok",
    "start_time": 1768138717.305484,
    "duration": 25.93865394592285
  },
  "current_params": {
    "N": 750,
    "sr": 0.37261372356279315,
    "lr": 0.002018439370613351,
    "input_scaling": 1.0,
    "ridge": 0.31704943537280117,
    "seed": 1234
  }
}