{
  "returned_dict": {
    "loss": 0.15007037082646393,
    "r2": 0.017935556957212495,
    "status": "ok",
    "start_time": 1768162711.589613,
    "duration": 12.443387985229492
  },
  "current_params": {
    "N": 500,
    "sr": 3.030541765030233,
    "lr": 0.3712308593750513,
    "input_scaling": 1.0,
    "ridge": 2.2405475168086034e-05,
    "seed": 1234
  }
}