{
  "returned_dict": {
    "loss": 0.1523067773026767,
    "r2": 0.357137734995645,
    "status": "ok",
    "start_time": 1768138893.675317,
    "duration": 23.250216960906982
  },
  "current_params": {
    "N": 750,
    "sr": 0.9063567418648888,
    "lr": 0.008884693605567399,
    "input_scaling": 1.0,
    "ridge": 0.12214902306266232,
    "seed": 1234
  }
}