{
  "returned_dict": {
    "loss": 0.15189844513234665,
    "r2": -0.14748063119195992,
    "status": "ok",
    "start_time": 1768163019.954344,
    "duration": 5.84396505355835
  },
  "current_params": {
    "N": 250,
    "sr": 0.011010546189317025,
    "lr": 0.004886164566862709,
    "input_scaling": 1.0,
    "ridge": 1.5360309271896526e-07,
    "seed": 1234
  }
}