{
  "returned_dict": {
    "loss": 0.15965875897742424,
    "r2": 0.1808457114130661,
    "status": "ok",
    "start_time": 1768138893.16517,
    "duration": 22.843050956726074
  },
  "current_params": {
    "N": 750,
    "sr": 0.4980990360893518,
    "lr": 0.12764580405194145,
    "input_scaling": 1.0,
    "ridge": 0.006784788901881267,
    "seed": 1234
  }
}