{
  "returned_dict": {
    "loss": 0.15405922212555617,
    "r2": -1.108549589920869,
    "status": "ok",
    "start_time": 1768162997.3088489,
    "duration": 5.512933254241943
  },
  "current_params": {
    "N": 150,
    "sr": 0.0304659929394974,
    "lr": 0.03185182531874325,
    "input_scaling": 1.0,
    "ridge": 2.3485992854770413e-07,
    "seed": 1234
  }
}