{
  "returned_dict": {
    "loss": 0.15480912467915675,
    "r2": -0.024744364553292587,
    "status": "ok",
    "start_time": 1768140790.5621161,
    "duration": 12.720319986343384
  },
  "current_params": {
    "N": 500,
    "sr": 0.3760667257505617,
    "lr": 0.003099230752769932,
    "input_scaling": 1.0,
    "ridge": 3.1128759267818813e-07,
    "seed": 1234
  }
}