{
  "returned_dict": {
    "loss": 0.16116572889663547,
    "r2": -0.0038621861081281185,
    "status": "ok",
    "start_time": 1768163072.8098612,
    "duration": 12.382976055145264
  },
  "current_params": {
    "N": 500,
    "sr": 0.88654230737436,
    "lr": 0.6634118566842103,
    "input_scaling": 1.0,
    "ridge": 2.167459091022627e-07,
    "seed": 1234
  }
}