{
  "returned_dict": {
    "loss": 0.16938545747362688,
    "r2": -0.17598941611836305,
    "status": "ok",
    "start_time": 1768163000.6435032,
    "duration": 4.514505863189697
  },
  "current_params": {
    "N": 150,
    "sr": 0.22288688076120713,
    "lr": 0.006557294446812523,
    "input_scaling": 1.0,
    "ridge": 7.370868434565099e-08,
    "seed": 1234
  }
}