{
  "returned_dict": {
    "loss": 0.1628446645182384,
    "r2": 0.3016872288270361,
    "status": "ok",
    "start_time": 1768138764.374835,
    "duration": 24.17434787750244
  },
  "current_params": {
    "N": 750,
    "sr": 6.4242061394285646,
    "lr": 0.0025835911613036745,
    "input_scaling": 1.0,
    "ridge": 4.2650312065835365,
    "seed": 1234
  }
}