{
  "returned_dict": {
    "loss": 0.16902514781175132,
    "r2": -0.09177160005730789,
    "status": "ok",
    "start_time": 1768140900.676409,
    "duration": 11.40845799446106
  },
  "current_params": {
    "N": 500,
    "sr": 0.07138757432463265,
    "lr": 0.4908970206830541,
    "input_scaling": 1.0,
    "ridge": 1.3057921454526102e-06,
    "seed": 1234
  }
}