{
  "returned_dict": {
    "loss": 0.16801948840810593,
    "r2": -1.9526492278211982,
    "status": "ok",
    "start_time": 1768164291.701,
    "duration": 4.670589923858643
  },
  "current_params": {
    "N": 150,
    "sr": 0.028896064442928984,
    "lr": 0.0634630914437396,
    "input_scaling": 1.0,
    "ridge": 1.1941338317488496e-07,
    "seed": 1234
  }
}