{
  "returned_dict": {
    "loss": 0.16640038026931175,
    "r2": -0.3848837635429631,
    "status": "ok",
    "start_time": 1768162726.827563,
    "duration": 12.48393177986145
  },
  "current_params": {
    "N": 500,
    "sr": 3.5548632315005406,
    "lr": 0.010514106862976217,
    "input_scaling": 1.0,
    "ridge": 0.0003085692371092611,
    "seed": 1234
  }
}