{
  "returned_dict": {
    "loss": 0.16877491170073472,
    "r2": 0.09504049549051348,
    "status": "ok",
    "start_time": 1768138641.8309069,
    "duration": 26.061738967895508
  },
  "current_params": {
    "N": 750,
    "sr": 0.038842215832221166,
    "lr": 0.00853043186918116,
    "input_scaling": 1.0,
    "ridge": 0.0992301263103312,
    "seed": 1234
  }
}