{
  "returned_dict": {
    "loss": 0.16809583936440275,
    "r2": -0.32551215710792836,
    "status": "ok",
    "start_time": 1768140801.061594,
    "duration": 11.869116067886353
  },
  "current_params": {
    "N": 500,
    "sr": 0.2558472790408131,
    "lr": 0.002831515357210323,
    "input_scaling": 1.0,
    "ridge": 4.2495199268804934e-07,
    "seed": 1234
  }
}