{
  "returned_dict": {
    "loss": 0.16720142046639602,
    "r2": -0.8194603491975865,
    "status": "ok",
    "start_time": 1768164246.309101,
    "duration": 5.445185899734497
  },
  "current_params": {
    "N": 250,
    "sr": 0.014318106861362007,
    "lr": 0.5950118390634017,
    "input_scaling": 1.0,
    "ridge": 7.798629248613347e-08,
    "seed": 1234
  }
}