{
  "returned_dict": {
    "loss": 0.16218102279406515,
    "r2": -0.0814216759935095,
    "status": "ok",
    "start_time": 1768139206.432825,
    "duration": 24.6617648601532
  },
  "current_params": {
    "N": 750,
    "sr": 0.06128886062256174,
    "lr": 0.646307880869159,
    "input_scaling": 1.0,
    "ridge": 1.4748069483281698e-06,
    "seed": 1234
  }
}