{
  "returned_dict": {
    "loss": 0.1618319612056983,
    "r2": -0.16357247370975822,
    "status": "ok",
    "start_time": 1768162626.7935412,
    "duration": 12.308879852294922
  },
  "current_params": {
    "N": 500,
    "sr": 0.777763896248608,
    "lr": 0.012174127103076257,
    "input_scaling": 1.0,
    "ridge": 6.149634065936867e-08,
    "seed": 1234
  }
}