{
  "returned_dict": {
    "loss": 0.1696830225358647,
    "r2": -0.2865578346398017,
    "status": "ok",
    "start_time": 1768162984.561196,
    "duration": 14.72671890258789
  },
  "current_params": {
    "N": 500,
    "sr": 0.024533782794538352,
    "lr": 0.026737129446658965,
    "input_scaling": 1.0,
    "ridge": 1.1020064627542845e-06,
    "seed": 1234
  }
}