{
  "returned_dict": {
    "loss": 0.1608514266279557,
    "r2": -0.5057816593570517,
    "status": "ok",
    "start_time": 1768140723.25357,
    "duration": 25.95590877532959
  },
  "current_params": {
    "N": 750,
    "sr": 0.6573180117712061,
    "lr": 0.25377301099593236,
    "input_scaling": 1.0,
    "ridge": 1.4027342000428403e-06,
    "seed": 1234
  }
}