{
  "returned_dict": {
    "loss": 0.16915145115490982,
    "r2": -0.5040322206635417,
    "status": "ok",
    "start_time": 1768162734.721259,
    "duration": 12.50420093536377
  },
  "current_params": {
    "N": 500,
    "sr": 0.10951625490482847,
    "lr": 0.0023529317204117814,
    "input_scaling": 1.0,
    "ridge": 2.33626790375278e-08,
    "seed": 1234
  }
}