{
  "returned_dict": {
    "loss": 0.1754101041149206,
    "r2": -0.5107596419646581,
    "status": "ok",
    "start_time": 1768140527.176664,
    "duration": 5.428725004196167
  },
  "current_params": {
    "N": 250,
    "sr": 0.0304659929394974,
    "lr": 0.03185182531874325,
    "input_scaling": 1.0,
    "ridge": 2.3485992854770413e-07,
    "seed": 1234
  }
}