{
  "returned_dict": {
    "loss": 0.17959218902394056,
    "r2": -2.585150358317459,
    "status": "ok",
    "start_time": 1768164222.4366899,
    "duration": 4.8343422412872314
  },
  "current_params": {
    "N": 150,
    "sr": 0.058599683678908006,
    "lr": 0.6428811769449215,
    "input_scaling": 1.0,
    "ridge": 3.03019347190808e-07,
    "seed": 1234
  }
}