{
  "returned_dict": {
    "loss": 0.1706169617725469,
    "r2": -0.05767327050476423,
    "status": "ok",
    "start_time": 1768164300.545664,
    "duration": 5.309639930725098
  },
  "current_params": {
    "N": 250,
    "sr": 0.2558472790408131,
    "lr": 0.002831515357210323,
    "input_scaling": 1.0,
    "ridge": 4.2495199268804934e-07,
    "seed": 1234
  }
}