{
  "returned_dict": {
    "loss": 0.18444458319269452,
    "r2": -0.6729231083237621,
    "status": "ok",
    "start_time": 1768164202.998385,
    "duration": 6.082633972167969
  },
  "current_params": {
    "N": 250,
    "sr": 0.16563823126217705,
    "lr": 0.2767331292218319,
    "input_scaling": 1.0,
    "ridge": 3.182411089750538e-07,
    "seed": 1234
  }
}