{
  "returned_dict": {
    "loss": 0.18353305128738678,
    "r2": -0.17772380770866592,
    "status": "ok",
    "start_time": 1768138767.660029,
    "duration": 24.305853128433228
  },
  "current_params": {
    "N": 750,
    "sr": 0.25000889404949733,
    "lr": 0.036973905469964256,
    "input_scaling": 1.0,
    "ridge": 0.07504305572850614,
    "seed": 1234
  }
}