{
  "returned_dict": {
    "loss": 0.1861385542441933,
    "r2": -0.3498707955400687,
    "status": "ok",
    "start_time": 1768164272.449858,
    "duration": 4.746902227401733
  },
  "current_params": {
    "N": 150,
    "sr": 0.01283772686709295,
    "lr": 0.0010382202668538514,
    "input_scaling": 1.0,
    "ridge": 2.916898070094188e-08,
    "seed": 1234
  }
}