{
  "returned_dict": {
    "loss": 0.18909404404367766,
    "r2": -1.4426369379128077,
    "status": "ok",
    "start_time": 1768163031.7323022,
    "duration": 6.010246753692627
  },
  "current_params": {
    "N": 250,
    "sr": 0.0270156734971212,
    "lr": 0.579310523085451,
    "input_scaling": 1.0,
    "ridge": 3.088769531389825e-07,
    "seed": 1234
  }
}