{
  "returned_dict": {
    "loss": 0.18684279410282492,
    "r2": -0.3169632731355465,
    "status": "ok",
    "start_time": 1768139478.577494,
    "duration": 24.9440860748291
  },
  "current_params": {
    "N": 750,
    "sr": 0.06947592031783373,
    "lr": 0.010055186299925807,
    "input_scaling": 1.0,
    "ridge": 3.605371378431569e-07,
    "seed": 1234
  }
}