{
  "returned_dict": {
    "loss": 0.1832810207784544,
    "r2": 0.033442460006866015,
    "status": "ok",
    "start_time": 1768138815.80026,
    "duration": 26.61256194114685
  },
  "current_params": {
    "N": 750,
    "sr": 0.8920209342713336,
    "lr": 0.0018677647765493754,
    "input_scaling": 1.0,
    "ridge": 1.1838606626950674,
    "seed": 1234
  }
}