{
  "returned_dict": {
    "loss": 0.18920213944728032,
    "r2": -0.3043336212031701,
    "status": "ok",
    "start_time": 1768139156.0191271,
    "duration": 24.163563013076782
  },
  "current_params": {
    "N": 750,
    "sr": 0.0976300781606285,
    "lr": 0.0027137670596893487,
    "input_scaling": 1.0,
    "ridge": 8.523671612468386e-08,
    "seed": 1234
  }
}