{
  "returned_dict": {
    "loss": 0.18424172093570595,
    "r2": -0.24092810603660783,
    "status": "ok",
    "start_time": 1768140715.2816079,
    "duration": 26.60340929031372
  },
  "current_params": {
    "N": 750,
    "sr": 3.241079910975608,
    "lr": 0.0020857324386248078,
    "input_scaling": 1.0,
    "ridge": 9.816181373943152,
    "seed": 1234
  }
}