{
  "returned_dict": {
    "loss": 0.1854911476347314,
    "r2": -0.48369744787610236,
    "status": "ok",
    "start_time": 1768140887.076633,
    "duration": 12.012547969818115
  },
  "current_params": {
    "N": 500,
    "sr": 2.6442031479688675,
    "lr": 0.9913570746384139,
    "input_scaling": 1.0,
    "ridge": 4.647918595124648e-06,
    "seed": 1234
  }
}