{
  "returned_dict": {
    "loss": 0.19388714070329938,
    "r2": -0.4444123016187649,
    "status": "ok",
    "start_time": 1768139079.6653519,
    "duration": 26.734024047851562
  },
  "current_params": {
    "N": 750,
    "sr": 0.1292346937795108,
    "lr": 0.025625210040238214,
    "input_scaling": 1.0,
    "ridge": 5.072735659008742e-07,
    "seed": 1234
  }
}