{
  "returned_dict": {
    "loss": 0.19615140752874793,
    "r2": -0.33410197700211736,
    "status": "ok",
    "start_time": 1768140851.046984,
    "duration": 42.62369990348816
  },
  "current_params": {
    "N": 1000,
    "sr": 8.585210285849461,
    "lr": 0.017168328186110398,
    "input_scaling": 1.0,
    "ridge": 0.13903987063812404,
    "seed": 1234
  }
}