{
  "returned_dict": {
    "loss": 0.1987951140273897,
    "r2": -0.39234855619713915,
    "status": "ok",
    "start_time": 1768139080.54606,
    "duration": 24.829543828964233
  },
  "current_params": {
    "N": 750,
    "sr": 2.595930568326185,
    "lr": 0.01453567275679802,
    "input_scaling": 1.0,
    "ridge": 3.935074286228142e-06,
    "seed": 1234
  }
}