{
  "returned_dict": {
    "loss": 0.1993054750401656,
    "r2": -0.5180618724379243,
    "status": "ok",
    "start_time": 1768163024.537767,
    "duration": 4.446041107177734
  },
  "current_params": {
    "N": 150,
    "sr": 0.7978575058857071,
    "lr": 0.002078223307878056,
    "input_scaling": 1.0,
    "ridge": 1.8325522812976814e-07,
    "seed": 1234
  }
}