{
  "returned_dict": {
    "loss": 0.1992792183114943,
    "r2": -0.5350893389074406,
    "status": "ok",
    "start_time": 1768164272.291958,
    "duration": 12.691475868225098
  },
  "current_params": {
    "N": 500,
    "sr": 0.0122179546727092,
    "lr": 0.005278179725185935,
    "input_scaling": 1.0,
    "ridge": 1.9372999912277716e-07,
    "seed": 1234
  }
}