{
  "returned_dict": {
    "loss": 0.19814957376705555,
    "r2": -0.460086418639473,
    "status": "ok",
    "start_time": 1768139130.869107,
    "duration": 25.131632089614868
  },
  "current_params": {
    "N": 750,
    "sr": 0.1217412710307626,
    "lr": 0.0018321024604076933,
    "input_scaling": 1.0,
    "ridge": 1.1535943467157484e-07,
    "seed": 1234
  }
}