{
  "returned_dict": {
    "loss": 0.20425918420276096,
    "r2": -1.3397648843899346,
    "status": "ok",
    "start_time": 1768140785.066793,
    "duration": 5.490940093994141
  },
  "current_params": {
    "N": 250,
    "sr": 0.028896064442928984,
    "lr": 0.0634630914437396,
    "input_scaling": 1.0,
    "ridge": 1.1941338317488496e-07,
    "seed": 1234
  }
}