{
  "returned_dict": {
    "loss": 0.2073413426628481,
    "r2": -0.6808704224116696,
    "status": "ok",
    "start_time": 1768139356.059263,
    "duration": 24.84359097480774
  },
  "current_params": {
    "N": 750,
    "sr": 0.12375878964020982,
    "lr": 0.008776471373427465,
    "input_scaling": 1.0,
    "ridge": 2.6212282364471933e-07,
    "seed": 1234
  }
}