{
  "returned_dict": {
    "loss": 0.2073503735738682,
    "r2": -0.6810649517538218,
    "status": "ok",
    "start_time": 1768140689.834553,
    "duration": 25.447787046432495
  },
  "current_params": {
    "N": 750,
    "sr": 0.12375878964020982,
    "lr": 0.008776471373427465,
    "input_scaling": 1.0,
    "ridge": 2.6212282364471933e-07,
    "seed": 1234
  }
}