{
  "returned_dict": {
    "loss": 0.20866049597730832,
    "r2": -1.6403322290176767,
    "status": "ok",
    "start_time": 1768139355.623225,
    "duration": 24.749428033828735
  },
  "current_params": {
    "N": 750,
    "sr": 4.9556387715275,
    "lr": 0.19390831889026183,
    "input_scaling": 1.0,
    "ridge": 2.721538410934082e-06,
    "seed": 1234
  }
}