{
  "returned_dict": {
    "loss": 0.2090027763565793,
    "r2": -0.6589414147199044,
    "status": "ok",
    "start_time": 1768140590.7180102,
    "duration": 11.807885646820068
  },
  "current_params": {
    "N": 500,
    "sr": 0.011010546189317025,
    "lr": 0.004886164566862709,
    "input_scaling": 1.0,
    "ridge": 1.5360309271896526e-07,
    "seed": 1234
  }
}