{
  "returned_dict": {
    "loss": 0.2064316785277987,
    "r2": -0.7265120560303683,
    "status": "ok",
    "start_time": 1768164260.448761,
    "duration": 12.319329023361206
  },
  "current_params": {
    "N": 500,
    "sr": 0.02286655633458983,
    "lr": 0.002245487788978302,
    "input_scaling": 1.0,
    "ridge": 6.157169468792704e-08,
    "seed": 1234
  }
}