{
  "returned_dict": {
    "loss": 0.2089855772112633,
    "r2": -0.2901248923435739,
    "status": "ok",
    "start_time": 1768138765.587708,
    "duration": 24.516456127166748
  },
  "current_params": {
    "N": 750,
    "sr": 2.428535839073439,
    "lr": 0.6887810473245756,
    "input_scaling": 1.0,
    "ridge": 1.9074369202125263e-06,
    "seed": 1234
  }
}