{
  "returned_dict": {
    "loss": 0.2044564311451286,
    "r2": -2.7708557375895984,
    "status": "ok",
    "start_time": 1768164333.203933,
    "duration": 5.133064031600952
  },
  "current_params": {
    "N": 250,
    "sr": 0.07138757432463265,
    "lr": 0.4908970206830541,
    "input_scaling": 1.0,
    "ridge": 1.3057921454526102e-06,
    "seed": 1234
  }
}