{
  "returned_dict": {
    "loss": 0.21939229850611125,
    "r2": -1.195583521929024,
    "status": "ok",
    "start_time": 1768163053.893621,
    "duration": 5.986968040466309
  },
  "current_params": {
    "N": 250,
    "sr": 0.12375878964020982,
    "lr": 0.008776471373427465,
    "input_scaling": 1.0,
    "ridge": 2.6212282364471933e-07,
    "seed": 1234
  }
}