{
  "returned_dict": {
    "loss": 0.2197297119602455,
    "r2": -1.0375539782137981,
    "status": "ok",
    "start_time": 1768140568.209779,
    "duration": 14.519857168197632
  },
  "current_params": {
    "N": 500,
    "sr": 0.058599683678908006,
    "lr": 0.6428811769449215,
    "input_scaling": 1.0,
    "ridge": 3.03019347190808e-07,
    "seed": 1234
  }
}