{
  "returned_dict": {
    "loss": 0.21180282615763027,
    "r2": -0.5676932271523552,
    "status": "ok",
    "start_time": 1768138896.39236,
    "duration": 24.04959726333618
  },
  "current_params": {
    "N": 750,
    "sr": 0.12077359762994741,
    "lr": 0.03453168207571195,
    "input_scaling": 1.0,
    "ridge": 0.04269246158779031,
    "seed": 1234
  }
}