{
  "returned_dict": {
    "loss": 0.21718281204890735,
    "r2": -0.5397522155757706,
    "status": "ok",
    "start_time": 1768138943.8506298,
    "duration": 24.83326005935669
  },
  "current_params": {
    "N": 750,
    "sr": 0.15056296115261503,
    "lr": 0.0017383925452797498,
    "input_scaling": 1.0,
    "ridge": 0.062801722442221,
    "seed": 1234
  }
}