{
  "returned_dict": {
    "loss": 0.2122707808975358,
    "r2": -1.240867894530273,
    "status": "ok",
    "start_time": 1768163033.2791731,
    "duration": 4.670208692550659
  },
  "current_params": {
    "N": 150,
    "sr": 0.02889616347437487,
    "lr": 0.0022205992612427225,
    "input_scaling": 1.0,
    "ridge": 1.550001601976941e-08,
    "seed": 1234
  }
}