{
  "returned_dict": {
    "loss": 0.21554032466278747,
    "r2": -1.0161621193013506,
    "status": "ok",
    "start_time": 1768162628.9927318,
    "duration": 11.834388971328735
  },
  "current_params": {
    "N": 500,
    "sr": 5.102784053150138,
    "lr": 0.023298548724579104,
    "input_scaling": 1.0,
    "ridge": 6.626287623931756e-07,
    "seed": 1234
  }
}