{
  "returned_dict": {
    "loss": 0.22480573691505165,
    "r2": -1.0005077018639295,
    "status": "ok",
    "start_time": 1768140741.892701,
    "duration": 5.958868026733398
  },
  "current_params": {
    "N": 250,
    "sr": 0.8113813599259383,
    "lr": 0.052148215297897024,
    "input_scaling": 1.0,
    "ridge": 2.0238219039082883e-07,
    "seed": 1234
  }
}