{
  "returned_dict": {
    "loss": 0.2219894698742911,
    "r2": -0.9414830983445904,
    "status": "ok",
    "start_time": 1768164289.672472,
    "duration": 5.772777080535889
  },
  "current_params": {
    "N": 250,
    "sr": 0.3036861176551762,
    "lr": 0.002226230728574318,
    "input_scaling": 1.0,
    "ridge": 4.4517659527720593e-08,
    "seed": 1234
  }
}