{
  "returned_dict": {
    "loss": 0.22119991837633454,
    "r2": -0.8408976016710762,
    "status": "ok",
    "start_time": 1768163016.2939148,
    "duration": 4.809951305389404
  },
  "current_params": {
    "N": 150,
    "sr": 3.114139164343731,
    "lr": 0.0028830551485457827,
    "input_scaling": 1.0,
    "ridge": 4.1059605600132664e-07,
    "seed": 1234
  }
}