{
  "returned_dict": {
    "loss": 0.2218564445944414,
    "r2": -1.144376365490055,
    "status": "ok",
    "start_time": 1768140621.7451808,
    "duration": 6.72689414024353
  },
  "current_params": {
    "N": 250,
    "sr": 0.02889616347437487,
    "lr": 0.0022205992612427225,
    "input_scaling": 1.0,
    "ridge": 1.550001601976941e-08,
    "seed": 1234
  }
}