{
  "returned_dict": {
    "loss": 0.22840351066861625,
    "r2": -0.8074961265027845,
    "status": "ok",
    "start_time": 1768140721.837538,
    "duration": 12.528425931930542
  },
  "current_params": {
    "N": 500,
    "sr": 0.01283772686709295,
    "lr": 0.0010382202668538514,
    "input_scaling": 1.0,
    "ridge": 2.916898070094188e-08,
    "seed": 1234
  }
}