{
  "returned_dict": {
    "loss": 0.2252226196182788,
    "r2": -0.5988781368120772,
    "status": "ok",
    "start_time": 1768138514.768461,
    "duration": 24.034713983535767
  },
  "current_params": {
    "N": 750,
    "sr": 0.010521721669668518,
    "lr": 0.22949494952928903,
    "input_scaling": 1.0,
    "ridge": 0.009630696777835738,
    "seed": 1234
  }
}