{
  "returned_dict": {
    "loss": 0.22795178630463503,
    "r2": -1.1669396009589683,
    "status": "ok",
    "start_time": 1768139407.280051,
    "duration": 25.438323974609375
  },
  "current_params": {
    "N": 750,
    "sr": 0.02921722582632424,
    "lr": 0.15990545364669,
    "input_scaling": 1.0,
    "ridge": 5.462273198545746e-07,
    "seed": 1234
  }
}