{
  "returned_dict": {
    "loss": 0.22412229419700475,
    "r2": -2.0139605663989855,
    "status": "ok",
    "start_time": 1768164241.485881,
    "duration": 4.817095994949341
  },
  "current_params": {
    "N": 150,
    "sr": 0.014661764094400388,
    "lr": 0.003341368797968041,
    "input_scaling": 1.0,
    "ridge": 3.022994754874629e-08,
    "seed": 1234
  }
}