{
  "returned_dict": {
    "loss": 0.22089208700934213,
    "r2": -0.6419750052699874,
    "status": "ok",
    "start_time": 1768138614.785229,
    "duration": 25.654198169708252
  },
  "current_params": {
    "N": 750,
    "sr": 0.06977524201596251,
    "lr": 0.0951191375975513,
    "input_scaling": 1.0,
    "ridge": 0.03491013502544591,
    "seed": 1234
  }
}