{
  "returned_dict": {
    "loss": 0.22082229821181842,
    "r2": -0.7689308806251584,
    "status": "ok",
    "start_time": 1768140745.640219,
    "duration": 12.109856843948364
  },
  "current_params": {
    "N": 500,
    "sr": 0.16296831387807947,
    "lr": 0.026454903911797403,
    "input_scaling": 1.0,
    "ridge": 1.1829264313149856e-07,
    "seed": 1234
  }
}