{
  "returned_dict": {
    "loss": 0.22938753485711993,
    "r2": -1.2629496358925223,
    "status": "ok",
    "start_time": 1768164282.988728,
    "duration": 5.863492965698242
  },
  "current_params": {
    "N": 250,
    "sr": 0.16296831387807947,
    "lr": 0.026454903911797403,
    "input_scaling": 1.0,
    "ridge": 1.1829264313149856e-07,
    "seed": 1234
  }
}