{
  "returned_dict": {
    "loss": 0.23041429212240877,
    "r2": -0.7092197701719357,
    "status": "ok",
    "start_time": 1768138640.130336,
    "duration": 25.958882093429565
  },
  "current_params": {
    "N": 750,
    "sr": 0.13212140597980881,
    "lr": 0.001920436732447285,
    "input_scaling": 1.0,
    "ridge": 0.0526146277550721,
    "seed": 1234
  }
}