{
  "returned_dict": {
    "loss": 0.23518845906746919,
    "r2": -2.3702617699918487,
    "status": "ok",
    "start_time": 1768163048.845232,
    "duration": 5.656722068786621
  },
  "current_params": {
    "N": 250,
    "sr": 0.0575638803116144,
    "lr": 0.058915244733192505,
    "input_scaling": 1.0,
    "ridge": 7.168739152398942e-08,
    "seed": 1234
  }
}