{
  "returned_dict": {
    "loss": 0.244071467029546,
    "r2": -1.2365063843953181,
    "status": "ok",
    "start_time": 1768139432.326498,
    "duration": 24.53399395942688
  },
  "current_params": {
    "N": 750,
    "sr": 0.26454903911797406,
    "lr": 0.0022785186022463346,
    "input_scaling": 1.0,
    "ridge": 1.610094953684224e-07,
    "seed": 1234
  }
}