{
  "returned_dict": {
    "loss": 0.2494672045340534,
    "r2": -1.2673081390696166,
    "status": "ok",
    "start_time": 1768139458.8769338,
    "duration": 24.857900142669678
  },
  "current_params": {
    "N": 750,
    "sr": 3.2519741673268676,
    "lr": 0.030368611765517615,
    "input_scaling": 1.0,
    "ridge": 1.103342936438345e-07,
    "seed": 1234
  }
}