{
  "returned_dict": {
    "loss": 0.24437613618871898,
    "r2": -1.4339571878264448,
    "status": "ok",
    "start_time": 1768139331.977578,
    "duration": 24.63258123397827
  },
  "current_params": {
    "N": 750,
    "sr": 2.428535839073439,
    "lr": 0.6887810473245756,
    "input_scaling": 1.0,
    "ridge": 1.9074369202125263e-06,
    "seed": 1234
  }
}