{
  "returned_dict": {
    "loss": 0.24837126149075428,
    "r2": -1.2444501710728848,
    "status": "ok",
    "start_time": 1768163072.2382138,
    "duration": 4.637078046798706
  },
  "current_params": {
    "N": 150,
    "sr": 0.8113813599259383,
    "lr": 0.052148215297897024,
    "input_scaling": 1.0,
    "ridge": 2.0238219039082883e-07,
    "seed": 1234
  }
}