{
  "returned_dict": {
    "loss": 0.24916858982443543,
    "r2": -0.8578392169192256,
    "status": "ok",
    "start_time": 1768138639.010514,
    "duration": 25.824468851089478
  },
  "current_params": {
    "N": 750,
    "sr": 0.08867213299758853,
    "lr": 0.20703191359829184,
    "input_scaling": 1.0,
    "ridge": 0.00901470186995277,
    "seed": 1234
  }
}