{
  "returned_dict": {
    "loss": 0.2557363512286809,
    "r2": -1.5089154750849354,
    "status": "ok",
    "start_time": 1768140620.166181,
    "duration": 27.72642183303833
  },
  "current_params": {
    "N": 750,
    "sr": 0.0270156734971212,
    "lr": 0.579310523085451,
    "input_scaling": 1.0,
    "ridge": 3.088769531389825e-07,
    "seed": 1234
  }
}