{
  "returned_dict": {
    "loss": 0.2572966845409254,
    "r2": -0.7475388873827478,
    "status": "ok",
    "start_time": 1768138868.502155,
    "duration": 24.657464027404785
  },
  "current_params": {
    "N": 750,
    "sr": 8.711271284682779,
    "lr": 0.023751001515757215,
    "input_scaling": 1.0,
    "ridge": 0.11395372730872567,
    "seed": 1234
  }
}