{
  "returned_dict": {
    "loss": 0.2654439068502771,
    "r2": -1.5958408883114092,
    "status": "ok",
    "start_time": 1768164209.085056,
    "duration": 13.078159093856812
  },
  "current_params": {
    "N": 500,
    "sr": 5.102784053150138,
    "lr": 0.023298548724579104,
    "input_scaling": 1.0,
    "ridge": 6.626287623931756e-07,
    "seed": 1234
  }
}