{
  "returned_dict": {
    "loss": 0.26056165318468566,
    "r2": -0.9116693652027733,
    "status": "ok",
    "start_time": 1768138815.369421,
    "duration": 27.82819890975952
  },
  "current_params": {
    "N": 750,
    "sr": 0.020857324386248082,
    "lr": 0.9938347806483014,
    "input_scaling": 1.0,
    "ridge": 0.009798568317595433,
    "seed": 1234
  }
}