{
  "returned_dict": {
    "loss": 0.2601107378141978,
    "r2": -3.5048882531401633,
    "status": "ok",
    "start_time": 1768162738.659581,
    "duration": 4.839737176895142
  },
  "current_params": {
    "N": 150,
    "sr": 2.9359541690267354,
    "lr": 0.0012909582034248376,
    "input_scaling": 1.0,
    "ridge": 2.2611067775087426e-05,
    "seed": 1234
  }
}