{
  "returned_dict": {
    "loss": 0.267984468810949,
    "r2": -2.3133469707466197,
    "status": "ok",
    "start_time": 1768140895.8444102,
    "duration": 5.995375871658325
  },
  "current_params": {
    "N": 250,
    "sr": 0.015903767077838873,
    "lr": 0.004035869483307076,
    "input_scaling": 1.0,
    "ridge": 1.4421785404766833e-08,
    "seed": 1234
  }
}