{
  "returned_dict": {
    "loss": 0.26166556571632693,
    "r2": -2.0502603221500464,
    "status": "ok",
    "start_time": 1768139206.623839,
    "duration": 25.2778639793396
  },
  "current_params": {
    "N": 750,
    "sr": 0.023349296347413367,
    "lr": 0.311413916434373,
    "input_scaling": 1.0,
    "ridge": 2.396397454598891e-07,
    "seed": 1234
  }
}