{
  "returned_dict": {
    "loss": 0.260858163220835,
    "r2": -2.4731899893984166,
    "status": "ok",
    "start_time": 1768140715.290565,
    "duration": 12.491666078567505
  },
  "current_params": {
    "N": 500,
    "sr": 0.9932400161764057,
    "lr": 0.08920209342713334,
    "input_scaling": 1.0,
    "ridge": 6.515781958994774e-08,
    "seed": 1234
  }
}