{
  "returned_dict": {
    "loss": 0.2791771858884918,
    "r2": -1.9960127989339482,
    "status": "ok",
    "start_time": 1768139504.701314,
    "duration": 24.46513795852661
  },
  "current_params": {
    "N": 750,
    "sr": 0.2001414684788225,
    "lr": 0.025584727904081304,
    "input_scaling": 1.0,
    "ridge": 2.2701615532215427e-07,
    "seed": 1234
  }
}