{
  "returned_dict": {
    "loss": 0.27600230912954443,
    "r2": -1.0363353876541583,
    "status": "ok",
    "start_time": 1768138916.9462872,
    "duration": 27.739118814468384
  },
  "current_params": {
    "N": 750,
    "sr": 3.030541765030233,
    "lr": 0.3712308593750513,
    "input_scaling": 1.0,
    "ridge": 2.2405475168086034e-05,
    "seed": 1234
  }
}