{
  "returned_dict": {
    "loss": 0.27125158748470135,
    "r2": -1.9202862596188606,
    "status": "ok",
    "start_time": 1768140530.715429,
    "duration": 24.87959098815918
  },
  "current_params": {
    "N": 750,
    "sr": 0.777763896248608,
    "lr": 0.012174127103076257,
    "input_scaling": 1.0,
    "ridge": 6.149634065936867e-08,
    "seed": 1234
  }
}