{
  "returned_dict": {
    "loss": 0.2734827253551985,
    "r2": -1.7128576833288136,
    "status": "ok",
    "start_time": 1768140553.284953,
    "duration": 11.724632740020752
  },
  "current_params": {
    "N": 500,
    "sr": 0.27984033422355,
    "lr": 0.22294907855177515,
    "input_scaling": 1.0,
    "ridge": 5.5535412152211086e-08,
    "seed": 1234
  }
}