{
  "returned_dict": {
    "loss": 0.27771431749290454,
    "r2": -1.3207074735067785,
    "status": "ok",
    "start_time": 1768138948.333596,
    "duration": 22.749836921691895
  },
  "current_params": {
    "N": 750,
    "sr": 0.05382727102224969,
    "lr": 0.33944166911116286,
    "input_scaling": 1.0,
    "ridge": 0.005473918213903196,
    "seed": 1234
  }
}