{
  "returned_dict": {
    "loss": 0.275630533065272,
    "r2": -2.0485626681098053,
    "status": "ok",
    "start_time": 1768164207.427767,
    "duration": 11.777822017669678
  },
  "current_params": {
    "N": 500,
    "sr": 0.777763896248608,
    "lr": 0.012174127103076257,
    "input_scaling": 1.0,
    "ridge": 6.149634065936867e-08,
    "seed": 1234
  }
}