{
  "returned_dict": {
    "loss": 0.2851834006633923,
    "r2": -4.81420611401936,
    "status": "ok",
    "start_time": 1768163122.031717,
    "duration": 5.249611139297485
  },
  "current_params": {
    "N": 150,
    "sr": 0.015903767077838873,
    "lr": 0.004035869483307076,
    "input_scaling": 1.0,
    "ridge": 1.4421785404766833e-08,
    "seed": 1234
  }
}