{
  "returned_dict": {
    "loss": 0.2805514727940998,
    "r2": -1.9651705353610105,
    "status": "ok",
    "start_time": 1768164305.863921,
    "duration": 12.189470291137695
  },
  "current_params": {
    "N": 500,
    "sr": 3.5548632315005406,
    "lr": 0.010514106862976217,
    "input_scaling": 1.0,
    "ridge": 0.0003085692371092611,
    "seed": 1234
  }
}