{
  "returned_dict": {
    "loss": 0.2870619250901315,
    "r2": -3.216518948187962,
    "status": "ok",
    "start_time": 1768140740.1801448,
    "duration": 5.4318530559539795
  },
  "current_params": {
    "N": 250,
    "sr": 1.3450389325474623,
    "lr": 0.003306614297533709,
    "input_scaling": 1.0,
    "ridge": 6.69096953411494e-08,
    "seed": 1234
  }
}