{
  "returned_dict": {
    "loss": 0.28234560577263723,
    "r2": -1.9084588497103225,
    "status": "ok",
    "start_time": 1768164214.74471,
    "duration": 6.414724111557007
  },
  "current_params": {
    "N": 250,
    "sr": 0.27984033422355,
    "lr": 0.22294907855177515,
    "input_scaling": 1.0,
    "ridge": 5.5535412152211086e-08,
    "seed": 1234
  }
}