{
  "returned_dict": {
    "loss": 0.28209539485040797,
    "r2": -2.0965940914971632,
    "status": "ok",
    "start_time": 1768163104.96627,
    "duration": 12.448087930679321
  },
  "current_params": {
    "N": 500,
    "sr": 0.10951625490482847,
    "lr": 0.0023529317204117814,
    "input_scaling": 1.0,
    "ridge": 2.33626790375278e-08,
    "seed": 1234
  }
}