{
  "returned_dict": {
    "loss": 0.2887066945894403,
    "r2": -2.3994639376463676,
    "status": "ok",
    "start_time": 1768139278.7423759,
    "duration": 24.4449782371521
  },
  "current_params": {
    "N": 750,
    "sr": 0.014661764094400388,
    "lr": 0.003341368797968041,
    "input_scaling": 1.0,
    "ridge": 3.022994754874629e-08,
    "seed": 1234
  }
}