{
  "returned_dict": {
    "loss": 0.2853494565167723,
    "r2": -2.53970259819045,
    "status": "ok",
    "start_time": 1768140541.420445,
    "duration": 11.85348391532898
  },
  "current_params": {
    "N": 500,
    "sr": 0.5653194226354679,
    "lr": 0.0890307034139701,
    "input_scaling": 1.0,
    "ridge": 5.754384669328548e-08,
    "seed": 1234
  }
}