{
  "returned_dict": {
    "loss": 0.29223910405646614,
    "r2": -2.5587485924798967,
    "status": "ok",
    "start_time": 1768162703.189525,
    "duration": 11.831966161727905
  },
  "current_params": {
    "N": 500,
    "sr": 0.88654230737436,
    "lr": 0.6634118566842103,
    "input_scaling": 1.0,
    "ridge": 2.167459091022627e-07,
    "seed": 1234
  }
}