{
  "returned_dict": {
    "loss": 0.29132560693809284,
    "r2": -5.061349375996789,
    "status": "ok",
    "start_time": 1768163099.937977,
    "duration": 5.0206708908081055
  },
  "current_params": {
    "N": 150,
    "sr": 0.08367682964780482,
    "lr": 0.062435497219725716,
    "input_scaling": 1.0,
    "ridge": 1.1636707194432323e-08,
    "seed": 1234
  }
}