{
  "returned_dict": {
    "loss": 0.2970446912305884,
    "r2": -1.8722572551812522,
    "status": "ok",
    "start_time": 1768138540.985182,
    "duration": 23.40277075767517
  },
  "current_params": {
    "N": 750,
    "sr": 0.011698662699477454,
    "lr": 0.001862702864047193,
    "input_scaling": 1.0,
    "ridge": 0.03171276836241361,
    "seed": 1234
  }
}