{
  "returned_dict": {
    "loss": 0.3049627058675408,
    "r2": -2.4249607819712033,
    "status": "ok",
    "start_time": 1768138974.804756,
    "duration": 22.483072996139526
  },
  "current_params": {
    "N": 750,
    "sr": 0.010518247090683955,
    "lr": 0.006824428999850481,
    "input_scaling": 1.0,
    "ridge": 0.021247174821973646,
    "seed": 1234
  }
}