{
  "returned_dict": {
    "loss": 0.3039007577760173,
    "r2": -1.8572410049691974,
    "status": "ok",
    "start_time": 1768138612.9054232,
    "duration": 25.27165699005127
  },
  "current_params": {
    "N": 750,
    "sr": 3.0121442945455486,
    "lr": 0.4880702266127431,
    "input_scaling": 1.0,
    "ridge": 1.8291183260531816e-07,
    "seed": 1234
  }
}