{
  "returned_dict": {
    "loss": 0.30849291044812965,
    "r2": -5.231173345034154,
    "status": "ok",
    "start_time": 1768140564.542807,
    "duration": 5.533894777297974
  },
  "current_params": {
    "N": 250,
    "sr": 1.516993929398825,
    "lr": 0.20227512384830165,
    "input_scaling": 1.0,
    "ridge": 9.325422423099209e-08,
    "seed": 1234
  }
}