{
  "returned_dict": {
    "loss": 0.31277993568236,
    "r2": -3.9035151395465184,
    "status": "ok",
    "start_time": 1768139106.7512589,
    "duration": 24.998232126235962
  },
  "current_params": {
    "N": 750,
    "sr": 0.16563823126217705,
    "lr": 0.2767331292218319,
    "input_scaling": 1.0,
    "ridge": 3.182411089750538e-07,
    "seed": 1234
  }
}