{
  "returned_dict": {
    "loss": 0.3107548625585942,
    "r2": -5.6051425562814305,
    "status": "ok",
    "start_time": 1768140832.2789178,
    "duration": 5.591661214828491
  },
  "current_params": {
    "N": 250,
    "sr": 0.08367682964780482,
    "lr": 0.062435497219725716,
    "input_scaling": 1.0,
    "ridge": 1.1636707194432323e-08,
    "seed": 1234
  }
}