{
  "returned_dict": {
    "loss": 0.31812537898344706,
    "r2": -2.854039811358578,
    "status": "ok",
    "start_time": 1768163085.876951,
    "duration": 12.351738929748535
  },
  "current_params": {
    "N": 500,
    "sr": 0.836885231152995,
    "lr": 0.0010769187413020144,
    "input_scaling": 1.0,
    "ridge": 7.612353144368651e-07,
    "seed": 1234
  }
}