{
  "returned_dict": {
    "loss": 0.31281876482612025,
    "r2": -3.904742118496973,
    "status": "ok",
    "start_time": 1768140525.087733,
    "duration": 25.022389888763428
  },
  "current_params": {
    "N": 750,
    "sr": 0.16563823126217705,
    "lr": 0.2767331292218319,
    "input_scaling": 1.0,
    "ridge": 3.182411089750538e-07,
    "seed": 1234
  }
}