{
  "returned_dict": {
    "loss": 0.3131821166469598,
    "r2": -3.0107432414858812,
    "status": "ok",
    "start_time": 1768140628.480232,
    "duration": 13.712264060974121
  },
  "current_params": {
    "N": 500,
    "sr": 0.014661764094400388,
    "lr": 0.003341368797968041,
    "input_scaling": 1.0,
    "ridge": 3.022994754874629e-08,
    "seed": 1234
  }
}