{
  "returned_dict": {
    "loss": 0.311245121581733,
    "r2": -4.658967008943536,
    "status": "ok",
    "start_time": 1768164188.1820228,
    "duration": 8.057446241378784
  },
  "current_params": {
    "N": 250,
    "sr": 0.04805251969157461,
    "lr": 0.04610567249984423,
    "input_scaling": 1.0,
    "ridge": 3.7527990062557076e-08,
    "seed": 1234
  }
}