{
  "returned_dict": {
    "loss": 0.32147208139305794,
    "r2": -3.404783313055949,
    "status": "ok",
    "start_time": 1768162715.578621,
    "duration": 12.820558071136475
  },
  "current_params": {
    "N": 500,
    "sr": 0.836885231152995,
    "lr": 0.0010769187413020144,
    "input_scaling": 1.0,
    "ridge": 7.612353144368651e-07,
    "seed": 1234
  }
}