{
  "returned_dict": {
    "loss": 0.3200641539093775,
    "r2": -2.267695115924179,
    "status": "ok",
    "start_time": 1768138815.219294,
    "duration": 27.62873101234436
  },
  "current_params": {
    "N": 750,
    "sr": 4.341102825996459,
    "lr": 0.007107638212792855,
    "input_scaling": 1.0,
    "ridge": 0.34046244757170996,
    "seed": 1234
  }
}