{
  "returned_dict": {
    "loss": 0.33801496166985595,
    "r2": -3.058712251945324,
    "status": "ok",
    "start_time": 1768139331.3390489,
    "duration": 23.92360520362854
  },
  "current_params": {
    "N": 750,
    "sr": 6.4242061394285646,
    "lr": 0.0025835911613036745,
    "input_scaling": 1.0,
    "ridge": 4.2650312065835365,
    "seed": 1234
  }
}