{
  "returned_dict": {
    "loss": 0.33452636230242594,
    "r2": -4.649733027171548,
    "status": "ok",
    "start_time": 1768139506.445594,
    "duration": 25.61858892440796
  },
  "current_params": {
    "N": 750,
    "sr": 0.5745601736566623,
    "lr": 0.030190473715992715,
    "input_scaling": 1.0,
    "ridge": 5.7152865672238145e-08,
    "seed": 1234
  }
}