{
  "returned_dict": {
    "loss": 0.3393720913061505,
    "r2": -2.1635759249632263,
    "status": "ok",
    "start_time": 1768138514.9918048,
    "duration": 25.946673154830933
  },
  "current_params": {
    "N": 750,
    "sr": 1.3046563604508188,
    "lr": 0.21988069097489774,
    "input_scaling": 1.0,
    "ridge": 0.00013497147060606175,
    "seed": 1234
  }
}