{
  "returned_dict": {
    "loss": 0.3352526338105995,
    "r2": -3.3030696795323364,
    "status": "ok",
    "start_time": 1768140536.650641,
    "duration": 13.347557067871094
  },
  "current_params": {
    "N": 500,
    "sr": 0.22288688076120713,
    "lr": 0.006557294446812523,
    "input_scaling": 1.0,
    "ridge": 7.370868434565099e-08,
    "seed": 1234
  }
}