{
  "returned_dict": {
    "loss": 0.3441115482866722,
    "r2": -3.0561487334818462,
    "status": "ok",
    "start_time": 1768138741.0266821,
    "duration": 23.341463804244995
  },
  "current_params": {
    "N": 750,
    "sr": 0.09604763889847912,
    "lr": 0.01375283520958743,
    "input_scaling": 1.0,
    "ridge": 0.014848757308685633,
    "seed": 1234
  }
}