{
  "returned_dict": {
    "loss": 0.3453725323582419,
    "r2": -6.094620345833088,
    "status": "ok",
    "start_time": 1768139303.196075,
    "duration": 25.589622974395752
  },
  "current_params": {
    "N": 750,
    "sr": 2.1726464672820684,
    "lr": 0.0025331250242272784,
    "input_scaling": 1.0,
    "ridge": 0.0006677475811831541,
    "seed": 1234
  }
}