{
  "returned_dict": {
    "loss": 0.34663507255756104,
    "r2": -3.6685959603610376,
    "status": "ok",
    "start_time": 1768140734.379277,
    "duration": 12.473104000091553
  },
  "current_params": {
    "N": 500,
    "sr": 1.5990545364669002,
    "lr": 0.0037942371555530034,
    "input_scaling": 1.0,
    "ridge": 2.734190448730402e-06,
    "seed": 1234
  }
}