{
  "returned_dict": {
    "loss": 0.3539647263828235,
    "r2": -5.055606884543186,
    "status": "ok",
    "start_time": 1768162645.486124,
    "duration": 5.334177017211914
  },
  "current_params": {
    "N": 250,
    "sr": 4.204226666408188,
    "lr": 0.0038842215832221158,
    "input_scaling": 1.0,
    "ridge": 6.207447513438074e-06,
    "seed": 1234
  }
}