{
  "returned_dict": {
    "loss": 0.3517282975892563,
    "r2": -4.087539194245325,
    "status": "ok",
    "start_time": 1768162640.855726,
    "duration": 12.330379009246826
  },
  "current_params": {
    "N": 500,
    "sr": 7.222676861585461,
    "lr": 0.007460252286149048,
    "input_scaling": 1.0,
    "ridge": 0.0004320302566335819,
    "seed": 1234
  }
}