{
  "returned_dict": {
    "loss": 0.3658186731931006,
    "r2": -12.855170857184067,
    "status": "ok",
    "start_time": 1768162673.257214,
    "duration": 4.704101085662842
  },
  "current_params": {
    "N": 150,
    "sr": 3.820825512272091,
    "lr": 0.0024906259682102743,
    "input_scaling": 1.0,
    "ridge": 0.0033839011256011197,
    "seed": 1234
  }
}