{
  "returned_dict": {
    "loss": 0.36968984395682664,
    "r2": -4.567330848743049,
    "status": "ok",
    "start_time": 1768139282.9179678,
    "duration": 25.247626304626465
  },
  "current_params": {
    "N": 750,
    "sr": 0.014318106861362007,
    "lr": 0.5950118390634017,
    "input_scaling": 1.0,
    "ridge": 7.798629248613347e-08,
    "seed": 1234
  }
}