{
  "returned_dict": {
    "loss": 0.3627494493625919,
    "r2": -5.1692635174251365,
    "status": "ok",
    "start_time": 1768162750.846018,
    "duration": 10.367909908294678
  },
  "current_params": {
    "N": 500,
    "sr": 5.570526965201446,
    "lr": 0.03095635286094352,
    "input_scaling": 1.0,
    "ridge": 1.6192064301335815e-07,
    "seed": 1234
  }
}