{
  "returned_dict": {
    "loss": 0.3650309817639064,
    "r2": -2.7839011224947114,
    "status": "ok",
    "start_time": 1768138667.714766,
    "duration": 23.702208995819092
  },
  "current_params": {
    "N": 750,
    "sr": 0.1808601796729088,
    "lr": 0.7919463042311113,
    "input_scaling": 1.0,
    "ridge": 0.00231410456523431,
    "seed": 1234
  }
}