{
  "returned_dict": {
    "loss": 0.3794617777422541,
    "r2": -4.004828216977244,
    "status": "ok",
    "start_time": 1768139380.908122,
    "duration": 24.940443992614746
  },
  "current_params": {
    "N": 750,
    "sr": 4.341102825996459,
    "lr": 0.007107638212792855,
    "input_scaling": 1.0,
    "ridge": 0.34046244757170996,
    "seed": 1234
  }
}