{
  "returned_dict": {
    "loss": 0.37643747092392227,
    "r2": -3.520369077515247,
    "status": "ok",
    "start_time": 1768138591.958499,
    "duration": 24.913634061813354
  },
  "current_params": {
    "N": 750,
    "sr": 0.29656574289180465,
    "lr": 0.6508476857182398,
    "input_scaling": 1.0,
    "ridge": 0.0013981458288573197,
    "seed": 1234
  }
}