{
  "returned_dict": {
    "loss": 0.37320906971455414,
    "r2": -6.250574407925535,
    "status": "ok",
    "start_time": 1768140638.682556,
    "duration": 14.065960168838501
  },
  "current_params": {
    "N": 500,
    "sr": 0.014318106861362007,
    "lr": 0.5950118390634017,
    "input_scaling": 1.0,
    "ridge": 7.798629248613347e-08,
    "seed": 1234
  }
}