{
  "returned_dict": {
    "loss": 0.37012540408803385,
    "r2": -3.082609147629033,
    "status": "ok",
    "start_time": 1768138761.309462,
    "duration": 24.57821488380432
  },
  "current_params": {
    "N": 750,
    "sr": 1.6020626182814177,
    "lr": 0.004047750912645032,
    "input_scaling": 1.0,
    "ridge": 0.017913611834614887,
    "seed": 1234
  }
}