{
  "returned_dict": {
    "loss": 0.3701266057892794,
    "r2": -3.7247357746005756,
    "status": "ok",
    "start_time": 1768140772.10096,
    "duration": 25.227329969406128
  },
  "current_params": {
    "N": 750,
    "sr": 0.3036861176551762,
    "lr": 0.002226230728574318,
    "input_scaling": 1.0,
    "ridge": 4.4517659527720593e-08,
    "seed": 1234
  }
}