{
  "returned_dict": {
    "loss": 0.3886721216905854,
    "r2": -6.675952605077941,
    "status": "ok",
    "start_time": 1768163004.59339,
    "duration": 4.541689872741699
  },
  "current_params": {
    "N": 150,
    "sr": 0.5653194226354679,
    "lr": 0.0890307034139701,
    "input_scaling": 1.0,
    "ridge": 5.754384669328548e-08,
    "seed": 1234
  }
}