{
  "returned_dict": {
    "loss": 0.3932434024225896,
    "r2": -6.146380359474202,
    "status": "ok",
    "start_time": 1768140701.647336,
    "duration": 43.35935878753662
  },
  "current_params": {
    "N": 1000,
    "sr": 3.5612383175670117,
    "lr": 0.08151201928329072,
    "input_scaling": 1.0,
    "ridge": 1.2511088754474102e-07,
    "seed": 1234
  }
}