{
  "returned_dict": {
    "loss": 0.3965677804671911,
    "r2": -4.953118297903063,
    "status": "ok",
    "start_time": 1768139155.542135,
    "duration": 24.43539309501648
  },
  "current_params": {
    "N": 750,
    "sr": 0.5653194226354679,
    "lr": 0.0890307034139701,
    "input_scaling": 1.0,
    "ridge": 5.754384669328548e-08,
    "seed": 1234
  }
}