{
  "returned_dict": {
    "loss": 0.39207127986295365,
    "r2": -3.9104302583446633,
    "status": "ok",
    "start_time": 1768138484.260042,
    "duration": 28.207556009292603
  },
  "current_params": {
    "N": 750,
    "sr": 0.854270403311532,
    "lr": 0.2939576994059532,
    "input_scaling": 1.0,
    "ridge": 9.788762452377097e-05,
    "seed": 1234
  }
}