{
  "returned_dict": {
    "loss": 0.39046550583949907,
    "r2": -5.130022585343868,
    "status": "ok",
    "start_time": 1768139258.035819,
    "duration": 24.28372287750244
  },
  "current_params": {
    "N": 750,
    "sr": 0.015837133252755608,
    "lr": 0.06071569788119671,
    "input_scaling": 1.0,
    "ridge": 2.0680412529042833e-07,
    "seed": 1234
  }
}