{
  "returned_dict": {
    "loss": 0.39015512209084213,
    "r2": -3.688910223727966,
    "status": "ok",
    "start_time": 1768138566.9800582,
    "duration": 24.999133825302124
  },
  "current_params": {
    "N": 750,
    "sr": 1.4400874573494151,
    "lr": 0.019782406389761847,
    "input_scaling": 1.0,
    "ridge": 0.004423637859781942,
    "seed": 1234
  }
}