{
  "returned_dict": {
    "loss": 0.40624777706191706,
    "r2": -5.4043549394631185,
    "status": "ok",
    "start_time": 1768139258.985297,
    "duration": 24.414580821990967
  },
  "current_params": {
    "N": 750,
    "sr": 0.02889616347437487,
    "lr": 0.0022205992612427225,
    "input_scaling": 1.0,
    "ridge": 1.550001601976941e-08,
    "seed": 1234
  }
}