{
  "returned_dict": {
    "loss": 0.40731281126872815,
    "r2": -3.6683366310153867,
    "status": "ok",
    "start_time": 1768138512.584149,
    "duration": 25.75797200202942
  },
  "current_params": {
    "N": 750,
    "sr": 1.7150882346504794,
    "lr": 0.7989676538770207,
    "input_scaling": 1.0,
    "ridge": 8.559102419555061e-06,
    "seed": 1234
  }
}