{
  "returned_dict": {
    "loss": 0.40812475494450834,
    "r2": -3.7298675271133797,
    "status": "ok",
    "start_time": 1768138793.772788,
    "duration": 25.900432109832764
  },
  "current_params": {
    "N": 750,
    "sr": 7.138122224485729,
    "lr": 0.002266917586281635,
    "input_scaling": 1.0,
    "ridge": 0.45165114203487344,
    "seed": 1234
  }
}