{
  "returned_dict": {
    "loss": 0.41513964064775577,
    "r2": -4.1846261591104845,
    "status": "ok",
    "start_time": 1768138538.360078,
    "duration": 26.186798810958862
  },
  "current_params": {
    "N": 750,
    "sr": 1.972407168454136,
    "lr": 0.08019641600450211,
    "input_scaling": 1.0,
    "ridge": 0.0009598748349536505,
    "seed": 1234
  }
}