{
  "returned_dict": {
    "loss": 0.4110191305222995,
    "r2": -5.102202269681181,
    "status": "ok",
    "start_time": 1768138540.329364,
    "duration": 25.60446000099182
  },
  "current_params": {
    "N": 750,
    "sr": 0.06984763022713539,
    "lr": 0.007599434450298697,
    "input_scaling": 1.0,
    "ridge": 0.009062512790816803,
    "seed": 1234
  }
}