{
  "returned_dict": {
    "loss": 0.4117380143774647,
    "r2": -5.949224239382639,
    "status": "ok",
    "start_time": 1768140479.7181509,
    "duration": 14.902162313461304
  },
  "current_params": {
    "N": 500,
    "sr": 0.038363314625091904,
    "lr": 0.025128294378026324,
    "input_scaling": 1.0,
    "ridge": 2.478756648552347e-08,
    "seed": 1234
  }
}