{
  "returned_dict": {
    "loss": 0.42079381155517376,
    "r2": -5.171719650875611,
    "status": "ok",
    "start_time": 1768140840.569785,
    "duration": 12.8695969581604
  },
  "current_params": {
    "N": 500,
    "sr": 8.989473247351684,
    "lr": 0.007322927533722021,
    "input_scaling": 1.0,
    "ridge": 0.040158869344907526,
    "seed": 1234
  }
}