{
  "returned_dict": {
    "loss": 0.4285944955307289,
    "r2": -7.8987767482246,
    "status": "ok",
    "start_time": 1768164188.234585,
    "duration": 7.1743409633636475
  },
  "current_params": {
    "N": 250,
    "sr": 0.038363314625091904,
    "lr": 0.025128294378026324,
    "input_scaling": 1.0,
    "ridge": 2.478756648552347e-08,
    "seed": 1234
  }
}