{
  "returned_dict": {
    "loss": 0.431077765543769,
    "r2": -6.038847447081044,
    "status": "ok",
    "start_time": 1768164245.8094661,
    "duration": 4.57288384437561
  },
  "current_params": {
    "N": 150,
    "sr": 0.5172469699436316,
    "lr": 0.01773320673398725,
    "input_scaling": 1.0,
    "ridge": 2.7751539435819304e-08,
    "seed": 1234
  }
}