{
  "returned_dict": {
    "loss": 0.43998796869898377,
    "r2": -9.094546540216061,
    "status": "ok",
    "start_time": 1768140632.212254,
    "duration": 6.469038963317871
  },
  "current_params": {
    "N": 250,
    "sr": 0.5172469699436316,
    "lr": 0.01773320673398725,
    "input_scaling": 1.0,
    "ridge": 2.7751539435819304e-08,
    "seed": 1234
  }
}