{
  "returned_dict": {
    "loss": 0.4497858925613092,
    "r2": -7.780207055241672,
    "status": "ok",
    "start_time": 1768139480.283651,
    "duration": 25.35507893562317
  },
  "current_params": {
    "N": 750,
    "sr": 0.028896064442928984,
    "lr": 0.0634630914437396,
    "input_scaling": 1.0,
    "ridge": 1.1941338317488496e-07,
    "seed": 1234
  }
}