{
  "returned_dict": {
    "loss": 0.44685068324066296,
    "r2": -5.671475759575079,
    "status": "ok",
    "start_time": 1768138484.2502332,
    "duration": 30.721155643463135
  },
  "current_params": {
    "N": 750,
    "sr": 0.013533536462213124,
    "lr": 0.0029031433196504202,
    "input_scaling": 1.0,
    "ridge": 0.014042375405616479,
    "seed": 1234
  }
}