{
  "returned_dict": {
    "loss": 0.45014078403520374,
    "r2": -5.0189065177730985,
    "status": "ok",
    "start_time": 1768138921.9205718,
    "duration": 28.34918713569641
  },
  "current_params": {
    "N": 750,
    "sr": 1.306830002207612,
    "lr": 0.014572198734724904,
    "input_scaling": 1.0,
    "ridge": 0.00586135075583967,
    "seed": 1234
  }
}