{
  "returned_dict": {
    "loss": 0.4520902366992739,
    "r2": -11.739775374734565,
    "status": "ok",
    "start_time": 1768164279.1796281,
    "duration": 3.7888429164886475
  },
  "current_params": {
    "N": 150,
    "sr": 1.3450389325474623,
    "lr": 0.003306614297533709,
    "input_scaling": 1.0,
    "ridge": 6.69096953411494e-08,
    "seed": 1234
  }
}