{
  "returned_dict": {
    "loss": 0.4563465905084757,
    "r2": -7.332571118887825,
    "status": "ok",
    "start_time": 1768139330.5905962,
    "duration": 25.00072979927063
  },
  "current_params": {
    "N": 750,
    "sr": 0.019288002101606385,
    "lr": 0.15036504369063552,
    "input_scaling": 1.0,
    "ridge": 5.7602186560039466e-08,
    "seed": 1234
  }
}