{
  "returned_dict": {
    "loss": 0.4548398217834494,
    "r2": -7.251474143119498,
    "status": "ok",
    "start_time": 1768140846.0415208,
    "duration": 41.02379631996155
  },
  "current_params": {
    "N": 1000,
    "sr": 0.10951625490482847,
    "lr": 0.0023529317204117814,
    "input_scaling": 1.0,
    "ridge": 2.33626790375278e-08,
    "seed": 1234
  }
}