{
  "returned_dict": {
    "loss": 0.46049384265236987,
    "r2": -6.980599434262134,
    "status": "ok",
    "start_time": 1768139053.199027,
    "duration": 26.852574825286865
  },
  "current_params": {
    "N": 750,
    "sr": 2.1634680763066214,
    "lr": 0.0038363314625091895,
    "input_scaling": 1.0,
    "ridge": 0.00015866788529011412,
    "seed": 1234
  }
}