{
  "returned_dict": {
    "loss": 0.47837381305088134,
    "r2": -7.204134196884086,
    "status": "ok",
    "start_time": 1768138614.2675672,
    "duration": 25.855215787887573
  },
  "current_params": {
    "N": 750,
    "sr": 0.45931267544993526,
    "lr": 0.00211703102876832,
    "input_scaling": 1.0,
    "ridge": 0.011224340614814192,
    "seed": 1234
  }
}