{
  "returned_dict": {
    "loss": 0.49124161911189645,
    "r2": -8.030962037424198,
    "status": "ok",
    "start_time": 1768140602.419193,
    "duration": 12.274187088012695
  },
  "current_params": {
    "N": 500,
    "sr": 0.7978575058857071,
    "lr": 0.002078223307878056,
    "input_scaling": 1.0,
    "ridge": 1.8325522812976814e-07,
    "seed": 1234
  }
}