{
  "returned_dict": {
    "loss": 0.4906721886903366,
    "r2": -5.778738736089599,
    "status": "ok",
    "start_time": 1768138791.0231218,
    "duration": 24.18913722038269
  },
  "current_params": {
    "N": 750,
    "sr": 0.14124057220154665,
    "lr": 0.15454577118902182,
    "input_scaling": 1.0,
    "ridge": 0.0009482821753004635,
    "seed": 1234
  }
}