{
  "returned_dict": {
    "loss": 0.4979769097818504,
    "r2": -11.354867201538655,
    "status": "ok",
    "start_time": 1768139477.830315,
    "duration": 24.337918758392334
  },
  "current_params": {
    "N": 750,
    "sr": 0.016450437072020846,
    "lr": 0.33572186970050344,
    "input_scaling": 1.0,
    "ridge": 3.163087836916913e-08,
    "seed": 1234
  }
}