{
  "returned_dict": {
    "loss": 0.5146007475497096,
    "r2": -10.503846848598474,
    "status": "ok",
    "start_time": 1768140697.9393542,
    "duration": 25.31296181678772
  },
  "current_params": {
    "N": 750,
    "sr": 1.4232484123092743,
    "lr": 0.7138122224485728,
    "input_scaling": 1.0,
    "ridge": 1.1649497565443228e-07,
    "seed": 1234
  }
}