{
  "returned_dict": {
    "loss": 0.5234062598398549,
    "r2": -12.06367782727871,
    "status": "ok",
    "start_time": 1768140671.872702,
    "duration": 26.031727075576782
  },
  "current_params": {
    "N": 750,
    "sr": 0.0575638803116144,
    "lr": 0.058915244733192505,
    "input_scaling": 1.0,
    "ridge": 7.168739152398942e-08,
    "seed": 1234
  }
}