{
  "returned_dict": {
    "loss": 0.5239252088690847,
    "r2": -13.194465618350643,
    "status": "ok",
    "start_time": 1768162656.617019,
    "duration": 5.813767194747925
  },
  "current_params": {
    "N": 250,
    "sr": 2.8164775268213162,
    "lr": 0.0020693513731576897,
    "input_scaling": 1.0,
    "ridge": 3.9721872456949846e-08,
    "seed": 1234
  }
}