{
  "returned_dict": {
    "loss": 0.5348160872733507,
    "r2": -13.579970957701837,
    "status": "ok",
    "start_time": 1768164219.259331,
    "duration": 4.722722053527832
  },
  "current_params": {
    "N": 150,
    "sr": 1.516993929398825,
    "lr": 0.20227512384830165,
    "input_scaling": 1.0,
    "ridge": 9.325422423099209e-08,
    "seed": 1234
  }
}