{
  "returned_dict": {
    "loss": 0.544095805084057,
    "r2": -18.00928082748361,
    "status": "ok",
    "start_time": 1768163055.774965,
    "duration": 11.605992794036865
  },
  "current_params": {
    "N": 500,
    "sr": 3.5612383175670117,
    "lr": 0.08151201928329072,
    "input_scaling": 1.0,
    "ridge": 1.2511088754474102e-07,
    "seed": 1234
  }
}