{
  "returned_dict": {
    "loss": 0.5445893015623998,
    "r2": -9.409831026662992,
    "status": "ok",
    "start_time": 1768138895.2058399,
    "duration": 25.028825044631958
  },
  "current_params": {
    "N": 750,
    "sr": 0.4440513050753519,
    "lr": 0.019690402124151088,
    "input_scaling": 1.0,
    "ridge": 0.004306379788187425,
    "seed": 1234
  }
}