{
  "returned_dict": {
    "loss": 0.5577528569633168,
    "r2": -11.969926708940452,
    "status": "ok",
    "start_time": 1768163055.106876,
    "duration": 5.40487813949585
  },
  "current_params": {
    "N": 250,
    "sr": 1.4232484123092743,
    "lr": 0.7138122224485728,
    "input_scaling": 1.0,
    "ridge": 1.1649497565443228e-07,
    "seed": 1234
  }
}