{
  "returned_dict": {
    "loss": 0.5572446252219908,
    "r2": -8.652977607218162,
    "status": "ok",
    "start_time": 1768138538.150235,
    "duration": 26.30993914604187
  },
  "current_params": {
    "N": 750,
    "sr": 1.0120661170730878,
    "lr": 0.025899335315803292,
    "input_scaling": 1.0,
    "ridge": 0.001222151255726616,
    "seed": 1234
  }
}