{
  "returned_dict": {
    "loss": 0.5671954839696871,
    "r2": -15.627994315135862,
    "status": "ok",
    "start_time": 1768139505.653065,
    "duration": 23.823049068450928
  },
  "current_params": {
    "N": 750,
    "sr": 0.03489634619066483,
    "lr": 0.526393922495625,
    "input_scaling": 1.0,
    "ridge": 2.522561718625873e-08,
    "seed": 1234
  }
}