{
  "returned_dict": {
    "loss": 0.5663821881616734,
    "r2": -15.84146188974901,
    "status": "ok",
    "start_time": 1768139053.149583,
    "duration": 27.67737078666687
  },
  "current_params": {
    "N": 750,
    "sr": 1.9205212018125561,
    "lr": 0.22813552366256107,
    "input_scaling": 1.0,
    "ridge": 1.42240311292679e-07,
    "seed": 1234
  }
}