{
  "returned_dict": {
    "loss": 0.5815392674968047,
    "r2": -16.283551423221944,
    "status": "ok",
    "start_time": 1768139404.883084,
    "duration": 25.185209035873413
  },
  "current_params": {
    "N": 750,
    "sr": 0.051958722173646436,
    "lr": 0.35336743881078886,
    "input_scaling": 1.0,
    "ridge": 3.274066237655756e-08,
    "seed": 1234
  }
}