{
  "returned_dict": {
    "loss": 0.5821868971606327,
    "r2": -11.045941265779184,
    "status": "ok",
    "start_time": 1768138564.475801,
    "duration": 25.68061089515686
  },
  "current_params": {
    "N": 750,
    "sr": 0.13901564475150457,
    "lr": 0.008026685880247408,
    "input_scaling": 1.0,
    "ridge": 0.004704823526264519,
    "seed": 1234
  }
}