{
  "returned_dict": {
    "loss": 0.5980737975192996,
    "r2": -15.999699610318999,
    "status": "ok",
    "start_time": 1768140788.168392,
    "duration": 44.1030650138855
  },
  "current_params": {
    "N": 1000,
    "sr": 0.836885231152995,
    "lr": 0.0010769187413020144,
    "input_scaling": 1.0,
    "ridge": 7.612353144368651e-07,
    "seed": 1234
  }
}