{
  "returned_dict": {
    "loss": 0.5926797983816285,
    "r2": -8.499275133194143,
    "status": "ok",
    "start_time": 1768138768.987668,
    "duration": 24.777777910232544
  },
  "current_params": {
    "N": 750,
    "sr": 2.498815260366729,
    "lr": 0.029954332532851912,
    "input_scaling": 1.0,
    "ridge": 0.0024908121396315635,
    "seed": 1234
  }
}