{
  "returned_dict": {
    "loss": 0.6033410055974903,
    "r2": -15.199112494133763,
    "status": "ok",
    "start_time": 1768139053.166234,
    "duration": 27.999605178833008
  },
  "current_params": {
    "N": 750,
    "sr": 0.04805251969157461,
    "lr": 0.04610567249984423,
    "input_scaling": 1.0,
    "ridge": 3.7527990062557076e-08,
    "seed": 1234
  }
}