{
  "returned_dict": {
    "loss": 0.6093141011276939,
    "r2": -15.256981457044947,
    "status": "ok",
    "start_time": 1768139405.853076,
    "duration": 24.7007999420166
  },
  "current_params": {
    "N": 750,
    "sr": 1.2426887077329343,
    "lr": 0.3265432087288488,
    "input_scaling": 1.0,
    "ridge": 2.2980617590884698e-08,
    "seed": 1234
  }
}