{
  "returned_dict": {
    "loss": 0.6034169420859807,
    "r2": -15.203183720048077,
    "status": "ok",
    "start_time": 1768140479.696189,
    "duration": 32.385937213897705
  },
  "current_params": {
    "N": 750,
    "sr": 0.04805251969157461,
    "lr": 0.04610567249984423,
    "input_scaling": 1.0,
    "ridge": 3.7527990062557076e-08,
    "seed": 1234
  }
}