{
  "returned_dict": {
    "loss": 0.6134032060152604,
    "r2": -14.976613403386807,
    "status": "ok",
    "start_time": 1768139081.548953,
    "duration": 25.19435691833496
  },
  "current_params": {
    "N": 750,
    "sr": 0.5084211256775242,
    "lr": 0.0026265821854959317,
    "input_scaling": 1.0,
    "ridge": 1.0734224197563891e-07,
    "seed": 1234
  }
}