{
  "returned_dict": {
    "loss": 0.6155821160411958,
    "r2": -13.413203719853794,
    "status": "ok",
    "start_time": 1768164222.184374,
    "duration": 11.758723020553589
  },
  "current_params": {
    "N": 500,
    "sr": 7.222676861585461,
    "lr": 0.007460252286149048,
    "input_scaling": 1.0,
    "ridge": 0.0004320302566335819,
    "seed": 1234
  }
}