{
  "returned_dict": {
    "loss": 0.6118932703659559,
    "r2": -14.904013527071546,
    "status": "ok",
    "start_time": 1768140510.268658,
    "duration": 25.27607488632202
  },
  "current_params": {
    "N": 750,
    "sr": 0.5084211256775242,
    "lr": 0.0026265821854959317,
    "input_scaling": 1.0,
    "ridge": 1.0734224197563891e-07,
    "seed": 1234
  }
}