{
  "returned_dict": {
    "loss": 0.6300686405037836,
    "r2": -18.14007018433599,
    "status": "ok",
    "start_time": 1768162637.7404711,
    "duration": 5.646317958831787
  },
  "current_params": {
    "N": 250,
    "sr": 4.880702266127432,
    "lr": 0.0026347976474360526,
    "input_scaling": 1.0,
    "ridge": 0.0009690033798366761,
    "seed": 1234
  }
}