{
  "returned_dict": {
    "loss": 0.6390777535954806,
    "r2": -13.873938935178108,
    "status": "ok",
    "start_time": 1768139232.763372,
    "duration": 25.26542901992798
  },
  "current_params": {
    "N": 750,
    "sr": 0.7978575058857071,
    "lr": 0.002078223307878056,
    "input_scaling": 1.0,
    "ridge": 1.8325522812976814e-07,
    "seed": 1234
  }
}