{
  "returned_dict": {
    "loss": 0.6399997948602401,
    "r2": -16.2131452894243,
    "status": "ok",
    "start_time": 1768163017.682869,
    "duration": 5.923376083374023
  },
  "current_params": {
    "N": 250,
    "sr": 4.204226666408188,
    "lr": 0.0038842215832221158,
    "input_scaling": 1.0,
    "ridge": 6.207447513438074e-06,
    "seed": 1234
  }
}