{
  "returned_dict": {
    "loss": 0.6410788227525391,
    "r2": -17.29639056893438,
    "status": "ok",
    "start_time": 1768162648.369365,
    "duration": 13.007482051849365
  },
  "current_params": {
    "N": 500,
    "sr": 1.4003009674078484,
    "lr": 0.16479802845263086,
    "input_scaling": 1.0,
    "ridge": 1.511888501313396e-07,
    "seed": 1234
  }
}