{
  "returned_dict": {
    "loss": 0.6539931087390582,
    "r2": -10.484613320416452,
    "status": "ok",
    "start_time": 1768138920.458505,
    "duration": 27.14423394203186
  },
  "current_params": {
    "N": 750,
    "sr": 2.071641841826391,
    "lr": 0.00856810006257189,
    "input_scaling": 1.0,
    "ridge": 0.015452026436408972,
    "seed": 1234
  }
}