{
  "returned_dict": {
    "loss": 0.6568004015856113,
    "r2": -15.252270958926832,
    "status": "ok",
    "start_time": 1768139080.8319738,
    "duration": 25.444968223571777
  },
  "current_params": {
    "N": 750,
    "sr": 1.1155435048867033,
    "lr": 0.002625774647721951,
    "input_scaling": 1.0,
    "ridge": 6.297581872056951e-07,
    "seed": 1234
  }
}