{
  "returned_dict": {
    "loss": 0.6650097987131508,
    "r2": -13.53789147112278,
    "status": "ok",
    "start_time": 1768138950.437013,
    "duration": 24.35424304008484
  },
  "current_params": {
    "N": 750,
    "sr": 0.014939134769791126,
    "lr": 0.01258418675526201,
    "input_scaling": 1.0,
    "ridge": 0.000717376122575853,
    "seed": 1234
  }
}