{
  "returned_dict": {
    "loss": 0.6740431064642545,
    "r2": -16.93253891846184,
    "status": "ok",
    "start_time": 1768140893.674329,
    "duration": 33.90779185295105
  },
  "current_params": {
    "N": 1000,
    "sr": 5.570526965201446,
    "lr": 0.03095635286094352,
    "input_scaling": 1.0,
    "ridge": 1.6192064301335815e-07,
    "seed": 1234
  }
}