{
  "returned_dict": {
    "loss": 0.6744434189633385,
    "r2": -17.057695507103666,
    "status": "ok",
    "start_time": 1768139105.383083,
    "duration": 25.482183933258057
  },
  "current_params": {
    "N": 750,
    "sr": 0.4760159250588601,
    "lr": 0.008163009354557887,
    "input_scaling": 1.0,
    "ridge": 1.893915119463457e-08,
    "seed": 1234
  }
}