{
  "returned_dict": {
    "loss": 0.6780654954091954,
    "r2": -21.236937371031225,
    "status": "ok",
    "start_time": 1768139159.87429,
    "duration": 24.080388069152832
  },
  "current_params": {
    "N": 750,
    "sr": 0.3647683993236962,
    "lr": 0.020736448664669373,
    "input_scaling": 1.0,
    "ridge": 1.5649797375398334e-08,
    "seed": 1234
  }
}