{
  "returned_dict": {
    "loss": 0.6831390042396378,
    "r2": -11.279736359161578,
    "status": "ok",
    "start_time": 1768138788.5538769,
    "duration": 24.712966918945312
  },
  "current_params": {
    "N": 750,
    "sr": 4.9556387715275,
    "lr": 0.19390831889026183,
    "input_scaling": 1.0,
    "ridge": 2.721538410934082e-06,
    "seed": 1234
  }
}