{
  "returned_dict": {
    "loss": 0.6939647359734182,
    "r2": -20.2137458665809,
    "status": "ok",
    "start_time": 1768164269.7187588,
    "duration": 4.802821159362793
  },
  "current_params": {
    "N": 150,
    "sr": 0.9932400161764057,
    "lr": 0.08920209342713334,
    "input_scaling": 1.0,
    "ridge": 6.515781958994774e-08,
    "seed": 1234
  }
}