{
  "returned_dict": {
    "loss": 0.7037860953612527,
    "r2": -15.067731863544154,
    "status": "ok",
    "start_time": 1768138566.3429918,
    "duration": 23.993173360824585
  },
  "current_params": {
    "N": 750,
    "sr": 0.04046598296680735,
    "lr": 0.008276941247686733,
    "input_scaling": 1.0,
    "ridge": 0.0016329621575999918,
    "seed": 1234
  }
}