{
  "returned_dict": {
    "loss": 0.7279313090382542,
    "r2": -27.541972491994365,
    "status": "ok",
    "start_time": 1768139257.378091,
    "duration": 24.701679706573486
  },
  "current_params": {
    "N": 750,
    "sr": 1.7299870043752206,
    "lr": 0.28164775268213155,
    "input_scaling": 1.0,
    "ridge": 8.861407708908452e-08,
    "seed": 1234
  }
}