{
  "returned_dict": {
    "loss": 0.725616734376966,
    "r2": -16.311853195661897,
    "status": "ok",
    "start_time": 1768138738.672637,
    "duration": 24.546571016311646
  },
  "current_params": {
    "N": 750,
    "sr": 0.34887400475480174,
    "lr": 0.3738663967568687,
    "input_scaling": 1.0,
    "ridge": 0.00014628314550660062,
    "seed": 1234
  }
}