{
  "returned_dict": {
    "loss": 0.7288575926567554,
    "r2": -28.796315158526546,
    "status": "ok",
    "start_time": 1768162643.4880571,
    "duration": 5.934068918228149
  },
  "current_params": {
    "N": 250,
    "sr": 6.463078808691592,
    "lr": 0.005283378505602193,
    "input_scaling": 1.0,
    "ridge": 1.272979446801603e-07,
    "seed": 1234
  }
}