{
  "returned_dict": {
    "loss": 0.759477122950434,
    "r2": -19.323530607803878,
    "status": "ok",
    "start_time": 1768139430.5618849,
    "duration": 24.14239525794983
  },
  "current_params": {
    "N": 750,
    "sr": 6.8876863276127445,
    "lr": 0.008017295620100135,
    "input_scaling": 1.0,
    "ridge": 0.0015927768771290597,
    "seed": 1234
  }
}