{
  "returned_dict": {
    "loss": 0.7744686811150953,
    "r2": -44.76952244197681,
    "status": "ok",
    "start_time": 1768163044.3471942,
    "duration": 4.543903827667236
  },
  "current_params": {
    "N": 150,
    "sr": 3.820825512272091,
    "lr": 0.0024906259682102743,
    "input_scaling": 1.0,
    "ridge": 0.0033839011256011197,
    "seed": 1234
  }
}