{
  "returned_dict": {
    "loss": 0.8086795726636415,
    "r2": -24.16941619877222,
    "status": "ok",
    "start_time": 1768138971.3899798,
    "duration": 23.801993370056152
  },
  "current_params": {
    "N": 750,
    "sr": 0.22111692429959934,
    "lr": 0.008367682964780482,
    "input_scaling": 1.0,
    "ridge": 0.002433855128894141,
    "seed": 1234
  }
}