{
  "returned_dict": {
    "loss": 0.8063737524435591,
    "r2": -66.19086594162185,
    "status": "ok",
    "start_time": 1768140536.6317189,
    "duration": 25.108354091644287
  },
  "current_params": {
    "N": 750,
    "sr": 5.102784053150138,
    "lr": 0.023298548724579104,
    "input_scaling": 1.0,
    "ridge": 6.626287623931756e-07,
    "seed": 1234
  }
}