{
  "returned_dict": {
    "loss": 0.8189657468574195,
    "r2": -21.432608408872916,
    "status": "ok",
    "start_time": 1768138716.22823,
    "duration": 24.082736015319824
  },
  "current_params": {
    "N": 750,
    "sr": 0.051313851533874424,
    "lr": 0.005599673785569714,
    "input_scaling": 1.0,
    "ridge": 0.0013838654466478506,
    "seed": 1234
  }
}