{
  "returned_dict": {
    "loss": 0.8298860885708151,
    "r2": -23.660125316827457,
    "status": "ok",
    "start_time": 1768139359.0152042,
    "duration": 24.83284091949463
  },
  "current_params": {
    "N": 750,
    "sr": 7.138122224485729,
    "lr": 0.002266917586281635,
    "input_scaling": 1.0,
    "ridge": 0.45165114203487344,
    "seed": 1234
  }
}