{
  "returned_dict": {
    "loss": 0.8273048541508755,
    "r2": -30.66016848641008,
    "status": "ok",
    "start_time": 1768164237.6107872,
    "duration": 5.616816759109497
  },
  "current_params": {
    "N": 250,
    "sr": 2.8164775268213162,
    "lr": 0.0020693513731576897,
    "input_scaling": 1.0,
    "ridge": 3.9721872456949846e-08,
    "seed": 1234
  }
}