{
  "returned_dict": {
    "loss": 0.840160429318035,
    "r2": -24.1219818209563,
    "status": "ok",
    "start_time": 1768138891.4713118,
    "duration": 24.342660188674927
  },
  "current_params": {
    "N": 750,
    "sr": 0.16840280780723452,
    "lr": 0.0044966137079207385,
    "input_scaling": 1.0,
    "ridge": 0.0019713159493727826,
    "seed": 1234
  }
}