{
  "returned_dict": {
    "loss": 0.8717534729286858,
    "r2": -24.427037447107875,
    "status": "ok",
    "start_time": 1768138766.885503,
    "duration": 24.128813982009888
  },
  "current_params": {
    "N": 750,
    "sr": 0.5891524473319252,
    "lr": 0.0019281800837064815,
    "input_scaling": 1.0,
    "ridge": 0.0035114889023462443,
    "seed": 1234
  }
}