{
  "returned_dict": {
    "loss": 0.8702443546968549,
    "r2": -22.182833657431807,
    "status": "ok",
    "start_time": 1768138590.3400729,
    "duration": 24.43599224090576
  },
  "current_params": {
    "N": 750,
    "sr": 0.553583859400274,
    "lr": 0.01098017883616012,
    "input_scaling": 1.0,
    "ridge": 0.0020808435245835677,
    "seed": 1234
  }
}