{
  "returned_dict": {
    "loss": 0.8868418369328296,
    "r2": -21.495260294221787,
    "status": "ok",
    "start_time": 1768138873.936214,
    "duration": 23.04953408241272
  },
  "current_params": {
    "N": 750,
    "sr": 0.6807108000546929,
    "lr": 0.08014701502803047,
    "input_scaling": 1.0,
    "ridge": 5.0850832726995895e-05,
    "seed": 1234
  }
}