{
  "returned_dict": {
    "loss": 0.8856224210934336,
    "r2": -25.31065887749945,
    "status": "ok",
    "start_time": 1768138767.4087949,
    "duration": 24.158039093017578
  },
  "current_params": {
    "N": 750,
    "sr": 0.03264930284382226,
    "lr": 0.049528118993442,
    "input_scaling": 1.0,
    "ridge": 0.0014186479221775007,
    "seed": 1234
  }
}