{
  "returned_dict": {
    "loss": 0.9358225973045755,
    "r2": -36.9344438336466,
    "status": "ok",
    "start_time": 1768139478.610636,
    "duration": 24.407413005828857
  },
  "current_params": {
    "N": 750,
    "sr": 0.08743395210791248,
    "lr": 0.16907433976256875,
    "input_scaling": 1.0,
    "ridge": 1.3556437995835483e-08,
    "seed": 1234
  }
}