{
  "returned_dict": {
    "loss": 0.9334902109006643,
    "r2": -37.09340523316784,
    "status": "ok",
    "start_time": 1768162732.5948749,
    "duration": 11.599837303161621
  },
  "current_params": {
    "N": 500,
    "sr": 3.9847796864104765,
    "lr": 0.002199440478520317,
    "input_scaling": 1.0,
    "ridge": 0.039059036584898225,
    "seed": 1234
  }
}