{
  "returned_dict": {
    "loss": 0.9526440535030481,
    "r2": -26.757838807420388,
    "status": "ok",
    "start_time": 1768138713.374808,
    "duration": 25.296721935272217
  },
  "current_params": {
    "N": 750,
    "sr": 0.5935146568548989,
    "lr": 0.11019035453462898,
    "input_scaling": 1.0,
    "ridge": 3.4887842373588804e-05,
    "seed": 1234
  }
}