{
  "returned_dict": {
    "loss": 0.9693115265962955,
    "r2": -38.374265344179065,
    "status": "ok",
    "start_time": 1768163010.3367229,
    "duration": 5.79972505569458
  },
  "current_params": {
    "N": 250,
    "sr": 4.880702266127432,
    "lr": 0.0026347976474360526,
    "input_scaling": 1.0,
    "ridge": 0.0009690033798366761,
    "seed": 1234
  }
}