{
  "returned_dict": {
    "loss": 0.9657247131688635,
    "r2": -32.56642388351504,
    "status": "ok",
    "start_time": 1768138922.755581,
    "duration": 25.567084074020386
  },
  "current_params": {
    "N": 750,
    "sr": 0.010769187413020147,
    "lr": 0.0042381173305489185,
    "input_scaling": 1.0,
    "ridge": 0.0005318568128165475,
    "seed": 1234
  }
}