{
  "returned_dict": {
    "loss": 0.988234790707564,
    "r2": -30.06282986346607,
    "status": "ok",
    "start_time": 1768138967.2631402,
    "duration": 23.781877994537354
  },
  "current_params": {
    "N": 750,
    "sr": 0.1036023126234986,
    "lr": 0.34153610389762207,
    "input_scaling": 1.0,
    "ridge": 0.000220370053595498,
    "seed": 1234
  }
}