{
  "returned_dict": {
    "loss": 0.9848876383965113,
    "r2": -57.91998840828519,
    "status": "ok",
    "start_time": 1768162743.506345,
    "duration": 4.2384560108184814
  },
  "current_params": {
    "N": 150,
    "sr": 3.7529770951705053,
    "lr": 0.0010315739697417136,
    "input_scaling": 1.0,
    "ridge": 0.0004282171720319695,
    "seed": 1234
  }
}