{
  "returned_dict": {
    "loss": 0.991071223746087,
    "r2": -32.770163663378405,
    "status": "ok",
    "start_time": 1768138846.546771,
    "duration": 26.804402112960815
  },
  "current_params": {
    "N": 750,
    "sr": 0.6833305194036042,
    "lr": 0.0014571388752903658,
    "input_scaling": 1.0,
    "ridge": 0.0035219300765214154,
    "seed": 1234
  }
}