{
  "returned_dict": {
    "loss": 0.9987151420939441,
    "r2": -35.217725470711116,
    "status": "ok",
    "start_time": 1768138892.452485,
    "duration": 23.34161901473999
  },
  "current_params": {
    "N": 750,
    "sr": 0.26448316008235295,
    "lr": 0.004750929704883564,
    "input_scaling": 1.0,
    "ridge": 0.0014194542455075586,
    "seed": 1234
  }
}