{
  "returned_dict": {
    "loss": 0.9965587076908682,
    "r2": -65.24535894768692,
    "status": "ok",
    "start_time": 1768164330.228112,
    "duration": 10.593321084976196
  },
  "current_params": {
    "N": 500,
    "sr": 5.570526965201446,
    "lr": 0.03095635286094352,
    "input_scaling": 1.0,
    "ridge": 1.6192064301335815e-07,
    "seed": 1234
  }
}