{
  "returned_dict": {
    "loss": 1.002205471326235,
    "r2": -102.53239217682778,
    "status": "ok",
    "start_time": 1768140595.7958689,
    "duration": 12.279162168502808
  },
  "current_params": {
    "N": 500,
    "sr": 6.063001183641142,
    "lr": 0.015585996754699747,
    "input_scaling": 1.0,
    "ridge": 5.1113806675709775e-06,
    "seed": 1234
  }
}