{
  "returned_dict": {
    "loss": 1.0113133718323182,
    "r2": -79.10588514148465,
    "status": "ok",
    "start_time": 1768139157.950125,
    "duration": 24.522358179092407
  },
  "current_params": {
    "N": 750,
    "sr": 2.229490785517752,
    "lr": 0.0017708835338265268,
    "input_scaling": 1.0,
    "ridge": 0.00023984185670010942,
    "seed": 1234
  }
}