{
  "returned_dict": {
    "loss": 1.0512194445672456,
    "r2": -40.54598778868688,
    "status": "ok",
    "start_time": 1768163103.6893451,
    "duration": 11.760584831237793
  },
  "current_params": {
    "N": 500,
    "sr": 3.9847796864104765,
    "lr": 0.002199440478520317,
    "input_scaling": 1.0,
    "ridge": 0.039059036584898225,
    "seed": 1234
  }
}