{
  "returned_dict": {
    "loss": 1.0664573432509517,
    "r2": -32.29090148867003,
    "status": "ok",
    "start_time": 1768138810.283993,
    "duration": 27.89996910095215
  },
  "current_params": {
    "N": 750,
    "sr": 0.8151201928329073,
    "lr": 0.0023214804731653605,
    "input_scaling": 1.0,
    "ridge": 0.0019693458841341972,
    "seed": 1234
  }
}