{
  "returned_dict": {
    "loss": 1.0790708644112796,
    "r2": -40.813132914263846,
    "status": "ok",
    "start_time": 1768139258.0554628,
    "duration": 24.854767084121704
  },
  "current_params": {
    "N": 750,
    "sr": 2.978465482177734,
    "lr": 0.00853108014164544,
    "input_scaling": 1.0,
    "ridge": 1.971729784039379e-07,
    "seed": 1234
  }
}