{
  "returned_dict": {
    "loss": 1.1082824509923581,
    "r2": -44.18217408091136,
    "status": "ok",
    "start_time": 1768139380.3773062,
    "duration": 25.628049850463867
  },
  "current_params": {
    "N": 750,
    "sr": 2.9936328346131766,
    "lr": 0.007692669531503114,
    "input_scaling": 1.0,
    "ridge": 0.00013394692134927676,
    "seed": 1234
  }
}