{
  "returned_dict": {
    "loss": 1.1082573474951583,
    "r2": -44.181990114986505,
    "status": "ok",
    "start_time": 1768140704.737922,
    "duration": 24.0695219039917
  },
  "current_params": {
    "N": 750,
    "sr": 2.9936328346131766,
    "lr": 0.007692669531503114,
    "input_scaling": 1.0,
    "ridge": 0.00013394692134927676,
    "seed": 1234
  }
}