{
  "returned_dict": {
    "loss": 1.156084273124738,
    "r2": -54.47761435737264,
    "status": "ok",
    "start_time": 1768139208.0702379,
    "duration": 25.429001092910767
  },
  "current_params": {
    "N": 750,
    "sr": 8.231505603866845,
    "lr": 0.03178509827951928,
    "input_scaling": 1.0,
    "ridge": 1.9727748513404141e-07,
    "seed": 1234
  }
}