{
  "returned_dict": {
    "loss": 1.1617073389276646,
    "r2": -48.25495758055506,
    "status": "ok",
    "start_time": 1768139179.984222,
    "duration": 25.17157506942749
  },
  "current_params": {
    "N": 750,
    "sr": 3.0121442945455486,
    "lr": 0.4880702266127431,
    "input_scaling": 1.0,
    "ridge": 1.8291183260531816e-07,
    "seed": 1234
  }
}