{
  "returned_dict": {
    "loss": 1.2199707348882678,
    "r2": -87.91319343908431,
    "status": "ok",
    "start_time": 1768163021.1051788,
    "duration": 5.886889219284058
  },
  "current_params": {
    "N": 250,
    "sr": 6.063001183641142,
    "lr": 0.015585996754699747,
    "input_scaling": 1.0,
    "ridge": 5.1113806675709775e-06,
    "seed": 1234
  }
}