{
  "returned_dict": {
    "loss": 1.2544778417282898,
    "r2": -47.86897018325184,
    "status": "ok",
    "start_time": 1768138667.003639,
    "duration": 24.479871034622192
  },
  "current_params": {
    "N": 750,
    "sr": 0.9740755408344522,
    "lr": 0.7359863692998211,
    "input_scaling": 1.0,
    "ridge": 3.7845656386038534e-06,
    "seed": 1234
  }
}