{
  "returned_dict": {
    "loss": 1.2652043319673638,
    "r2": -140.52644832575183,
    "status": "ok",
    "start_time": 1768162649.0368,
    "duration": 6.308248043060303
  },
  "current_params": {
    "N": 250,
    "sr": 6.063001183641142,
    "lr": 0.015585996754699747,
    "input_scaling": 1.0,
    "ridge": 5.1113806675709775e-06,
    "seed": 1234
  }
}