{
  "returned_dict": {
    "loss": 1.305943858124948,
    "r2": -66.72480605883919,
    "status": "ok",
    "start_time": 1768138969.285843,
    "duration": 23.068039894104004
  },
  "current_params": {
    "N": 750,
    "sr": 0.10514106862976215,
    "lr": 0.031365403262177,
    "input_scaling": 1.0,
    "ridge": 0.0006063164748260105,
    "seed": 1234
  }
}