{
  "returned_dict": {
    "loss": 1.3198803980487603,
    "r2": -52.25219938639219,
    "status": "ok",
    "start_time": 1768138564.39978,
    "duration": 25.762775897979736
  },
  "current_params": {
    "N": 750,
    "sr": 0.028637579520267673,
    "lr": 0.12273293649724261,
    "input_scaling": 1.0,
    "ridge": 0.00010361114668834579,
    "seed": 1234
  }
}