{
  "returned_dict": {
    "loss": 1.3882730180941296,
    "r2": -114.11955645009614,
    "status": "ok",
    "start_time": 1768164224.5911748,
    "duration": 5.811705112457275
  },
  "current_params": {
    "N": 250,
    "sr": 6.463078808691592,
    "lr": 0.005283378505602193,
    "input_scaling": 1.0,
    "ridge": 1.272979446801603e-07,
    "seed": 1234
  }
}