{
  "returned_dict": {
    "loss": 1.4186338288359923,
    "r2": -76.11853231031611,
    "status": "ok",
    "start_time": 1768138615.054018,
    "duration": 23.951417922973633
  },
  "current_params": {
    "N": 750,
    "sr": 0.049050334418268435,
    "lr": 0.0012949042865580272,
    "input_scaling": 1.0,
    "ridge": 0.0009855353908323472,
    "seed": 1234
  }
}