{
  "returned_dict": {
    "loss": 1.428493225510395,
    "r2": -69.67966334028246,
    "status": "ok",
    "start_time": 1768140565.678415,
    "duration": 43.84172487258911
  },
  "current_params": {
    "N": 1000,
    "sr": 7.222676861585461,
    "lr": 0.007460252286149048,
    "input_scaling": 1.0,
    "ridge": 0.0004320302566335819,
    "seed": 1234
  }
}