{
  "returned_dict": {
    "loss": 1.4887759227808561,
    "r2": -76.67324444636853,
    "status": "ok",
    "start_time": 1768140816.919619,
    "duration": 42.12455606460571
  },
  "current_params": {
    "N": 1000,
    "sr": 3.5548632315005406,
    "lr": 0.010514106862976217,
    "input_scaling": 1.0,
    "ridge": 0.0003085692371092611,
    "seed": 1234
  }
}