{
  "returned_dict": {
    "loss": 1.5288405728902221,
    "r2": -84.60793611249643,
    "status": "ok",
    "start_time": 1768138842.424112,
    "duration": 29.17017889022827
  },
  "current_params": {
    "N": 750,
    "sr": 0.040303831284081194,
    "lr": 0.0023701238358451266,
    "input_scaling": 1.0,
    "ridge": 0.0003473592846576221,
    "seed": 1234
  }
}