{
  "returned_dict": {
    "loss": 1.5292215994716805,
    "r2": -187.20216069280357,
    "status": "ok",
    "start_time": 1768164318.063168,
    "duration": 4.637109994888306
  },
  "current_params": {
    "N": 150,
    "sr": 2.9359541690267354,
    "lr": 0.0012909582034248376,
    "input_scaling": 1.0,
    "ridge": 2.2611067775087426e-05,
    "seed": 1234
  }
}