{
  "returned_dict": {
    "loss": 1.5471021558232045,
    "r2": -84.61678935557865,
    "status": "ok",
    "start_time": 1768138947.200931,
    "duration": 24.183954000473022
  },
  "current_params": {
    "N": 750,
    "sr": 0.04995245702312711,
    "lr": 0.007519310017469975,
    "input_scaling": 1.0,
    "ridge": 0.0002580939840412744,
    "seed": 1234
  }
}