{
  "returned_dict": {
    "loss": 1.5473161657795609,
    "r2": -82.32782927912332,
    "status": "ok",
    "start_time": 1768138743.288749,
    "duration": 23.591908931732178
  },
  "current_params": {
    "N": 750,
    "sr": 0.27716046730387606,
    "lr": 0.009662368913331998,
    "input_scaling": 1.0,
    "ridge": 0.0006590420241263843,
    "seed": 1234
  }
}