{
  "returned_dict": {
    "loss": 1.5632072470777758,
    "r2": -66.66939130081511,
    "status": "ok",
    "start_time": 1768138869.269035,
    "duration": 23.176395893096924
  },
  "current_params": {
    "N": 750,
    "sr": 6.8876863276127445,
    "lr": 0.008017295620100135,
    "input_scaling": 1.0,
    "ridge": 0.0015927768771290597,
    "seed": 1234
  }
}