{
  "returned_dict": {
    "loss": 1.593340357703756,
    "r2": -77.27228686059763,
    "status": "ok",
    "start_time": 1768138591.275931,
    "duration": 23.873640298843384
  },
  "current_params": {
    "N": 750,
    "sr": 0.011706083377588767,
    "lr": 0.7510651999348724,
    "input_scaling": 1.0,
    "ridge": 0.00021914468019563105,
    "seed": 1234
  }
}