{
  "returned_dict": {
    "loss": 1.6008494720751307,
    "r2": -66.46217657832949,
    "status": "ok",
    "start_time": 1768138688.089211,
    "duration": 24.01444697380066
  },
  "current_params": {
    "N": 750,
    "sr": 3.0781221115770623,
    "lr": 0.24572608704277726,
    "input_scaling": 1.0,
    "ridge": 1.2409854159334892e-06,
    "seed": 1234
  }
}