{
  "returned_dict": {
    "loss": 1.7454689538659474,
    "r2": -112.60971166430724,
    "status": "ok",
    "start_time": 1768138541.930469,
    "duration": 25.032795906066895
  },
  "current_params": {
    "N": 750,
    "sr": 0.24301422203106182,
    "lr": 0.0030465992939497405,
    "input_scaling": 1.0,
    "ridge": 0.00032314911876566923,
    "seed": 1234
  }
}