{
  "returned_dict": {
    "loss": 1.7936068813032828,
    "r2": -98.97477597557443,
    "status": "ok",
    "start_time": 1768138566.2090502,
    "duration": 25.888102769851685
  },
  "current_params": {
    "N": 750,
    "sr": 0.019461346559845084,
    "lr": 0.5102784053150138,
    "input_scaling": 1.0,
    "ridge": 0.00012646973498480586,
    "seed": 1234
  }
}