{
  "returned_dict": {
    "loss": 1.9293205447100383,
    "r2": -129.02694289633862,
    "status": "ok",
    "start_time": 1768140840.582345,
    "duration": 42.94894504547119
  },
  "current_params": {
    "N": 1000,
    "sr": 3.9847796864104765,
    "lr": 0.002199440478520317,
    "input_scaling": 1.0,
    "ridge": 0.039059036584898225,
    "seed": 1234
  }
}