{
  "returned_dict": {
    "loss": 1.9947883856080952,
    "r2": -244.23443973664956,
    "status": "ok",
    "start_time": 1768164322.7090938,
    "duration": 4.7592010498046875
  },
  "current_params": {
    "N": 150,
    "sr": 3.7529770951705053,
    "lr": 0.0010315739697417136,
    "input_scaling": 1.0,
    "ridge": 0.0004282171720319695,
    "seed": 1234
  }
}