{
  "returned_dict": {
    "loss": 1.994851749187538,
    "r2": -155.26528382250385,
    "status": "ok",
    "start_time": 1768138590.09617,
    "duration": 24.160396099090576
  },
  "current_params": {
    "N": 750,
    "sr": 0.17677555381707633,
    "lr": 0.001333037975016116,
    "input_scaling": 1.0,
    "ridge": 0.0002792012595686343,
    "seed": 1234
  }
}