{
  "returned_dict": {
    "loss": 10.045284586193185,
    "r2": -3053.568223979324,
    "status": "ok",
    "start_time": 1768138540.9418602,
    "duration": 25.25981378555298
  },
  "current_params": {
    "N": 750,
    "sr": 0.16563823126217705,
    "lr": 0.2767331292218319,
    "input_scaling": 1.0,
    "ridge": 3.182411089750538e-07,
    "seed": 1234
  }
}