{
  "returned_dict": {
    "loss": 10.637608927428667,
    "r2": -3338.7781964842916,
    "status": "ok",
    "start_time": 1768138843.204915,
    "duration": 29.494960069656372
  },
  "current_params": {
    "N": 750,
    "sr": 0.02921722582632424,
    "lr": 0.15990545364669,
    "input_scaling": 1.0,
    "ridge": 5.462273198545746e-07,
    "seed": 1234
  }
}