{
  "returned_dict": {
    "loss": 105.62853537447204,
    "r2": -462125.94535737566,
    "status": "ok",
    "start_time": 1768139354.232141,
    "duration": 25.151586055755615
  },
  "current_params": {
    "N": 750,
    "sr": 6.2188303166381695,
    "lr": 0.0022866556334589835,
    "input_scaling": 1.0,
    "ridge": 1.1322233133565153e-07,
    "seed": 1234
  }
}