{
  "returned_dict": {
    "loss": 11.124118157829564,
    "r2": -3508.427295518942,
    "status": "ok",
    "start_time": 1768138690.9865448,
    "duration": 25.235252380371094
  },
  "current_params": {
    "N": 750,
    "sr": 0.22998030533306218,
    "lr": 0.005540113840184696,
    "input_scaling": 1.0,
    "ridge": 1.348842579246839e-06,
    "seed": 1234
  }
}