{
  "returned_dict": {
    "loss": 12.598581358815952,
    "r2": -4234.594063273047,
    "status": "ok",
    "start_time": 1768138641.9039419,
    "duration": 25.798148155212402
  },
  "current_params": {
    "N": 750,
    "sr": 8.231505603866845,
    "lr": 0.03178509827951928,
    "input_scaling": 1.0,
    "ridge": 1.9727748513404141e-07,
    "seed": 1234
  }
}