{
  "returned_dict": {
    "loss": 12.63460212291388,
    "r2": -5539.061142807541,
    "status": "ok",
    "start_time": 1768140795.3954,
    "duration": 44.14969491958618
  },
  "current_params": {
    "N": 1000,
    "sr": 9.353302772731137,
    "lr": 0.002659424501969943,
    "input_scaling": 1.0,
    "ridge": 0.000108195829112622,
    "seed": 1234
  }
}