{
  "returned_dict": {
    "loss": 12.70035558825811,
    "r2": -5194.751886515692,
    "status": "ok",
    "start_time": 1768138915.824277,
    "duration": 26.059217929840088
  },
  "current_params": {
    "N": 750,
    "sr": 0.06947592031783373,
    "lr": 0.010055186299925807,
    "input_scaling": 1.0,
    "ridge": 3.605371378431569e-07,
    "seed": 1234
  }
}