{
  "returned_dict": {
    "loss": 13.244485849282686,
    "r2": -5368.442197623135,
    "status": "ok",
    "start_time": 1768138841.0447092,
    "duration": 27.687281847000122
  },
  "current_params": {
    "N": 750,
    "sr": 1.2426887077329343,
    "lr": 0.3265432087288488,
    "input_scaling": 1.0,
    "ridge": 2.2980617590884698e-08,
    "seed": 1234
  }
}