{
  "returned_dict": {
    "loss": 13.922578677055075,
    "r2": -5891.439951565379,
    "status": "ok",
    "start_time": 1768138512.6049979,
    "duration": 26.316018104553223
  },
  "current_params": {
    "N": 750,
    "sr": 0.1292346937795108,
    "lr": 0.025625210040238214,
    "input_scaling": 1.0,
    "ridge": 5.072735659008742e-07,
    "seed": 1234
  }
}