{
  "returned_dict": {
    "loss": 14.729767820451064,
    "r2": -6699.156620668841,
    "status": "ok",
    "start_time": 1768138640.7399318,
    "duration": 26.25384020805359
  },
  "current_params": {
    "N": 750,
    "sr": 0.023349296347413367,
    "lr": 0.311413916434373,
    "input_scaling": 1.0,
    "ridge": 2.396397454598891e-07,
    "seed": 1234
  }
}