{
  "returned_dict": {
    "loss": 14.880560739089953,
    "r2": -8471.220117139486,
    "status": "ok",
    "start_time": 1768138514.647694,
    "duration": 26.330232858657837
  },
  "current_params": {
    "N": 750,
    "sr": 1.1155435048867033,
    "lr": 0.002625774647721951,
    "input_scaling": 1.0,
    "ridge": 6.297581872056951e-07,
    "seed": 1234
  }
}