{
  "returned_dict": {
    "loss": 15.226975128422263,
    "r2": -8134.780645101333,
    "status": "ok",
    "start_time": 1768138789.077328,
    "duration": 26.70715093612671
  },
  "current_params": {
    "N": 750,
    "sr": 0.12375878964020982,
    "lr": 0.008776471373427465,
    "input_scaling": 1.0,
    "ridge": 2.6212282364471933e-07,
    "seed": 1234
  }
}