{
  "returned_dict": {
    "loss": 15.219851271279122,
    "r2": -7254.837753091517,
    "status": "ok",
    "start_time": 1768138588.549727,
    "duration": 24.345474004745483
  },
  "current_params": {
    "N": 750,
    "sr": 0.5653194226354679,
    "lr": 0.0890307034139701,
    "input_scaling": 1.0,
    "ridge": 5.754384669328548e-08,
    "seed": 1234
  }
}