{
  "returned_dict": {
    "loss": 15.939344664255794,
    "r2": -8697.021550728055,
    "status": "ok",
    "start_time": 1768138867.686549,
    "duration": 23.770598888397217
  },
  "current_params": {
    "N": 750,
    "sr": 0.033066142975337096,
    "lr": 0.001884356271746419,
    "input_scaling": 1.0,
    "ridge": 4.4853781171139313e-07,
    "seed": 1234
  }
}