{
  "returned_dict": {
    "loss": 15.938303732156083,
    "r2": -6751.363909765236,
    "status": "ok",
    "start_time": 1768138692.2996638,
    "duration": 26.72248601913452
  },
  "current_params": {
    "N": 750,
    "sr": 5.793105230854511,
    "lr": 0.003137582602381543,
    "input_scaling": 1.0,
    "ridge": 3.6515793382446025e-06,
    "seed": 1234
  }
}