{
  "returned_dict": {
    "loss": 16.52947577846848,
    "r2": -7600.090249220613,
    "status": "ok",
    "start_time": 1768138947.614984,
    "duration": 23.274494886398315
  },
  "current_params": {
    "N": 750,
    "sr": 0.5745601736566623,
    "lr": 0.030190473715992715,
    "input_scaling": 1.0,
    "ridge": 5.7152865672238145e-08,
    "seed": 1234
  }
}