{
  "returned_dict": {
    "loss": 16.839779222882438,
    "r2": -8236.144714045939,
    "status": "ok",
    "start_time": 1768138691.4869819,
    "duration": 26.106507062911987
  },
  "current_params": {
    "N": 750,
    "sr": 0.015837133252755608,
    "lr": 0.06071569788119671,
    "input_scaling": 1.0,
    "ridge": 2.0680412529042833e-07,
    "seed": 1234
  }
}