{
  "returned_dict": {
    "loss": 18.802583314868567,
    "r2": -9743.460992976312,
    "status": "ok",
    "start_time": 1768138944.697377,
    "duration": 23.728527069091797
  },
  "current_params": {
    "N": 750,
    "sr": 0.2001414684788225,
    "lr": 0.025584727904081304,
    "input_scaling": 1.0,
    "ridge": 2.2701615532215427e-07,
    "seed": 1234
  }
}