{
  "returned_dict": {
    "loss": 19.729562250944657,
    "r2": -10671.778119155759,
    "status": "ok",
    "start_time": 1768138897.545401,
    "duration": 25.640830039978027
  },
  "current_params": {
    "N": 750,
    "sr": 3.2519741673268676,
    "lr": 0.030368611765517615,
    "input_scaling": 1.0,
    "ridge": 1.103342936438345e-07,
    "seed": 1234
  }
}