{
  "returned_dict": {
    "loss": 2.036875310055869,
    "r2": -120.98221293596353,
    "status": "ok",
    "start_time": 1768138642.600472,
    "duration": 26.310739040374756
  },
  "current_params": {
    "N": 750,
    "sr": 1.0788871508457576,
    "lr": 0.0023200509044234816,
    "input_scaling": 1.0,
    "ridge": 0.00036055322507158827,
    "seed": 1234
  }
}