{
  "returned_dict": {
    "loss": 2.034085424791312,
    "r2": -162.59477886870363,
    "status": "ok",
    "start_time": 1768140663.536587,
    "duration": 11.829007148742676
  },
  "current_params": {
    "N": 500,
    "sr": 3.820825512272091,
    "lr": 0.0024906259682102743,
    "input_scaling": 1.0,
    "ridge": 0.0033839011256011197,
    "seed": 1234
  }
}