{
  "returned_dict": {
    "loss": 2.159983005738515,
    "r2": -186.14039012500183,
    "status": "ok",
    "start_time": 1768138666.314757,
    "duration": 24.49861478805542
  },
  "current_params": {
    "N": 750,
    "sr": 0.15585996754699752,
    "lr": 0.007995508242846599,
    "input_scaling": 1.0,
    "ridge": 0.000249606797456132,
    "seed": 1234
  }
}