{
  "returned_dict": {
    "loss": 2.206236337700614,
    "r2": -162.44607288566561,
    "status": "ok",
    "start_time": 1768138787.288718,
    "duration": 24.96701717376709
  },
  "current_params": {
    "N": 750,
    "sr": 0.01832850472128317,
    "lr": 0.09410005020197783,
    "input_scaling": 1.0,
    "ridge": 5.854296404770791e-05,
    "seed": 1234
  }
}