{
  "returned_dict": {
    "loss": 2.224142900188829,
    "r2": -141.78565286290058,
    "status": "ok",
    "start_time": 1768138763.226687,
    "duration": 24.05071210861206
  },
  "current_params": {
    "N": 750,
    "sr": 3.820825512272091,
    "lr": 0.0024906259682102743,
    "input_scaling": 1.0,
    "ridge": 0.0033839011256011197,
    "seed": 1234
  }
}