{
  "returned_dict": {
    "loss": 2.2548894173376963,
    "r2": -150.78406623285156,
    "status": "ok",
    "start_time": 1768138790.115062,
    "duration": 24.03789496421814
  },
  "current_params": {
    "N": 750,
    "sr": 0.027755567891872914,
    "lr": 0.6432538439268882,
    "input_scaling": 1.0,
    "ridge": 8.732454567198535e-05,
    "seed": 1234
  }
}