{
  "returned_dict": {
    "loss": 2.3358649731264207,
    "r2": -223.53083416419696,
    "status": "ok",
    "start_time": 1768139403.3524191,
    "duration": 24.781951904296875
  },
  "current_params": {
    "N": 750,
    "sr": 0.9306944368964107,
    "lr": 0.0012837726867092948,
    "input_scaling": 1.0,
    "ridge": 1.1190989986943837e-08,
    "seed": 1234
  }
}