{
  "returned_dict": {
    "loss": 2.3529867006153253,
    "r2": -158.9335268480335,
    "status": "ok",
    "start_time": 1768138736.9599109,
    "duration": 24.33527708053589
  },
  "current_params": {
    "N": 750,
    "sr": 2.1726464672820684,
    "lr": 0.0025331250242272784,
    "input_scaling": 1.0,
    "ridge": 0.0006677475811831541,
    "seed": 1234
  }
}