{
  "returned_dict": {
    "loss": 2.4790713408741416,
    "r2": -177.95542378474653,
    "status": "ok",
    "start_time": 1768138897.3840241,
    "duration": 24.53116273880005
  },
  "current_params": {
    "N": 750,
    "sr": 0.36376871355665313,
    "lr": 0.2509638870424022,
    "input_scaling": 1.0,
    "ridge": 6.761705097711677e-06,
    "seed": 1234
  }
}