{
  "returned_dict": {
    "loss": 2.5167564919730916,
    "r2": -190.76743566814758,
    "status": "ok",
    "start_time": 1768138690.181866,
    "duration": 25.54645609855652
  },
  "current_params": {
    "N": 750,
    "sr": 0.6446462668656681,
    "lr": 0.017286803995358296,
    "input_scaling": 1.0,
    "ridge": 2.3316125843766494e-05,
    "seed": 1234
  }
}