{
  "returned_dict": {
    "loss": 2.71397404720851,
    "r2": -272.47150723891764,
    "status": "ok",
    "start_time": 1768138616.639307,
    "duration": 25.184584856033325
  },
  "current_params": {
    "N": 750,
    "sr": 0.03117621966130656,
    "lr": 0.001363740876576532,
    "input_scaling": 1.0,
    "ridge": 8.238981734167042e-05,
    "seed": 1234
  }
}