{
  "returned_dict": {
    "loss": 2.7538491038739266,
    "r2": -328.0307416807507,
    "status": "ok",
    "start_time": 1768162650.822994,
    "duration": 5.792754173278809
  },
  "current_params": {
    "N": 250,
    "sr": 5.948744111847235,
    "lr": 0.0011873492278636358,
    "input_scaling": 1.0,
    "ridge": 0.0009926185361339476,
    "seed": 1234
  }
}