{
  "returned_dict": {
    "loss": 22.047232514820305,
    "r2": -27535.15060077922,
    "status": "ok",
    "start_time": 1768139233.503784,
    "duration": 25.477864027023315
  },
  "current_params": {
    "N": 750,
    "sr": 2.2609468219960505,
    "lr": 0.0011311243507207967,
    "input_scaling": 1.0,
    "ridge": 9.60054684126396e-08,
    "seed": 1234
  }
}