{
  "returned_dict": {
    "loss": 23.265405338489508,
    "r2": -15961.00114130697,
    "status": "ok",
    "start_time": 1768138917.1978009,
    "duration": 28.2696750164032
  },
  "current_params": {
    "N": 750,
    "sr": 0.028896064442928984,
    "lr": 0.0634630914437396,
    "input_scaling": 1.0,
    "ridge": 1.1941338317488496e-07,
    "seed": 1234
  }
}