{
  "returned_dict": {
    "loss": 23.635625821011395,
    "r2": -20441.828458114913,
    "status": "ok",
    "start_time": 1768139258.14423,
    "duration": 24.893359184265137
  },
  "current_params": {
    "N": 750,
    "sr": 5.793105230854511,
    "lr": 0.003137582602381543,
    "input_scaling": 1.0,
    "ridge": 3.6515793382446025e-06,
    "seed": 1234
  }
}