{
  "returned_dict": {
    "loss": 25.528164760344215,
    "r2": -18757.820230747937,
    "status": "ok",
    "start_time": 1768138692.0594282,
    "duration": 24.841911792755127
  },
  "current_params": {
    "N": 750,
    "sr": 2.978465482177734,
    "lr": 0.00853108014164544,
    "input_scaling": 1.0,
    "ridge": 1.971729784039379e-07,
    "seed": 1234
  }
}