{
  "returned_dict": {
    "loss": 25.766164346778794,
    "r2": -29658.60004059815,
    "status": "ok",
    "start_time": 1768138667.655406,
    "duration": 23.321532011032104
  },
  "current_params": {
    "N": 750,
    "sr": 0.7978575058857071,
    "lr": 0.002078223307878056,
    "input_scaling": 1.0,
    "ridge": 1.8325522812976814e-07,
    "seed": 1234
  }
}