{
  "returned_dict": {
    "loss": 26.849604431689887,
    "r2": -29335.61430903308,
    "status": "ok",
    "start_time": 1768138515.114293,
    "duration": 25.79610800743103
  },
  "current_params": {
    "N": 750,
    "sr": 0.5084211256775242,
    "lr": 0.0026265821854959317,
    "input_scaling": 1.0,
    "ridge": 1.0734224197563891e-07,
    "seed": 1234
  }
}