{
  "returned_dict": {
    "loss": 27.263955861588833,
    "r2": -22645.854537140745,
    "status": "ok",
    "start_time": 1768138763.729311,
    "duration": 23.820811986923218
  },
  "current_params": {
    "N": 750,
    "sr": 0.019288002101606385,
    "lr": 0.15036504369063552,
    "input_scaling": 1.0,
    "ridge": 5.7602186560039466e-08,
    "seed": 1234
  }
}