{
  "returned_dict": {
    "loss": 27.998284602710307,
    "r2": -23760.559998866294,
    "status": "ok",
    "start_time": 1768138717.596426,
    "duration": 26.024016857147217
  },
  "current_params": {
    "N": 750,
    "sr": 0.014318106861362007,
    "lr": 0.5950118390634017,
    "input_scaling": 1.0,
    "ridge": 7.798629248613347e-08,
    "seed": 1234
  }
}