{
  "returned_dict": {
    "loss": 29.467998624673054,
    "r2": -25061.62602932676,
    "status": "ok",
    "start_time": 1768138816.796792,
    "duration": 28.679553031921387
  },
  "current_params": {
    "N": 750,
    "sr": 0.0122179546727092,
    "lr": 0.005278179725185935,
    "input_scaling": 1.0,
    "ridge": 1.9372999912277716e-07,
    "seed": 1234
  }
}