{
  "returned_dict": {
    "loss": 3.0011105300935266,
    "r2": -328.9647972416984,
    "status": "ok",
    "start_time": 1768138871.6060958,
    "duration": 25.935899257659912
  },
  "current_params": {
    "N": 750,
    "sr": 0.027881553609692133,
    "lr": 0.033501034286955195,
    "input_scaling": 1.0,
    "ridge": 4.3282218852093095e-05,
    "seed": 1234
  }
}