{
  "returned_dict": {
    "loss": 3.2588839064476476,
    "r2": -441.17721470122785,
    "status": "ok",
    "start_time": 1768140582.742912,
    "duration": 13.040549755096436
  },
  "current_params": {
    "N": 500,
    "sr": 4.204226666408188,
    "lr": 0.0038842215832221158,
    "input_scaling": 1.0,
    "ridge": 6.207447513438074e-06,
    "seed": 1234
  }
}