{
  "returned_dict": {
    "loss": 3.2620010970203994,
    "r2": -355.58957920458727,
    "status": "ok",
    "start_time": 1768138891.896789,
    "duration": 25.29833173751831
  },
  "current_params": {
    "N": 750,
    "sr": 0.08935579723335595,
    "lr": 0.0012828607057795718,
    "input_scaling": 1.0,
    "ridge": 5.8290851227162094e-05,
    "seed": 1234
  }
}