{
  "returned_dict": {
    "loss": 3.3252855692929657,
    "r2": -389.4099674333116,
    "status": "ok",
    "start_time": 1768138740.6304939,
    "duration": 23.066728115081787
  },
  "current_params": {
    "N": 750,
    "sr": 0.02626063557115879,
    "lr": 0.027141373534149478,
    "input_scaling": 1.0,
    "ridge": 5.6494259092098665e-05,
    "seed": 1234
  }
}