{
  "returned_dict": {
    "loss": 3.436512686447055,
    "r2": -422.67321349597387,
    "status": "ok",
    "start_time": 1768139329.930828,
    "duration": 25.35871386528015
  },
  "current_params": {
    "N": 750,
    "sr": 3.820825512272091,
    "lr": 0.0024906259682102743,
    "input_scaling": 1.0,
    "ridge": 0.0033839011256011197,
    "seed": 1234
  }
}