{
  "returned_dict": {
    "loss": 3.4721863573736655,
    "r2": -351.31574783970837,
    "status": "ok",
    "start_time": 1768138616.044561,
    "duration": 25.85191011428833
  },
  "current_params": {
    "N": 750,
    "sr": 0.08941629659134291,
    "lr": 0.7222676861585459,
    "input_scaling": 1.0,
    "ridge": 4.152030578080214e-06,
    "seed": 1234
  }
}