{
  "returned_dict": {
    "loss": 3.4781166480842414,
    "r2": -930.223083627054,
    "status": "ok",
    "start_time": 1768162739.3149078,
    "duration": 12.246009111404419
  },
  "current_params": {
    "N": 500,
    "sr": 2.527055477778857,
    "lr": 0.001402462086162791,
    "input_scaling": 1.0,
    "ridge": 1.2906733832733832e-06,
    "seed": 1234
  }
}