{
  "returned_dict": {
    "loss": 3.4829893024293144,
    "r2": -433.6855371121239,
    "status": "ok",
    "start_time": 1768138873.363581,
    "duration": 23.026381969451904
  },
  "current_params": {
    "N": 750,
    "sr": 0.06826948667230226,
    "lr": 0.008205665539603195,
    "input_scaling": 1.0,
    "ridge": 7.097884419918828e-05,
    "seed": 1234
  }
}