{
  "returned_dict": {
    "loss": 3.4875136371131377,
    "r2": -383.7243936485446,
    "status": "ok",
    "start_time": 1768138591.571208,
    "duration": 24.820713996887207
  },
  "current_params": {
    "N": 750,
    "sr": 2.229490785517752,
    "lr": 0.0017708835338265268,
    "input_scaling": 1.0,
    "ridge": 0.00023984185670010942,
    "seed": 1234
  }
}