{
  "returned_dict": {
    "loss": 3.66300033965664,
    "r2": -420.21326882219466,
    "status": "ok",
    "start_time": 1768138812.268489,
    "duration": 26.97507929801941
  },
  "current_params": {
    "N": 750,
    "sr": 1.1436393639538363,
    "lr": 0.001088699585736292,
    "input_scaling": 1.0,
    "ridge": 0.0001227048295721046,
    "seed": 1234
  }
}