{
  "returned_dict": {
    "loss": 3.741987830906061,
    "r2": -411.886419025621,
    "status": "ok",
    "start_time": 1768138744.313181,
    "duration": 24.67224907875061
  },
  "current_params": {
    "N": 750,
    "sr": 0.39643028820321224,
    "lr": 0.07920505279755201,
    "input_scaling": 1.0,
    "ridge": 3.921033273015646e-06,
    "seed": 1234
  }
}