{
  "returned_dict": {
    "loss": 3.905558191557495,
    "r2": -465.06946323355476,
    "status": "ok",
    "start_time": 1768138484.278794,
    "duration": 30.362579822540283
  },
  "current_params": {
    "N": 750,
    "sr": 2.1634680763066214,
    "lr": 0.0038363314625091895,
    "input_scaling": 1.0,
    "ridge": 0.00015866788529011412,
    "seed": 1234
  }
}