{
  "returned_dict": {
    "loss": 3.953151861688884,
    "r2": -626.6934067334562,
    "status": "ok",
    "start_time": 1768162719.928229,
    "duration": 12.430179834365845
  },
  "current_params": {
    "N": 500,
    "sr": 9.353302772731137,
    "lr": 0.002659424501969943,
    "input_scaling": 1.0,
    "ridge": 0.000108195829112622,
    "seed": 1234
  }
}