{
  "returned_dict": {
    "loss": 30.97307624599594,
    "r2": -27209.274753731926,
    "status": "ok",
    "start_time": 1768138642.0910132,
    "duration": 25.510406732559204
  },
  "current_params": {
    "N": 750,
    "sr": 0.011010546189317025,
    "lr": 0.004886164566862709,
    "input_scaling": 1.0,
    "ridge": 1.5360309271896526e-07,
    "seed": 1234
  }
}