{
  "returned_dict": {
    "loss": 32.02313461329411,
    "r2": -31348.582362666504,
    "status": "ok",
    "start_time": 1768138915.8000052,
    "duration": 27.919973850250244
  },
  "current_params": {
    "N": 750,
    "sr": 0.016450437072020846,
    "lr": 0.33572186970050344,
    "input_scaling": 1.0,
    "ridge": 3.163087836916913e-08,
    "seed": 1234
  }
}