{
  "returned_dict": {
    "loss": 32.375742606036496,
    "r2": -32759.954063483485,
    "status": "ok",
    "start_time": 1768138839.2920718,
    "duration": 29.966143131256104
  },
  "current_params": {
    "N": 750,
    "sr": 0.051958722173646436,
    "lr": 0.35336743881078886,
    "input_scaling": 1.0,
    "ridge": 3.274066237655756e-08,
    "seed": 1234
  }
}