{
  "returned_dict": {
    "loss": 32.93471199878117,
    "r2": -50272.98630637714,
    "status": "ok",
    "start_time": 1768140864.907316,
    "duration": 25.18551015853882
  },
  "current_params": {
    "N": 750,
    "sr": 2.527055477778857,
    "lr": 0.001402462086162791,
    "input_scaling": 1.0,
    "ridge": 1.2906733832733832e-06,
    "seed": 1234
  }
}