{
  "returned_dict": {
    "loss": 34.42907417023606,
    "r2": -32893.04908096233,
    "status": "ok",
    "start_time": 1768138945.474828,
    "duration": 23.80002999305725
  },
  "current_params": {
    "N": 750,
    "sr": 0.03489634619066483,
    "lr": 0.526393922495625,
    "input_scaling": 1.0,
    "ridge": 2.522561718625873e-08,
    "seed": 1234
  }
}