{
  "returned_dict": {
    "loss": 37.44377434482525,
    "r2": -39192.185056612725,
    "status": "ok",
    "start_time": 1768138592.102771,
    "duration": 24.511640071868896
  },
  "current_params": {
    "N": 750,
    "sr": 0.3647683993236962,
    "lr": 0.020736448664669373,
    "input_scaling": 1.0,
    "ridge": 1.5649797375398334e-08,
    "seed": 1234
  }
}