{
  "returned_dict": {
    "loss": 39.40767756199441,
    "r2": -44482.56634784166,
    "status": "ok",
    "start_time": 1768138484.253864,
    "duration": 30.199161052703857
  },
  "current_params": {
    "N": 750,
    "sr": 0.04805251969157461,
    "lr": 0.04610567249984423,
    "input_scaling": 1.0,
    "ridge": 3.7527990062557076e-08,
    "seed": 1234
  }
}