{
  "returned_dict": {
    "loss": 4.04811182016838,
    "r2": -463.6505701489984,
    "status": "ok",
    "start_time": 1768138566.155155,
    "duration": 25.795634269714355
  },
  "current_params": {
    "N": 750,
    "sr": 1.4147202418743061,
    "lr": 0.022288688076120708,
    "input_scaling": 1.0,
    "ridge": 2.81951270957204e-06,
    "seed": 1234
  }
}