{
  "returned_dict": {
    "loss": 4.086515253808033,
    "r2": -512.8803470312588,
    "status": "ok",
    "start_time": 1768138812.536892,
    "duration": 27.502969980239868
  },
  "current_params": {
    "N": 750,
    "sr": 2.9936328346131766,
    "lr": 0.007692669531503114,
    "input_scaling": 1.0,
    "ridge": 0.00013394692134927676,
    "seed": 1234
  }
}