{
  "returned_dict": {
    "loss": 4.1691126054388,
    "r2": -1233.148222946597,
    "status": "ok",
    "start_time": 1768140577.013181,
    "duration": 13.690746068954468
  },
  "current_params": {
    "N": 500,
    "sr": 6.463078808691592,
    "lr": 0.005283378505602193,
    "input_scaling": 1.0,
    "ridge": 1.272979446801603e-07,
    "seed": 1234
  }
}