{
  "returned_dict": {
    "loss": 4.17490736143088,
    "r2": -471.097848581879,
    "status": "ok",
    "start_time": 1768138663.724292,
    "duration": 24.360684156417847
  },
  "current_params": {
    "N": 750,
    "sr": 1.2100053956614596,
    "lr": 0.0553796016700982,
    "input_scaling": 1.0,
    "ridge": 6.280306871071298e-07,
    "seed": 1234
  }
}