{
  "returned_dict": {
    "loss": 4.209733154528844,
    "r2": -538.3306656586826,
    "status": "ok",
    "start_time": 1768138538.813958,
    "duration": 26.672677040100098
  },
  "current_params": {
    "N": 750,
    "sr": 0.20424534522558244,
    "lr": 0.004403054067781239,
    "input_scaling": 1.0,
    "ridge": 4.7507020490758014e-05,
    "seed": 1234
  }
}