{
  "returned_dict": {
    "loss": 4.355055425920403,
    "r2": -547.9579023526269,
    "status": "ok",
    "start_time": 1768138667.62411,
    "duration": 24.66997504234314
  },
  "current_params": {
    "N": 750,
    "sr": 5.948744111847235,
    "lr": 0.0011873492278636358,
    "input_scaling": 1.0,
    "ridge": 0.0009926185361339476,
    "seed": 1234
  }
}