{
  "returned_dict": {
    "loss": 4.466034883710141,
    "r2": -579.3056425674516,
    "status": "ok",
    "start_time": 1768138740.320394,
    "duration": 25.25536584854126
  },
  "current_params": {
    "N": 750,
    "sr": 0.14297775983881209,
    "lr": 0.08292582745449953,
    "input_scaling": 1.0,
    "ridge": 2.501323466445205e-06,
    "seed": 1234
  }
}