{
  "returned_dict": {
    "loss": 4.5276408562252355,
    "r2": -1185.5918311346747,
    "status": "ok",
    "start_time": 1768140578.708333,
    "duration": 12.89421010017395
  },
  "current_params": {
    "N": 500,
    "sr": 3.114139164343731,
    "lr": 0.0028830551485457827,
    "input_scaling": 1.0,
    "ridge": 4.1059605600132664e-07,
    "seed": 1234
  }
}