{
  "returned_dict": {
    "loss": 4.627978258297286,
    "r2": -762.7270816884495,
    "status": "ok",
    "start_time": 1768138716.907049,
    "duration": 24.113198041915894
  },
  "current_params": {
    "N": 750,
    "sr": 0.17733206733987247,
    "lr": 0.0014052783639104387,
    "input_scaling": 1.0,
    "ridge": 2.3042375314273655e-05,
    "seed": 1234
  }
}