{
  "returned_dict": {
    "loss": 40.08957444714552,
    "r2": -50629.993169384325,
    "status": "ok",
    "start_time": 1768138872.712826,
    "duration": 24.657032012939453
  },
  "current_params": {
    "N": 750,
    "sr": 0.26454903911797406,
    "lr": 0.0022785186022463346,
    "input_scaling": 1.0,
    "ridge": 1.610094953684224e-07,
    "seed": 1234
  }
}