{
  "returned_dict": {
    "loss": 45.13211668439876,
    "r2": -70867.72027529962,
    "status": "ok",
    "start_time": 1768138916.0158641,
    "duration": 27.826918840408325
  },
  "current_params": {
    "N": 750,
    "sr": 0.08743395210791248,
    "lr": 0.16907433976256875,
    "input_scaling": 1.0,
    "ridge": 1.3556437995835483e-08,
    "seed": 1234
  }
}