{
  "returned_dict": {
    "loss": 46.00456151873273,
    "r2": -69486.61090464616,
    "status": "ok",
    "start_time": 1768138590.160605,
    "duration": 24.760511875152588
  },
  "current_params": {
    "N": 750,
    "sr": 0.0976300781606285,
    "lr": 0.0027137670596893487,
    "input_scaling": 1.0,
    "ridge": 8.523671612468386e-08,
    "seed": 1234
  }
}