{
  "returned_dict": {
    "loss": 5.129724404710781,
    "r2": -952.6588207786477,
    "status": "ok",
    "start_time": 1768164298.135375,
    "duration": 12.304507970809937
  },
  "current_params": {
    "N": 500,
    "sr": 9.353302772731137,
    "lr": 0.002659424501969943,
    "input_scaling": 1.0,
    "ridge": 0.000108195829112622,
    "seed": 1234
  }
}