{
  "returned_dict": {
    "loss": 5.158226421492688,
    "r2": -1047.0023631325107,
    "status": "ok",
    "start_time": 1768140865.926985,
    "duration": 5.34187388420105
  },
  "current_params": {
    "N": 250,
    "sr": 3.7529770951705053,
    "lr": 0.0010315739697417136,
    "input_scaling": 1.0,
    "ridge": 0.0004282171720319695,
    "seed": 1234
  }
}