{
  "returned_dict": {
    "loss": 5.9880129743176935,
    "r2": -1163.2850992599647,
    "status": "ok",
    "start_time": 1768138740.7558599,
    "duration": 24.12380814552307
  },
  "current_params": {
    "N": 750,
    "sr": 0.0498551263892747,
    "lr": 0.012662965695252416,
    "input_scaling": 1.0,
    "ridge": 1.9839560559869082e-05,
    "seed": 1234
  }
}