{
  "returned_dict": {
    "loss": 51.24700370593298,
    "r2": -77438.36583290454,
    "status": "ok",
    "start_time": 1768138564.550336,
    "duration": 25.530304193496704
  },
  "current_params": {
    "N": 750,
    "sr": 0.1217412710307626,
    "lr": 0.0018321024604076933,
    "input_scaling": 1.0,
    "ridge": 1.1535943467157484e-07,
    "seed": 1234
  }
}