{
  "returned_dict": {
    "loss": 6.079159710253881,
    "r2": -997.4250747987114,
    "status": "ok",
    "start_time": 1768138943.728449,
    "duration": 25.723942756652832
  },
  "current_params": {
    "N": 750,
    "sr": 9.353302772731137,
    "lr": 0.002659424501969943,
    "input_scaling": 1.0,
    "ridge": 0.000108195829112622,
    "seed": 1234
  }
}