{
  "returned_dict": {
    "loss": 6.375281844422601,
    "r2": -1119.5270710031455,
    "status": "ok",
    "start_time": 1768138514.645256,
    "duration": 23.758278131484985
  },
  "current_params": {
    "N": 750,
    "sr": 2.595930568326185,
    "lr": 0.01453567275679802,
    "input_scaling": 1.0,
    "ridge": 3.935074286228142e-06,
    "seed": 1234
  }
}