{
  "returned_dict": {
    "loss": 6.392703782324327,
    "r2": -1127.1355695450986,
    "status": "ok",
    "start_time": 1768138640.453093,
    "duration": 27.181253910064697
  },
  "current_params": {
    "N": 750,
    "sr": 0.06128886062256174,
    "lr": 0.646307880869159,
    "input_scaling": 1.0,
    "ridge": 1.4748069483281698e-06,
    "seed": 1234
  }
}