{
  "returned_dict": {
    "loss": 6.442053511765908,
    "r2": -1514.6281957088954,
    "status": "ok",
    "start_time": 1768138691.423106,
    "duration": 25.867923974990845
  },
  "current_params": {
    "N": 750,
    "sr": 1.7299870043752206,
    "lr": 0.28164775268213155,
    "input_scaling": 1.0,
    "ridge": 8.861407708908452e-08,
    "seed": 1234
  }
}