{
  "returned_dict": {
    "loss": 6.766902137781505,
    "r2": -1504.7090291286092,
    "status": "ok",
    "start_time": 1768138970.908021,
    "duration": 24.72408699989319
  },
  "current_params": {
    "N": 750,
    "sr": 0.7807225456920129,
    "lr": 0.003408158212969955,
    "input_scaling": 1.0,
    "ridge": 1.1212455191713488e-05,
    "seed": 1234
  }
}