{
  "returned_dict": {
    "loss": 6.773053214690256,
    "r2": -2348.5247900798254,
    "status": "ok",
    "start_time": 1768163109.8380349,
    "duration": 12.19063115119934
  },
  "current_params": {
    "N": 500,
    "sr": 2.527055477778857,
    "lr": 0.001402462086162791,
    "input_scaling": 1.0,
    "ridge": 1.2906733832733832e-06,
    "seed": 1234
  }
}