{
  "returned_dict": {
    "loss": 6.797975461247441,
    "r2": -1717.9535200359926,
    "status": "ok",
    "start_time": 1768140562.662318,
    "duration": 28.133292198181152
  },
  "current_params": {
    "N": 750,
    "sr": 4.880702266127432,
    "lr": 0.0026347976474360526,
    "input_scaling": 1.0,
    "ridge": 0.0009690033798366761,
    "seed": 1234
  }
}