{
  "returned_dict": {
    "loss": 6.909761737345311,
    "r2": -3335.527773351308,
    "status": "ok",
    "start_time": 1768163023.613156,
    "duration": 6.002914905548096
  },
  "current_params": {
    "N": 250,
    "sr": 5.948744111847235,
    "lr": 0.0011873492278636358,
    "input_scaling": 1.0,
    "ridge": 0.0009926185361339476,
    "seed": 1234
  }
}