{
  "returned_dict": {
    "loss": 6.980980788596106,
    "r2": -2626.1397143040385,
    "status": "ok",
    "start_time": 1768140616.79809,
    "duration": 14.207356929779053
  },
  "current_params": {
    "N": 500,
    "sr": 2.8164775268213162,
    "lr": 0.0020693513731576897,
    "input_scaling": 1.0,
    "ridge": 3.9721872456949846e-08,
    "seed": 1234
  }
}