{
  "returned_dict": {
    "loss": 61.63974423526855,
    "r2": -108019.59235491665,
    "status": "ok",
    "start_time": 1768138538.405519,
    "duration": 28.068864107131958
  },
  "current_params": {
    "N": 750,
    "sr": 0.4760159250588601,
    "lr": 0.008163009354557887,
    "input_scaling": 1.0,
    "ridge": 1.893915119463457e-08,
    "seed": 1234
  }
}