{
  "returned_dict": {
    "loss": 67.413493192842,
    "r2": -140420.0701016178,
    "status": "ok",
    "start_time": 1768138712.111538,
    "duration": 24.84261393547058
  },
  "current_params": {
    "N": 750,
    "sr": 0.014661764094400388,
    "lr": 0.003341368797968041,
    "input_scaling": 1.0,
    "ridge": 3.022994754874629e-08,
    "seed": 1234
  }
}