{
  "returned_dict": {
    "loss": 68.81345683985784,
    "r2": -182832.60303910743,
    "status": "ok",
    "start_time": 1768138715.736104,
    "duration": 24.89077091217041
  },
  "current_params": {
    "N": 750,
    "sr": 3.5759783473511844,
    "lr": 0.0013502842004185843,
    "input_scaling": 1.0,
    "ridge": 4.300170607424655e-07,
    "seed": 1234
  }
}