{
  "returned_dict": {
    "loss": 7.012521177059412,
    "r2": -1391.4638390780187,
    "status": "ok",
    "start_time": 1768138484.265723,
    "duration": 29.923733949661255
  },
  "current_params": {
    "N": 750,
    "sr": 1.9205212018125561,
    "lr": 0.22813552366256107,
    "input_scaling": 1.0,
    "ridge": 1.42240311292679e-07,
    "seed": 1234
  }
}