{
  "returned_dict": {
    "loss": 7.066386517773616,
    "r2": -1336.0760559361845,
    "status": "ok",
    "start_time": 1768138591.9901812,
    "duration": 24.04536771774292
  },
  "current_params": {
    "N": 750,
    "sr": 0.2633105154074936,
    "lr": 0.006323055434023884,
    "input_scaling": 1.0,
    "ridge": 9.640975430416673e-06,
    "seed": 1234
  }
}