{
  "returned_dict": {
    "loss": 7.318435033497098,
    "r2": -2225.9082125608484,
    "status": "ok",
    "start_time": 1768140854.412821,
    "duration": 12.486024856567383
  },
  "current_params": {
    "N": 500,
    "sr": 2.9359541690267354,
    "lr": 0.0012909582034248376,
    "input_scaling": 1.0,
    "ridge": 2.2611067775087426e-05,
    "seed": 1234
  }
}