{
  "returned_dict": {
    "loss": 7.68186212596334,
    "r2": -1637.1453043254164,
    "status": "ok",
    "start_time": 1768138868.745225,
    "duration": 26.45116114616394
  },
  "current_params": {
    "N": 750,
    "sr": 0.8113813599259383,
    "lr": 0.052148215297897024,
    "input_scaling": 1.0,
    "ridge": 2.0238219039082883e-07,
    "seed": 1234
  }
}