{
  "returned_dict": {
    "loss": 8.242690146082186,
    "r2": -2377.189167810175,
    "status": "ok",
    "start_time": 1768139503.043602,
    "duration": 24.898298025131226
  },
  "current_params": {
    "N": 750,
    "sr": 9.353302772731137,
    "lr": 0.002659424501969943,
    "input_scaling": 1.0,
    "ridge": 0.000108195829112622,
    "seed": 1234
  }
}