{
  "returned_dict": {
    "loss": 8.749127326156138,
    "r2": -2253.648472907509,
    "status": "ok",
    "start_time": 1768138514.3609788,
    "duration": 23.77339816093445
  },
  "current_params": {
    "N": 750,
    "sr": 0.024533782794538352,
    "lr": 0.026737129446658965,
    "input_scaling": 1.0,
    "ridge": 1.1020064627542845e-06,
    "seed": 1234
  }
}