{
  "returned_dict": {
    "loss": 80.55086669071383,
    "r2": -181461.6833862725,
    "status": "ok",
    "start_time": 1768138785.896039,
    "duration": 24.368563175201416
  },
  "current_params": {
    "N": 750,
    "sr": 6.2188303166381695,
    "lr": 0.0022866556334589835,
    "input_scaling": 1.0,
    "ridge": 1.1322233133565153e-07,
    "seed": 1234
  }
}