{
  "returned_dict": {
    "loss": 83.22630378072272,
    "r2": -201432.64597608586,
    "status": "ok",
    "start_time": 1768138668.915405,
    "duration": 23.936764001846313
  },
  "current_params": {
    "N": 750,
    "sr": 2.2609468219960505,
    "lr": 0.0011311243507207967,
    "input_scaling": 1.0,
    "ridge": 9.60054684126396e-08,
    "seed": 1234
  }
}