{
  "returned_dict": {
    "loss": 86.28512990661268,
    "r2": -323876.8618730236,
    "status": "ok",
    "start_time": 1768139281.576871,
    "duration": 24.691017150878906
  },
  "current_params": {
    "N": 750,
    "sr": 3.5759783473511844,
    "lr": 0.0013502842004185843,
    "input_scaling": 1.0,
    "ridge": 4.300170607424655e-07,
    "seed": 1234
  }
}