{
  "returned_dict": {
    "loss": 9.257156051654947,
    "r2": -3607.9981614214644,
    "status": "ok",
    "start_time": 1768139106.0001721,
    "duration": 26.5309419631958
  },
  "current_params": {
    "N": 750,
    "sr": 3.6325300845526476,
    "lr": 0.0050329018104216675,
    "input_scaling": 1.0,
    "ridge": 3.3475315217554276e-08,
    "seed": 1234
  }
}