{
  "returned_dict": {
    "loss": 9.980392765071766,
    "r2": -3485.1178232283455,
    "status": "ok",
    "start_time": 1768139232.590147,
    "duration": 24.776885986328125
  },
  "current_params": {
    "N": 750,
    "sr": 5.948744111847235,
    "lr": 0.0011873492278636358,
    "input_scaling": 1.0,
    "ridge": 0.0009926185361339476,
    "seed": 1234
  }
}