{
  "returned_dict": {
    "loss": 9.98115999417298,
    "r2": -3485.6907045446947,
    "status": "ok",
    "start_time": 1768140596.893632,
    "duration": 24.847130060195923
  },
  "current_params": {
    "N": 750,
    "sr": 5.948744111847235,
    "lr": 0.0011873492278636358,
    "input_scaling": 1.0,
    "ridge": 0.0009926185361339476,
    "seed": 1234
  }
}