{
  "returned_dict": {
    "loss": 90.18747871381613,
    "r2": -226559.68458784968,
    "status": "ok",
    "start_time": 1768138538.92838,
    "duration": 27.217747926712036
  },
  "current_params": {
    "N": 750,
    "sr": 3.6325300845526476,
    "lr": 0.0050329018104216675,
    "input_scaling": 1.0,
    "ridge": 3.3475315217554276e-08,
    "seed": 1234
  }
}