{
  "returned_dict": {
    "loss": 94.87293073183125,
    "r2": -289799.1348588543,
    "status": "ok",
    "start_time": 1768138692.859375,
    "duration": 26.23284101486206
  },
  "current_params": {
    "N": 750,
    "sr": 0.02889616347437487,
    "lr": 0.0022205992612427225,
    "input_scaling": 1.0,
    "ridge": 1.550001601976941e-08,
    "seed": 1234
  }
}