{
  "returned_dict": {
    "loss": 96.12901812858954,
    "r2": -307751.8924656949,
    "status": "ok",
    "start_time": 1768138838.194784,
    "duration": 27.85181713104248
  },
  "current_params": {
    "N": 750,
    "sr": 0.9306944368964107,
    "lr": 0.0012837726867092948,
    "input_scaling": 1.0,
    "ridge": 1.1190989986943837e-08,
    "seed": 1234
  }
}